Trip_ID,VendorID,City,Pickup_Date,Pickup_Time,Dropoff_Time,Weekday,Month,Peak_Hour,Trip_Distance_km,Trip_Duration_min,Passenger_Count,Pickup_Zone,Dropoff_Zone,Pickup_Borough,Dropoff_Borough,Pickup_Latitude,Pickup_Longitude,Dropoff_Latitude,Dropoff_Longitude,Fare_Amount_INR,Tip_Amount_INR,Toll_Amount_INR,Total_Amount_INR,Payment_Method,Vehicle_Type,Driver_Rating,Ride_Status,Data_Source
TRIP000001,Rapido,Delhi,2025-12-10,21:30:00,22:58:00,Wednesday,December,Off-Peak,20.29,88.0,1,Delhi Central,Delhi West,Delhi Central,Delhi West,28.52595,77.26765,28.60805,77.11108,415.48,0.0,0,415.48,UPI,Bike,4.7,Completed,Synthetic proxy (no real dataset exists for this city)
TRIP000002,Rapido,Delhi,2026-01-29,05:19:00,05:24:24,Thursday,January,Off-Peak,1.19,5.4,4,Delhi South,Delhi East,Delhi South,Delhi East,28.62962,77.17532,28.54662,77.27195,62.38,0.0,0,62.38,Wallet,eBike,4.0,Completed,Synthetic proxy (no real dataset exists for this city)
TRIP000003,Rapido,Delhi,2026-01-09,21:08:00,21:13:12,Friday,January,Off-Peak,1.58,5.2,1,Delhi West,Delhi North,Delhi West,Delhi North,28.67993,77.2932,28.53257,77.22375,66.76,6.68,0,73.44,Wallet,Prime Sedan,4.5,Completed,Synthetic proxy (no real dataset exists for this city)
TRIP000004,Rapido,Delhi,2026-01-03,08:09:00,08:49:42,Saturday,January,Peak,9.38,40.7,1,Delhi East,Delhi North,Delhi East,Delhi North,28.62491,77.114,28.70847,77.20844,213.61,0.0,0,213.61,UPI,Auto,3.5,Completed,Synthetic proxy (no real dataset exists for this city)
TRIP000005,Ola,Delhi,2026-02-28,10:59:00,11:20:24,Saturday,February,Off-Peak,5.19,21.4,1,Delhi South,Delhi West,Delhi South,Delhi West,28.58943,77.16365,28.69681,77.24642,134.38,0.0,0,134.38,Cash,eBike,3.8,Completed,Synthetic proxy (no real dataset exists for this city)
TRIP000006,Rapido,Delhi,2026-01-31,17:36:00,17:51:42,Saturday,January,Off-Peak,3.66,15.7,1,Delhi East,Delhi Central,Delhi East,Delhi Central,28.57725,77.17842,28.60547,77.3094,107.47,0.0,0,107.47,UPI,Prime SUV,5.0,Completed,Synthetic proxy (no real dataset exists for this city)
TRIP000007,Rapido,Delhi,2026-01-31,19:56:00,20:05:12,Saturday,January,Peak,1.91,9.2,1,Delhi South,Delhi West,Delhi South,Delhi West,28.69306,77.22752,28.51552,77.30259,76.72,0.0,0,76.72,UPI,Mini,4.6,Completed,Synthetic proxy (no real dataset exists for this city)
TRIP000008,Rapido,Delhi,2026-02-04,18:54:00,18:56:36,Wednesday,February,Peak,0.5,2.6,1,Delhi East,Delhi South,Delhi East,Delhi South,28.68397,77.14478,28.51573,77.1429,49.9,0.0,0,49.9,Card,Prime SUV,3.6,Completed,Synthetic proxy (no real dataset exists for this city)
TRIP000009,Uber,Delhi,2026-01-21,03:36:00,04:05:36,Wednesday,January,Off-Peak,5.03,29.6,2,Delhi West,Delhi Central,Delhi West,Delhi Central,28.57563,77.12376,28.7084,77.24614,144.76,0.0,0,144.76,Wallet,Prime SUV,3.8,Completed,Synthetic proxy (no real dataset exists for this city)
TRIP000010,Rapido,Delhi,2025-12-21,16:42:00,17:48:06,Sunday,December,Off-Peak,19.88,66.1,1,Delhi North,Delhi West,Delhi North,Delhi West,28.57874,77.14691,28.51436,77.1611,377.71,0.0,0,377.71,UPI,Bike,4.1,Completed,Synthetic proxy (no real dataset exists for this city)
TRIP000011,Local Fleet,Delhi,2025-12-11,03:34:00,04:13:36,Thursday,December,Off-Peak,8.65,39.6,1,Delhi East,Delhi North,Delhi East,Delhi North,28.65234,77.23854,28.68605,77.27053,203.2,0.0,0,203.2,Wallet,Prime SUV,4.3,Completed,Synthetic proxy (no real dataset exists for this city)
TRIP000012,Ola,Delhi,2026-02-05,00:37:00,00:55:54,Thursday,February,Off-Peak,3.84,18.9,4,Delhi West,Delhi North,Delhi West,Delhi North,28.51208,77.14241,28.53046,77.11881,114.43,0.0,0,114.43,Cash,Bike,4.8,Completed,Synthetic proxy (no real dataset exists for this city)
TRIP000013,Rapido,Delhi,2026-02-08,21:26:00,22:15:24,Sunday,February,Off-Peak,14.74,49.4,2,Delhi East,Delhi West,Delhi East,Delhi West,28.58494,77.17709,28.70863,77.30711,290.98,0.0,0,290.98,UPI,Auto,4.7,Cancelled by Driver,Synthetic proxy (no real dataset exists for this city)
TRIP000014,Rapido,Delhi,2026-02-10,04:35:00,04:37:00,Tuesday,February,Off-Peak,0.54,2.0,3,Delhi South,Delhi East,Delhi South,Delhi East,28.52406,77.28794,28.54975,77.26138,49.48,0.0,0,49.48,UPI,Prime SUV,4.0,Incomplete,Synthetic proxy (no real dataset exists for this city)
TRIP000015,Uber,Delhi,2026-02-17,00:54:00,00:59:00,Tuesday,February,Off-Peak,1.35,5.0,4,Delhi South,Delhi Central,Delhi South,Delhi Central,28.64166,77.18576,28.58017,77.13161,63.7,0.0,0,63.7,UPI,Mini,4.0,Completed,Synthetic proxy (no real dataset exists for this city)
TRIP000016,Local Fleet,Delhi,2025-12-02,16:37:00,16:39:36,Tuesday,December,Off-Peak,0.59,2.6,4,Delhi North,Delhi North,Delhi North,Delhi North,28.61565,77.23563,28.69962,77.21774,50.98,0.0,0,50.98,Cash,Prime SUV,4.1,Completed,Synthetic proxy (no real dataset exists for this city)
TRIP000017,Rapido,Delhi,2026-02-20,08:56:00,09:24:06,Friday,February,Peak,5.18,28.1,3,Delhi East,Delhi West,Delhi East,Delhi West,28.56801,77.19069,28.67072,77.2374,144.31,0.0,0,144.31,UPI,Mini,4.4,Completed,Synthetic proxy (no real dataset exists for this city)
TRIP000018,Ola,Delhi,2025-12-23,03:37:00,03:57:36,Tuesday,December,Off-Peak,4.52,20.6,4,Delhi West,Delhi North,Delhi West,Delhi North,28.58602,77.12289,28.70759,77.23476,125.14,0.0,0,125.14,Wallet,eBike,3.7,Cancelled by Driver,Synthetic proxy (no real dataset exists for this city)
TRIP000019,Uber,Delhi,2026-02-18,04:45:00,04:53:54,Wednesday,February,Off-Peak,1.89,8.9,2,Delhi West,Delhi East,Delhi West,Delhi East,28.59047,77.11427,28.63203,77.19463,76.03,0.0,0,76.03,Wallet,Auto,4.6,Completed,Synthetic proxy (no real dataset exists for this city)
TRIP000020,Rapido,Delhi,2025-12-24,22:36:00,22:42:42,Wednesday,December,Off-Peak,1.39,6.7,1,Delhi West,Delhi West,Delhi West,Delhi West,28.55084,77.15965,28.54837,77.14163,66.73,3.34,0,70.07,Wallet,Bike,3.5,Completed,Synthetic proxy (no real dataset exists for this city)
TRIP000021,Rapido,Delhi,2026-02-14,19:03:00,19:19:30,Saturday,February,Peak,3.65,16.5,1,Delhi Central,Delhi West,Delhi Central,Delhi West,28.56491,77.15448,28.57651,77.18063,108.55,0.0,0,108.55,UPI,Prime Sedan,4.7,Completed,Synthetic proxy (no real dataset exists for this city)
TRIP000022,Ola,Delhi,2026-01-20,03:01:00,04:18:00,Tuesday,January,Off-Peak,18.93,77.0,4,Delhi West,Delhi South,Delhi West,Delhi South,28.51625,77.12978,28.57697,77.12479,382.66,0.0,60,442.66,Wallet,eBike,4.8,Completed,Synthetic proxy (no real dataset exists for this city)
TRIP000023,Uber,Delhi,2025-12-04,02:32:00,03:38:48,Thursday,December,Off-Peak,12.42,66.8,2,Delhi East,Delhi South,Delhi East,Delhi South,28.51038,77.29728,28.6954,77.24351,289.24,0.0,0,289.24,Cash,Mini,3.6,Completed,Synthetic proxy (no real dataset exists for this city)
TRIP000024,Uber,Delhi,2026-01-27,02:06:00,02:09:00,Tuesday,January,Off-Peak,0.5,3.0,3,Delhi West,Delhi Central,Delhi West,Delhi Central,28.54,77.16824,28.62602,77.27519,50.5,0.0,0,50.5,UPI,eBike,4.0,Completed,Synthetic proxy (no real dataset exists for this city)
TRIP000025,Uber,Delhi,2026-02-10,06:54:00,07:01:30,Tuesday,February,Off-Peak,1.58,7.5,1,Delhi Central,Delhi Central,Delhi Central,Delhi Central,28.59521,77.28788,28.62467,77.30308,70.21,0.0,0,70.21,UPI,eBike,4.3,Completed,Synthetic proxy (no real dataset exists for this city)
TRIP000026,Local Fleet,Delhi,2026-02-19,22:44:00,23:20:54,Thursday,February,Off-Peak,7.37,36.9,2,Delhi West,Delhi West,Delhi West,Delhi West,28.6943,77.20831,28.65582,77.1854,183.79,0.0,40,223.79,UPI,Bike,4.2,Completed,Synthetic proxy (no real dataset exists for this city)
TRIP000027,Uber,Delhi,2026-02-27,18:28:00,19:22:12,Friday,February,Peak,10.27,54.2,1,Delhi South,Delhi Central,Delhi South,Delhi Central,28.55356,77.19522,28.70439,77.27535,244.54,0.0,0,244.54,UPI,Auto,4.6,Completed,Synthetic proxy (no real dataset exists for this city)
TRIP000028,Rapido,Delhi,2025-12-28,00:23:00,00:36:06,Sunday,December,Off-Peak,2.33,13.1,1,Delhi West,Delhi North,Delhi West,Delhi North,28.53612,77.11637,28.56469,77.29019,87.61,0.0,0,87.61,UPI,Prime Sedan,4.0,Completed,Synthetic proxy (no real dataset exists for this city)
TRIP000029,Ola,Delhi,2026-01-06,08:39:00,09:17:42,Tuesday,January,Peak,10.05,38.7,4,Delhi West,Delhi West,Delhi West,Delhi West,28.62795,77.14069,28.53054,77.21465,218.65,0.0,0,218.65,Cash,Prime Sedan,3.6,Completed,Synthetic proxy (no real dataset exists for this city)
TRIP000030,Uber,Delhi,2026-01-21,21:53:00,21:55:24,Wednesday,January,Off-Peak,0.74,2.4,1,Delhi Central,Delhi Central,Delhi Central,Delhi Central,28.54339,77.16481,28.55779,77.20975,52.48,0.0,0,52.48,UPI,eBike,3.6,Cancelled by Driver,Synthetic proxy (no real dataset exists for this city)
TRIP000031,Local Fleet,Delhi,2026-01-19,08:32:00,08:35:06,Monday,January,Peak,0.92,3.1,1,Delhi North,Delhi Central,Delhi North,Delhi Central,28.66123,77.17284,28.70574,77.2617,55.69,0.0,0,55.69,UPI,Bike,3.6,Completed,Synthetic proxy (no real dataset exists for this city)
TRIP000032,Uber,Delhi,2026-01-06,11:11:00,11:21:48,Tuesday,January,Off-Peak,2.64,10.8,2,Delhi West,Delhi South,Delhi West,Delhi South,28.52046,77.2996,28.62424,77.20554,87.88,0.0,40,127.88,Card,Prime Sedan,3.7,Completed,Synthetic proxy (no real dataset exists for this city)
TRIP000033,Ola,Delhi,2026-01-22,11:19:00,11:20:30,Thursday,January,Off-Peak,0.5,1.5,1,Delhi Central,Delhi West,Delhi Central,Delhi West,28.70636,77.27708,28.59263,77.23328,48.25,0.0,0,48.25,UPI,eBike,4.7,Completed,Synthetic proxy (no real dataset exists for this city)
TRIP000034,Ola,Delhi,2026-01-22,11:39:00,12:03:48,Thursday,January,Off-Peak,6.5,24.8,1,Delhi East,Delhi Central,Delhi East,Delhi Central,28.62497,77.20326,28.63943,77.20325,155.2,7.76,0,162.96,Cash,eBike,4.8,Completed,Synthetic proxy (no real dataset exists for this city)
TRIP000035,Rapido,Delhi,2026-01-25,19:23:00,19:32:24,Sunday,January,Peak,2.67,9.4,2,Delhi South,Delhi North,Delhi South,Delhi North,28.64113,77.13828,28.52881,77.17901,86.14,0.0,0,86.14,Card,Prime SUV,3.7,Completed,Synthetic proxy (no real dataset exists for this city)
TRIP000036,Uber,Delhi,2025-12-13,21:31:00,22:57:30,Saturday,December,Off-Peak,16.08,86.5,2,Delhi West,Delhi East,Delhi West,Delhi East,28.58384,77.17689,28.6878,77.2069,362.71,0.0,0,362.71,Card,eBike,4.1,Completed,Synthetic proxy (no real dataset exists for this city)
TRIP000037,Ola,Delhi,2026-01-31,03:49:00,04:16:36,Saturday,January,Off-Peak,4.85,27.6,1,Delhi North,Delhi South,Delhi North,Delhi South,28.53134,77.13685,28.6774,77.25995,139.6,0.0,0,139.6,UPI,Bike,3.6,Completed,Synthetic proxy (no real dataset exists for this city)
TRIP000038,Local Fleet,Delhi,2026-01-30,03:38:00,03:40:42,Friday,January,Off-Peak,0.84,2.7,1,Delhi East,Delhi Central,Delhi East,Delhi Central,28.62801,77.22006,28.632,77.24913,54.13,0.0,0,54.13,Wallet,eBike,4.9,Completed,Synthetic proxy (no real dataset exists for this city)
TRIP000039,Local Fleet,Delhi,2026-02-21,01:09:00,01:23:00,Saturday,February,Off-Peak,3.06,14.0,1,Delhi North,Delhi West,Delhi North,Delhi West,28.59109,77.30373,28.55034,77.22592,97.72,0.0,0,97.72,UPI,Prime SUV,4.6,Completed,Synthetic proxy (no real dataset exists for this city)
TRIP000040,Uber,Delhi,2026-01-09,20:29:00,20:31:54,Friday,January,Off-Peak,0.5,2.9,1,Delhi West,Delhi South,Delhi West,Delhi South,28.65148,77.30478,28.5785,77.21423,50.35,0.0,0,50.35,UPI,Auto,4.0,Completed,Synthetic proxy (no real dataset exists for this city)
TRIP000041,Uber,Delhi,2026-02-08,11:46:00,11:48:18,Sunday,February,Off-Peak,0.5,2.3,1,Delhi West,Delhi West,Delhi West,Delhi West,28.64788,77.22084,28.69796,77.2916,49.45,0.0,0,49.45,Cash,Prime SUV,4.2,Completed,Synthetic proxy (no real dataset exists for this city)
TRIP000042,Ola,Delhi,2025-12-20,19:24:00,19:29:06,Saturday,December,Peak,0.99,5.1,1,Delhi South,Delhi South,Delhi South,Delhi South,28.70442,77.11872,28.52877,77.13473,59.53,0.0,0,59.53,UPI,Auto,4.7,Completed,Synthetic proxy (no real dataset exists for this city)
TRIP000043,Rapido,Delhi,2026-02-09,16:14:00,16:34:36,Monday,February,Off-Peak,5.05,20.6,4,Delhi West,Delhi East,Delhi West,Delhi East,28.53876,77.15262,28.58032,77.16829,131.5,0.0,0,131.5,Cash,Mini,4.3,Completed,Synthetic proxy (no real dataset exists for this city)
TRIP000044,Rapido,Delhi,2026-02-01,22:52:00,23:05:42,Sunday,February,Off-Peak,2.82,13.7,1,Delhi South,Delhi West,Delhi South,Delhi West,28.54258,77.13342,28.62178,77.17009,94.39,4.72,0,99.11,Wallet,Auto,4.6,Completed,Synthetic proxy (no real dataset exists for this city)
TRIP000045,Uber,Delhi,2025-12-22,08:20:00,08:24:06,Monday,December,Peak,0.69,4.1,1,Delhi Central,Delhi South,Delhi Central,Delhi South,28.59314,77.28495,28.52281,77.28714,54.43,0.0,0,54.43,UPI,Mini,3.6,Cancelled by Customer,Synthetic proxy (no real dataset exists for this city)
TRIP000046,Local Fleet,Delhi,2025-12-31,09:56:00,10:14:48,Wednesday,December,Peak,3.88,18.8,1,Delhi Central,Delhi North,Delhi Central,Delhi North,28.66073,77.27953,28.63393,77.21029,114.76,0.0,0,114.76,UPI,Auto,4.1,Completed,Synthetic proxy (no real dataset exists for this city)
TRIP000047,Local Fleet,Delhi,2026-02-27,19:55:00,20:12:12,Friday,February,Peak,4.01,17.2,3,Delhi South,Delhi Central,Delhi South,Delhi Central,28.53872,77.30573,28.51906,77.20355,113.92,0.0,40,153.92,UPI,Prime SUV,4.4,Completed,Synthetic proxy (no real dataset exists for this city)
TRIP000048,Uber,Delhi,2025-12-22,16:58:00,17:02:12,Monday,December,Off-Peak,0.98,4.2,2,Delhi South,Delhi Central,Delhi South,Delhi Central,28.51464,77.27504,28.67819,77.25927,58.06,0.0,60,118.06,UPI,Mini,4.2,Completed,Synthetic proxy (no real dataset exists for this city)
TRIP000049,Ola,Delhi,2026-01-30,10:17:00,10:41:54,Friday,January,Off-Peak,4.3,24.9,3,Delhi South,Delhi East,Delhi South,Delhi East,28.53771,77.15323,28.62257,77.2634,128.95,0.0,0,128.95,UPI,Prime Sedan,4.5,Completed,Synthetic proxy (no real dataset exists for this city)
TRIP000050,Local Fleet,Delhi,2026-01-15,01:05:00,01:14:06,Thursday,January,Off-Peak,2.94,9.1,4,Delhi West,Delhi North,Delhi West,Delhi North,28.62744,77.22951,28.57043,77.12582,88.93,0.0,0,88.93,Wallet,Prime Sedan,4.0,Completed,Synthetic proxy (no real dataset exists for this city)
TRIP000051,Uber,Delhi,2025-12-24,20:47:00,21:11:30,Wednesday,December,Off-Peak,4.95,24.5,3,Delhi East,Delhi North,Delhi East,Delhi North,28.52714,77.16364,28.57424,77.21954,136.15,0.0,0,136.15,Card,Mini,4.1,Completed,Synthetic proxy (no real dataset exists for this city)
TRIP000052,Local Fleet,Delhi,2026-01-08,08:33:00,08:52:06,Thursday,January,Peak,5.02,19.1,1,Delhi West,Delhi West,Delhi West,Delhi West,28.64586,77.16885,28.59831,77.27136,128.89,0.0,0,128.89,UPI,Auto,3.5,Cancelled by Customer,Synthetic proxy (no real dataset exists for this city)
TRIP000053,Ola,Delhi,2026-02-10,06:42:00,06:44:30,Tuesday,February,Off-Peak,0.64,2.5,4,Delhi Central,Delhi North,Delhi Central,Delhi North,28.55366,77.11503,28.63075,77.25283,51.43,2.57,0,54.0,Card,eBike,3.5,Completed,Synthetic proxy (no real dataset exists for this city)
TRIP000054,Rapido,Delhi,2026-01-22,08:44:00,08:58:18,Thursday,January,Peak,2.9,14.3,1,Delhi East,Delhi North,Delhi East,Delhi North,28.58843,77.11651,28.58182,77.27968,96.25,9.62,0,105.87,UPI,Prime SUV,4.8,Completed,Synthetic proxy (no real dataset exists for this city)
TRIP000055,Local Fleet,Delhi,2025-12-25,01:49:00,01:55:42,Thursday,December,Off-Peak,1.22,6.7,1,Delhi Central,Delhi North,Delhi Central,Delhi North,28.58078,77.29669,28.52085,77.14052,64.69,0.0,0,64.69,UPI,Prime SUV,4.5,Completed,Synthetic proxy (no real dataset exists for this city)
TRIP000056,Ola,Delhi,2026-02-03,13:19:00,13:29:00,Tuesday,February,Off-Peak,2.2,10.0,1,Delhi West,Delhi South,Delhi West,Delhi South,28.6243,77.22185,28.57141,77.12949,81.4,0.0,0,81.4,Card,Auto,4.5,Completed,Synthetic proxy (no real dataset exists for this city)
TRIP000057,Local Fleet,Delhi,2025-12-31,03:01:00,03:27:00,Wednesday,December,Off-Peak,6.31,26.0,1,Delhi North,Delhi Central,Delhi North,Delhi Central,28.65079,77.25003,28.69315,77.17979,154.72,0.0,0,154.72,Cash,eBike,5.0,Completed,Synthetic proxy (no real dataset exists for this city)
TRIP000058,Uber,Delhi,2025-12-02,04:07:00,04:12:54,Tuesday,December,Off-Peak,1.21,5.9,3,Delhi North,Delhi South,Delhi North,Delhi South,28.53385,77.22578,28.5747,77.22106,63.37,0.0,0,63.37,UPI,eBike,4.7,Completed,Synthetic proxy (no real dataset exists for this city)
TRIP000059,Ola,Delhi,2026-02-11,22:09:00,22:11:06,Wednesday,February,Off-Peak,0.5,2.1,1,Delhi East,Delhi West,Delhi East,Delhi West,28.5601,77.27263,28.53576,77.29515,49.15,0.0,0,49.15,UPI,eBike,4.5,Completed,Synthetic proxy (no real dataset exists for this city)
TRIP000060,Rapido,Delhi,2026-02-13,05:42:00,06:02:48,Friday,February,Off-Peak,4.64,20.8,1,Delhi East,Delhi North,Delhi East,Delhi North,28.52468,77.19984,28.637,77.14812,126.88,0.0,0,126.88,Cash,Mini,3.8,Completed,Synthetic proxy (no real dataset exists for this city)
TRIP000061,Uber,Delhi,2026-02-15,03:56:00,04:47:54,Sunday,February,Off-Peak,8.68,51.9,1,Delhi West,Delhi North,Delhi West,Delhi North,28.57915,77.1955,28.65534,77.15232,222.01,0.0,0,222.01,UPI,Mini,4.7,Completed,Synthetic proxy (no real dataset exists for this city)
TRIP000062,Ola,Delhi,2026-01-06,10:16:00,10:19:48,Tuesday,January,Off-Peak,0.89,3.8,1,Delhi South,Delhi South,Delhi South,Delhi South,28.51169,77.22936,28.52124,77.28151,56.38,0.0,0,56.38,Card,Mini,3.6,Completed,Synthetic proxy (no real dataset exists for this city)
TRIP000063,Local Fleet,Delhi,2026-02-12,11:48:00,11:52:24,Thursday,February,Off-Peak,1.26,4.4,3,Delhi East,Delhi North,Delhi East,Delhi North,28.62083,77.23184,28.60402,77.17495,61.72,0.0,0,61.72,UPI,Auto,4.5,Completed,Synthetic proxy (no real dataset exists for this city)
TRIP000064,Uber,Delhi,2025-12-31,03:26:00,03:54:30,Wednesday,December,Off-Peak,5.72,28.5,1,Delhi North,Delhi East,Delhi North,Delhi East,28.69223,77.25794,28.6445,77.21402,151.39,0.0,0,151.39,UPI,Prime SUV,4.0,Completed,Synthetic proxy (no real dataset exists for this city)
TRIP000065,Rapido,Delhi,2026-02-07,22:43:00,22:54:54,Saturday,February,Off-Peak,2.11,11.9,1,Delhi East,Delhi West,Delhi East,Delhi West,28.57359,77.30408,28.68535,77.15998,83.17,4.16,0,87.33,UPI,Bike,3.8,Completed,Synthetic proxy (no real dataset exists for this city)
TRIP000066,Local Fleet,Delhi,2026-01-25,17:31:00,17:57:06,Sunday,January,Off-Peak,5.15,26.1,1,Delhi North,Delhi West,Delhi North,Delhi West,28.52472,77.18003,28.63479,77.14847,140.95,0.0,0,140.95,UPI,Prime SUV,4.3,Completed,Synthetic proxy (no real dataset exists for this city)
TRIP000067,Rapido,Delhi,2026-01-05,21:56:00,22:27:54,Monday,January,Off-Peak,6.22,31.9,4,Delhi South,Delhi Central,Delhi South,Delhi Central,28.55361,77.15282,28.52705,77.28929,162.49,0.0,0,162.49,Wallet,Prime Sedan,4.2,Completed,Synthetic proxy (no real dataset exists for this city)
TRIP000068,Rapido,Delhi,2026-01-07,18:16:00,18:41:24,Wednesday,January,Peak,7.0,25.4,1,Delhi East,Delhi West,Delhi East,Delhi West,28.65346,77.306,28.5407,77.29538,162.1,0.0,0,162.1,UPI,Mini,4.8,Completed,Synthetic proxy (no real dataset exists for this city)
TRIP000069,Local Fleet,Delhi,2025-12-14,09:14:00,09:22:00,Sunday,December,Peak,1.92,8.0,2,Delhi North,Delhi North,Delhi North,Delhi North,28.69021,77.25027,28.62787,77.16615,75.04,0.0,0,75.04,UPI,Mini,4.6,Completed,Synthetic proxy (no real dataset exists for this city)
TRIP000070,Rapido,Delhi,2026-01-23,03:22:00,03:39:36,Friday,January,Off-Peak,3.11,17.6,3,Delhi South,Delhi North,Delhi South,Delhi North,28.5168,77.27853,28.56297,77.1818,103.72,5.19,0,108.91,Card,Prime Sedan,4.3,Completed,Synthetic proxy (no real dataset exists for this city)
TRIP000071,Local Fleet,Delhi,2026-01-09,01:29:00,01:41:48,Friday,January,Off-Peak,2.55,12.8,2,Delhi North,Delhi Central,Delhi North,Delhi Central,28.5765,77.1394,28.68469,77.15243,89.8,0.0,0,89.8,UPI,Prime Sedan,4.0,Completed,Synthetic proxy (no real dataset exists for this city)
TRIP000072,Ola,Delhi,2025-12-24,08:27:00,09:03:48,Wednesday,December,Peak,9.24,36.8,1,Delhi South,Delhi North,Delhi South,Delhi North,28.60069,77.26174,28.59413,77.1494,206.08,0.0,0,206.08,UPI,Mini,3.6,Completed,Synthetic proxy (no real dataset exists for this city)
TRIP000073,Rapido,Delhi,2025-12-16,03:34:00,03:43:30,Tuesday,December,Off-Peak,2.43,9.5,1,Delhi Central,Delhi North,Delhi Central,Delhi North,28.58025,77.2175,28.65981,77.13251,83.41,8.34,0,91.75,Card,Auto,4.1,Completed,Synthetic proxy (no real dataset exists for this city)
TRIP000074,Rapido,Delhi,2026-02-12,20:13:00,20:16:06,Thursday,February,Off-Peak,0.69,3.1,2,Delhi South,Delhi North,Delhi South,Delhi North,28.56456,77.27489,28.68849,77.18011,52.93,0.0,0,52.93,Cash,eBike,4.0,Completed,Synthetic proxy (no real dataset exists for this city)
TRIP000075,Rapido,Delhi,2026-02-03,19:35:00,19:47:42,Tuesday,February,Peak,2.19,12.7,1,Delhi East,Delhi East,Delhi East,Delhi East,28.63942,77.30326,28.67865,77.21531,85.33,0.0,0,85.33,UPI,Auto,3.9,Completed,Synthetic proxy (no real dataset exists for this city)
TRIP000076,Local Fleet,Delhi,2026-02-22,12:39:00,13:00:06,Sunday,February,Off-Peak,4.07,21.1,2,Delhi West,Delhi East,Delhi West,Delhi East,28.60614,77.19895,28.61626,77.22963,120.49,0.0,0,120.49,Cash,Prime Sedan,4.5,Completed,Synthetic proxy (no real dataset exists for this city)
TRIP000077,Rapido,Delhi,2026-02-25,02:19:00,02:43:12,Wednesday,February,Off-Peak,7.95,24.2,1,Delhi Central,Delhi North,Delhi Central,Delhi North,28.64069,77.22143,28.52291,77.23435,171.7,0.0,0,171.7,Card,Prime Sedan,4.6,Completed,Synthetic proxy (no real dataset exists for this city)
TRIP000078,Rapido,Delhi,2025-12-16,17:12:00,17:14:48,Tuesday,December,Off-Peak,0.5,2.8,1,Delhi East,Delhi South,Delhi East,Delhi South,28.62055,77.15773,28.63707,77.28075,50.2,0.0,0,50.2,UPI,eBike,3.5,Completed,Synthetic proxy (no real dataset exists for this city)
TRIP000079,Uber,Delhi,2026-02-15,11:56:00,12:21:30,Sunday,February,Off-Peak,5.25,25.5,1,Delhi Central,Delhi South,Delhi Central,Delhi South,28.63417,77.29891,28.64204,77.24363,141.25,0.0,0,141.25,Wallet,eBike,3.6,Completed,Synthetic proxy (no real dataset exists for this city)
TRIP000080,Local Fleet,Delhi,2025-12-02,14:19:00,14:26:36,Tuesday,December,Off-Peak,1.97,7.6,3,Delhi West,Delhi Central,Delhi West,Delhi Central,28.69798,77.30605,28.67798,77.30808,75.04,0.0,0,75.04,UPI,Bike,4.1,Completed,Synthetic proxy (no real dataset exists for this city)
TRIP000081,Ola,Delhi,2026-02-16,14:42:00,15:03:06,Monday,February,Off-Peak,4.17,21.1,1,Delhi West,Delhi South,Delhi West,Delhi South,28.69873,77.15647,28.52174,77.2407,121.69,0.0,0,121.69,Cash,Bike,4.2,Completed,Synthetic proxy (no real dataset exists for this city)
TRIP000082,Rapido,Delhi,2026-01-10,07:27:00,07:31:00,Saturday,January,Off-Peak,0.73,4.0,3,Delhi Central,Delhi North,Delhi Central,Delhi North,28.62944,77.28585,28.60868,77.14299,54.76,0.0,0,54.76,UPI,Prime Sedan,3.8,Completed,Synthetic proxy (no real dataset exists for this city)
TRIP000083,Ola,Delhi,2025-12-09,13:14:00,13:36:24,Tuesday,December,Off-Peak,4.37,22.4,1,Delhi Central,Delhi North,Delhi Central,Delhi North,28.65854,77.30997,28.65211,77.24561,126.04,12.6,40,178.64,Cash,Prime Sedan,4.7,Completed,Synthetic proxy (no real dataset exists for this city)
TRIP000084,Rapido,Delhi,2026-01-09,07:56:00,07:58:36,Friday,January,Off-Peak,0.5,2.6,3,Delhi South,Delhi South,Delhi South,Delhi South,28.58228,77.29117,28.70875,77.19437,49.9,2.5,0,52.4,UPI,eBike,4.2,Completed,Synthetic proxy (no real dataset exists for this city)
TRIP000085,Rapido,Delhi,2025-12-16,04:26:00,05:03:06,Tuesday,December,Off-Peak,7.22,37.1,2,Delhi West,Delhi East,Delhi West,Delhi East,28.57672,77.2419,28.69158,77.15692,182.29,0.0,0,182.29,UPI,Auto,3.7,Completed,Synthetic proxy (no real dataset exists for this city)
TRIP000086,Rapido,Delhi,2026-02-01,11:17:00,11:18:42,Sunday,February,Off-Peak,0.5,1.7,1,Delhi East,Delhi East,Delhi East,Delhi East,28.61336,77.23476,28.55794,77.11197,48.55,4.86,0,53.41,UPI,eBike,4.8,Completed,Synthetic proxy (no real dataset exists for this city)
TRIP000087,Uber,Delhi,2026-02-10,15:20:00,15:29:12,Tuesday,February,Off-Peak,1.6,9.2,2,Delhi West,Delhi South,Delhi West,Delhi South,28.63831,77.27069,28.56654,77.19982,73.0,7.3,0,80.3,UPI,eBike,4.8,Completed,Synthetic proxy (no real dataset exists for this city)
TRIP000088,Local Fleet,Delhi,2025-12-31,06:08:00,06:27:24,Wednesday,December,Off-Peak,4.75,19.4,2,Delhi North,Delhi South,Delhi North,Delhi South,28.67591,77.16056,28.61256,77.24827,126.1,0.0,0,126.1,UPI,Prime Sedan,4.0,Completed,Synthetic proxy (no real dataset exists for this city)
TRIP000089,Rapido,Delhi,2026-02-13,10:52:00,11:26:30,Friday,February,Off-Peak,6.95,34.5,1,Delhi West,Delhi Central,Delhi West,Delhi Central,28.54032,77.29975,28.55937,77.21033,175.15,0.0,0,175.15,UPI,Prime SUV,3.9,Completed,Synthetic proxy (no real dataset exists for this city)
TRIP000090,Ola,Delhi,2026-02-02,06:21:00,06:29:24,Monday,February,Off-Peak,2.17,8.4,4,Delhi South,Delhi South,Delhi South,Delhi South,28.65168,77.20311,28.54006,77.19381,78.64,0.0,0,78.64,UPI,Bike,3.5,Completed,Synthetic proxy (no real dataset exists for this city)
TRIP000091,Ola,Delhi,2026-01-29,06:00:00,06:02:48,Thursday,January,Off-Peak,0.5,2.8,3,Delhi East,Delhi East,Delhi East,Delhi East,28.68045,77.22937,28.62588,77.24183,50.2,5.02,0,55.22,Card,Prime Sedan,4.0,Completed,Synthetic proxy (no real dataset exists for this city)
TRIP000092,Uber,Delhi,2025-12-09,21:37:00,22:37:36,Tuesday,December,Off-Peak,11.14,60.6,4,Delhi North,Delhi North,Delhi North,Delhi North,28.70345,77.20725,28.67467,77.26392,264.58,0.0,0,264.58,Cash,Prime Sedan,4.0,Completed,Synthetic proxy (no real dataset exists for this city)
TRIP000093,Local Fleet,Delhi,2026-01-18,14:52:00,15:22:00,Sunday,January,Off-Peak,6.7,30.0,1,Delhi East,Delhi East,Delhi East,Delhi East,28.51307,77.19142,28.61155,77.16945,165.4,8.27,0,173.67,UPI,Mini,4.6,Cancelled by Driver,Synthetic proxy (no real dataset exists for this city)
TRIP000094,Rapido,Delhi,2026-01-09,11:38:00,11:44:36,Friday,January,Off-Peak,1.24,6.6,1,Delhi East,Delhi North,Delhi East,Delhi North,28.65595,77.11273,28.69756,77.19904,64.78,6.48,40,111.26,UPI,eBike,4.2,Completed,Synthetic proxy (no real dataset exists for this city)
TRIP000095,Uber,Delhi,2026-01-21,06:04:00,06:11:00,Wednesday,January,Off-Peak,1.7,7.0,3,Delhi South,Delhi Central,Delhi South,Delhi Central,28.58321,77.23419,28.69487,77.2251,70.9,7.09,0,77.99,Cash,Mini,4.7,Completed,Synthetic proxy (no real dataset exists for this city)
TRIP000096,Local Fleet,Delhi,2025-12-22,18:11:00,18:13:24,Monday,December,Peak,0.5,2.4,1,Delhi South,Delhi North,Delhi South,Delhi North,28.56866,77.26251,28.66115,77.20396,49.6,0.0,0,49.6,Cash,Prime Sedan,4.4,Completed,Synthetic proxy (no real dataset exists for this city)
TRIP000097,Local Fleet,Delhi,2026-01-27,07:01:00,07:15:24,Tuesday,January,Off-Peak,3.13,14.4,2,Delhi East,Delhi South,Delhi East,Delhi South,28.58951,77.24494,28.58569,77.14999,99.16,0.0,0,99.16,Card,Prime SUV,3.6,Completed,Synthetic proxy (no real dataset exists for this city)
TRIP000098,Local Fleet,Delhi,2026-01-17,13:36:00,14:15:06,Saturday,January,Off-Peak,9.58,39.1,3,Delhi Central,Delhi North,Delhi Central,Delhi North,28.70334,77.16653,28.54083,77.1675,213.61,0.0,0,213.61,Cash,Mini,4.0,Completed,Synthetic proxy (no real dataset exists for this city)
TRIP000099,Ola,Delhi,2026-01-11,10:52:00,10:56:30,Sunday,January,Off-Peak,1.15,4.5,2,Delhi North,Delhi South,Delhi North,Delhi South,28.62363,77.11123,28.55185,77.2898,60.55,0.0,0,60.55,UPI,Mini,4.8,Completed,Synthetic proxy (no real dataset exists for this city)
TRIP000100,Uber,Delhi,2025-12-29,14:28:00,14:30:36,Monday,December,Off-Peak,0.5,2.6,4,Delhi North,Delhi North,Delhi North,Delhi North,28.52095,77.26917,28.63522,77.29453,49.9,2.5,0,52.4,UPI,Prime Sedan,3.9,Cancelled by Driver,Synthetic proxy (no real dataset exists for this city)
TRIP000101,Uber,Delhi,2026-02-21,10:04:00,12:15:36,Saturday,February,Off-Peak,31.21,131.6,4,Delhi East,Delhi East,Delhi East,Delhi East,28.62664,77.22538,28.5254,77.26074,611.92,0.0,0,611.92,Wallet,Bike,3.9,Completed,Synthetic proxy (no real dataset exists for this city)
TRIP000102,Ola,Delhi,2026-02-19,15:57:00,16:20:12,Thursday,February,Off-Peak,4.49,23.2,2,Delhi North,Delhi South,Delhi North,Delhi South,28.63408,77.19463,28.63464,77.19037,128.68,0.0,0,128.68,Card,Mini,5.0,Completed,Synthetic proxy (no real dataset exists for this city)
TRIP000103,Ola,Delhi,2026-01-20,14:46:00,14:51:42,Tuesday,January,Off-Peak,1.5,5.7,3,Delhi North,Delhi North,Delhi North,Delhi North,28.64193,77.26196,28.54855,77.14545,66.55,0.0,40,106.55,UPI,Bike,3.7,Completed,Synthetic proxy (no real dataset exists for this city)
TRIP000104,Local Fleet,Delhi,2026-02-03,13:00:00,13:35:12,Tuesday,February,Off-Peak,6.58,35.2,1,Delhi West,Delhi East,Delhi West,Delhi East,28.59767,77.23653,28.60739,77.29947,171.76,0.0,0,171.76,UPI,Bike,4.5,Completed,Synthetic proxy (no real dataset exists for this city)
TRIP000105,Local Fleet,Delhi,2025-12-06,07:13:00,07:34:18,Saturday,December,Off-Peak,3.83,21.3,1,Delhi South,Delhi West,Delhi South,Delhi West,28.57356,77.2758,28.51061,77.23893,117.91,11.79,0,129.7,Cash,Prime SUV,3.8,Completed,Synthetic proxy (no real dataset exists for this city)
TRIP000106,Rapido,Delhi,2026-01-06,01:50:00,02:02:18,Tuesday,January,Off-Peak,2.44,12.3,2,Delhi East,Delhi West,Delhi East,Delhi West,28.53193,77.12497,28.58481,77.2096,87.73,0.0,0,87.73,Cash,Prime SUV,4.4,Completed,Synthetic proxy (no real dataset exists for this city)
TRIP000107,Local Fleet,Delhi,2025-12-14,14:23:00,14:44:12,Sunday,December,Off-Peak,4.09,21.2,1,Delhi South,Delhi Central,Delhi South,Delhi Central,28.63412,77.27821,28.65607,77.20257,120.88,0.0,0,120.88,Wallet,Prime SUV,4.4,Completed,Synthetic proxy (no real dataset exists for this city)
TRIP000108,Uber,Delhi,2026-01-17,10:50:00,11:26:30,Saturday,January,Off-Peak,6.39,36.5,1,Delhi North,Delhi West,Delhi North,Delhi West,28.6108,77.11225,28.56229,77.17466,171.43,0.0,0,171.43,Card,Auto,4.8,Completed,Synthetic proxy (no real dataset exists for this city)
TRIP000109,Ola,Delhi,2025-12-22,18:13:00,18:14:54,Monday,December,Peak,0.55,1.9,1,Delhi West,Delhi West,Delhi West,Delhi West,28.54194,77.25366,28.6757,77.17281,49.45,0.0,0,49.45,UPI,Mini,3.9,Completed,Synthetic proxy (no real dataset exists for this city)
TRIP000110,Local Fleet,Delhi,2026-02-17,14:27:00,15:01:30,Tuesday,February,Off-Peak,6.91,34.5,4,Delhi North,Delhi West,Delhi North,Delhi West,28.58646,77.15824,28.5535,77.17048,174.67,0.0,0,174.67,Card,eBike,4.0,Completed,Synthetic proxy (no real dataset exists for this city)
TRIP000111,Ola,Delhi,2026-01-13,03:03:00,03:34:00,Tuesday,January,Off-Peak,9.32,31.0,1,Delhi West,Delhi West,Delhi West,Delhi West,28.53358,77.15516,28.56233,77.12353,198.34,0.0,0,198.34,UPI,eBike,4.1,Completed,Synthetic proxy (no real dataset exists for this city)
TRIP000112,Ola,Delhi,2026-02-16,00:21:00,00:23:12,Monday,February,Off-Peak,0.5,2.2,4,Delhi East,Delhi North,Delhi East,Delhi North,28.55836,77.12665,28.67837,77.15989,49.3,0.0,0,49.3,UPI,Auto,5.0,Completed,Synthetic proxy (no real dataset exists for this city)
TRIP000113,Uber,Delhi,2025-12-30,07:51:00,08:25:36,Tuesday,December,Off-Peak,8.25,34.6,1,Delhi Central,Delhi East,Delhi Central,Delhi East,28.54415,77.20504,28.6694,77.17813,190.9,19.09,0,209.99,Wallet,eBike,3.8,Completed,Synthetic proxy (no real dataset exists for this city)
TRIP000114,Uber,Delhi,2025-12-21,01:48:00,02:10:06,Sunday,December,Off-Peak,5.94,22.1,1,Delhi South,Delhi West,Delhi South,Delhi West,28.56186,77.27545,28.59359,77.14513,144.43,0.0,0,144.43,UPI,eBike,3.8,Completed,Synthetic proxy (no real dataset exists for this city)
TRIP000115,Ola,Delhi,2026-02-16,21:03:00,21:41:30,Monday,February,Off-Peak,6.8,38.5,4,Delhi West,Delhi North,Delhi West,Delhi North,28.56509,77.21552,28.57473,77.2681,179.35,0.0,0,179.35,Card,Mini,4.5,Completed,Synthetic proxy (no real dataset exists for this city)
TRIP000116,Local Fleet,Delhi,2026-02-24,16:46:00,17:33:18,Tuesday,February,Off-Peak,11.33,47.3,2,Delhi East,Delhi Central,Delhi East,Delhi Central,28.5167,77.26676,28.64327,77.15829,246.91,24.69,40,311.6,UPI,eBike,4.1,Completed,Synthetic proxy (no real dataset exists for this city)
TRIP000117,Uber,Delhi,2026-02-12,16:41:00,17:10:54,Thursday,February,Off-Peak,5.18,29.9,1,Delhi East,Delhi East,Delhi East,Delhi East,28.6571,77.24788,28.51437,77.29214,147.01,0.0,0,147.01,UPI,Prime SUV,4.3,Completed,Synthetic proxy (no real dataset exists for this city)
TRIP000118,Uber,Delhi,2026-02-18,02:07:00,02:24:00,Wednesday,February,Off-Peak,4.35,17.0,4,Delhi West,Delhi West,Delhi West,Delhi West,28.56097,77.30943,28.58105,77.18729,117.7,0.0,0,117.7,UPI,Auto,4.8,Completed,Synthetic proxy (no real dataset exists for this city)
TRIP000119,Ola,Delhi,2026-02-09,06:48:00,07:28:30,Monday,February,Off-Peak,7.77,40.5,4,Delhi East,Delhi West,Delhi East,Delhi West,28.56213,77.20343,28.66541,77.14165,193.99,0.0,0,193.99,UPI,Bike,4.9,Completed,Synthetic proxy (no real dataset exists for this city)
TRIP000120,Ola,Delhi,2026-01-24,20:12:00,21:00:30,Saturday,January,Off-Peak,8.32,48.5,2,Delhi Central,Delhi Central,Delhi Central,Delhi Central,28.61912,77.17697,28.52548,77.12317,212.59,0.0,0,212.59,Card,Auto,4.2,Cancelled by Driver,Synthetic proxy (no real dataset exists for this city)
TRIP000121,Ola,Delhi,2026-01-10,05:17:00,05:27:18,Saturday,January,Off-Peak,1.88,10.3,1,Delhi South,Delhi North,Delhi South,Delhi North,28.64684,77.23506,28.64515,77.16224,78.01,0.0,0,78.01,UPI,Auto,3.6,Completed,Synthetic proxy (no real dataset exists for this city)
TRIP000122,Rapido,Delhi,2026-01-23,18:51:00,19:06:12,Friday,January,Peak,4.47,15.2,1,Delhi South,Delhi East,Delhi South,Delhi East,28.64089,77.30127,28.67001,77.26351,116.44,0.0,0,116.44,UPI,Prime SUV,4.5,Completed,Synthetic proxy (no real dataset exists for this city)
TRIP000123,Rapido,Delhi,2026-02-15,04:31:00,05:11:24,Sunday,February,Off-Peak,9.86,40.4,3,Delhi East,Delhi North,Delhi East,Delhi North,28.6556,77.27332,28.52063,77.22579,218.92,21.89,0,240.81,Card,eBike,4.5,Completed,Synthetic proxy (no real dataset exists for this city)
TRIP000124,Local Fleet,Delhi,2026-01-04,11:03:00,11:05:18,Sunday,January,Off-Peak,0.59,2.3,1,Delhi East,Delhi North,Delhi East,Delhi North,28.62433,77.26593,28.6959,77.12341,50.53,0.0,60,110.53,UPI,Auto,4.1,Completed,Synthetic proxy (no real dataset exists for this city)
TRIP000125,Local Fleet,Delhi,2026-01-16,19:28:00,19:52:36,Friday,January,Peak,5.7,24.6,3,Delhi West,Delhi North,Delhi West,Delhi North,28.69049,77.15012,28.66195,77.24693,145.3,0.0,0,145.3,UPI,Prime Sedan,4.6,Cancelled by Customer,Synthetic proxy (no real dataset exists for this city)
TRIP000126,Ola,Delhi,2026-01-03,20:23:00,21:03:54,Saturday,January,Off-Peak,8.23,40.9,2,Delhi Central,Delhi East,Delhi Central,Delhi East,28.66082,77.15717,28.51485,77.18945,200.11,0.0,0,200.11,UPI,eBike,3.7,Completed,Synthetic proxy (no real dataset exists for this city)
TRIP000127,Ola,Delhi,2026-01-06,21:48:00,21:50:18,Tuesday,January,Off-Peak,0.5,2.3,1,Delhi West,Delhi Central,Delhi West,Delhi Central,28.57979,77.17593,28.65985,77.12496,49.45,0.0,0,49.45,Card,Prime Sedan,4.0,Cancelled by Driver,Synthetic proxy (no real dataset exists for this city)
TRIP000128,Uber,Delhi,2025-12-21,05:04:00,06:05:06,Sunday,December,Off-Peak,11.26,61.1,3,Delhi South,Delhi South,Delhi South,Delhi South,28.60923,77.28319,28.70015,77.17492,266.77,13.34,0,280.11,UPI,Auto,4.7,Cancelled by Driver,Synthetic proxy (no real dataset exists for this city)
TRIP000129,Ola,Delhi,2026-01-21,01:25:00,01:35:00,Wednesday,January,Off-Peak,2.97,10.0,1,Delhi West,Delhi South,Delhi West,Delhi South,28.52002,77.25997,28.56092,77.20485,90.64,0.0,0,90.64,UPI,Prime SUV,3.5,Completed,Synthetic proxy (no real dataset exists for this city)
TRIP000130,Uber,Delhi,2026-02-20,03:51:00,04:11:06,Friday,February,Off-Peak,3.41,20.1,1,Delhi Central,Delhi South,Delhi Central,Delhi South,28.69827,77.20916,28.58091,77.19285,111.07,5.55,0,116.62,UPI,Prime Sedan,4.5,Completed,Synthetic proxy (no real dataset exists for this city)
TRIP000131,Rapido,Delhi,2026-01-31,11:03:00,11:04:48,Saturday,January,Off-Peak,0.5,1.8,2,Delhi North,Delhi North,Delhi North,Delhi North,28.63305,77.18256,28.54836,77.23636,48.7,0.0,0,48.7,Card,eBike,4.8,Completed,Synthetic proxy (no real dataset exists for this city)
TRIP000132,Rapido,Delhi,2026-02-15,13:55:00,14:36:18,Sunday,February,Off-Peak,9.63,41.3,1,Delhi Central,Delhi East,Delhi Central,Delhi East,28.52196,77.20752,28.54371,77.23595,217.51,21.75,0,239.26,UPI,Mini,4.1,Completed,Synthetic proxy (no real dataset exists for this city)
TRIP000133,Rapido,Delhi,2026-02-03,05:40:00,05:41:42,Tuesday,February,Off-Peak,0.5,1.7,1,Delhi East,Delhi South,Delhi East,Delhi South,28.6628,77.12398,28.60704,77.17476,48.55,0.0,0,48.55,Card,Prime SUV,4.3,Incomplete,Synthetic proxy (no real dataset exists for this city)
TRIP000134,Uber,Delhi,2026-02-10,23:39:00,23:49:12,Tuesday,February,Off-Peak,2.73,10.2,2,Delhi Central,Delhi West,Delhi Central,Delhi West,28.52329,77.30146,28.57922,77.28362,88.06,0.0,0,88.06,Wallet,Mini,5.0,Completed,Synthetic proxy (no real dataset exists for this city)
TRIP000135,Rapido,Delhi,2026-02-15,12:30:00,12:33:12,Sunday,February,Off-Peak,0.66,3.2,1,Delhi South,Delhi East,Delhi South,Delhi East,28.62479,77.19815,28.60256,77.30088,52.72,0.0,0,52.72,UPI,Bike,3.5,Completed,Synthetic proxy (no real dataset exists for this city)
TRIP000136,Uber,Delhi,2026-02-28,21:09:00,21:14:00,Saturday,February,Off-Peak,1.36,5.0,3,Delhi East,Delhi East,Delhi East,Delhi East,28.6025,77.11371,28.62957,77.11633,63.82,0.0,0,63.82,UPI,Bike,3.9,Completed,Synthetic proxy (no real dataset exists for this city)
TRIP000137,Local Fleet,Delhi,2025-12-16,15:33:00,15:39:30,Tuesday,December,Off-Peak,1.49,6.5,2,Delhi Central,Delhi South,Delhi Central,Delhi South,28.66446,77.16331,28.58515,77.256,67.63,3.38,0,71.01,UPI,Bike,4.8,Incomplete,Synthetic proxy (no real dataset exists for this city)
TRIP000138,Uber,Delhi,2026-01-07,14:34:00,14:35:54,Wednesday,January,Off-Peak,0.5,1.9,3,Delhi North,Delhi West,Delhi North,Delhi West,28.70988,77.16837,28.54145,77.21988,48.85,2.44,0,51.29,UPI,Auto,4.9,Completed,Synthetic proxy (no real dataset exists for this city)
TRIP000139,Uber,Delhi,2026-01-02,16:57:00,17:15:54,Friday,January,Off-Peak,4.78,18.9,3,Delhi West,Delhi North,Delhi West,Delhi North,28.64199,77.11142,28.56312,77.29115,125.71,6.29,60,192.0,Cash,Mini,4.7,Completed,Synthetic proxy (no real dataset exists for this city)
TRIP000140,Uber,Delhi,2025-12-25,23:29:00,23:52:00,Thursday,December,Off-Peak,4.22,23.0,4,Delhi South,Delhi East,Delhi South,Delhi East,28.6213,77.20108,28.68807,77.22175,125.14,6.26,0,131.4,Wallet,Prime Sedan,4.0,Completed,Synthetic proxy (no real dataset exists for this city)
TRIP000141,Local Fleet,Delhi,2026-01-02,14:37:00,14:52:18,Friday,January,Off-Peak,3.02,15.3,1,Delhi Central,Delhi South,Delhi Central,Delhi South,28.59096,77.13132,28.6743,77.15244,99.19,0.0,0,99.19,Cash,Mini,3.5,Completed,Synthetic proxy (no real dataset exists for this city)
TRIP000142,Ola,Delhi,2026-02-14,21:03:00,21:44:48,Saturday,February,Off-Peak,8.94,41.8,1,Delhi Central,Delhi South,Delhi Central,Delhi South,28.61519,77.20412,28.65371,77.15276,209.98,0.0,0,209.98,Card,Auto,4.2,Completed,Synthetic proxy (no real dataset exists for this city)
TRIP000143,Rapido,Delhi,2025-12-17,12:16:00,13:32:36,Wednesday,December,Off-Peak,18.81,76.6,1,Delhi Central,Delhi South,Delhi Central,Delhi South,28.64347,77.28943,28.6208,77.24814,380.62,0.0,0,380.62,Cash,Prime Sedan,4.5,Completed,Synthetic proxy (no real dataset exists for this city)
TRIP000144,Rapido,Delhi,2026-02-13,19:23:00,20:22:06,Friday,February,Peak,10.2,59.1,1,Delhi South,Delhi Central,Delhi South,Delhi Central,28.55576,77.17776,28.63346,77.12329,251.05,0.0,0,251.05,UPI,Mini,3.8,Completed,Synthetic proxy (no real dataset exists for this city)
TRIP000145,Rapido,Delhi,2025-12-01,03:06:00,03:08:48,Monday,December,Off-Peak,0.57,2.8,1,Delhi North,Delhi West,Delhi North,Delhi West,28.66987,77.12462,28.6582,77.29989,51.04,2.55,0,53.59,Cash,Prime SUV,4.7,Completed,Synthetic proxy (no real dataset exists for this city)
TRIP000146,Local Fleet,Delhi,2025-12-01,20:10:00,20:25:24,Monday,December,Off-Peak,2.71,15.4,1,Delhi North,Delhi North,Delhi North,Delhi North,28.68915,77.17599,28.53361,77.23427,95.62,9.56,0,105.18,UPI,Bike,4.2,Cancelled by Customer,Synthetic proxy (no real dataset exists for this city)
TRIP000147,Uber,Delhi,2026-02-18,06:13:00,06:19:42,Wednesday,February,Off-Peak,2.08,6.7,1,Delhi East,Delhi South,Delhi East,Delhi South,28.54149,77.12291,28.58324,77.29656,75.01,0.0,0,75.01,UPI,Prime Sedan,4.4,Completed,Synthetic proxy (no real dataset exists for this city)
TRIP000148,Ola,Delhi,2026-02-16,14:20:00,14:47:24,Monday,February,Off-Peak,5.22,27.4,1,Delhi North,Delhi North,Delhi North,Delhi North,28.61907,77.17402,28.57473,77.13642,143.74,0.0,0,143.74,UPI,Mini,4.6,Completed,Synthetic proxy (no real dataset exists for this city)
TRIP000149,Local Fleet,Delhi,2025-12-17,05:27:00,07:28:12,Wednesday,December,Off-Peak,25.35,121.2,4,Delhi Central,Delhi North,Delhi Central,Delhi North,28.59963,77.26484,28.59467,77.17191,526.0,0.0,0,526.0,Wallet,eBike,4.2,Completed,Synthetic proxy (no real dataset exists for this city)
TRIP000150,Local Fleet,Delhi,2025-12-06,22:19:00,22:42:54,Saturday,December,Off-Peak,5.53,23.9,1,Delhi Central,Delhi Central,Delhi Central,Delhi Central,28.56709,77.1805,28.57062,77.15982,142.21,0.0,0,142.21,Card,Prime Sedan,4.4,Completed,Synthetic proxy (no real dataset exists for this city)
TRIP000151,Ola,Delhi,2026-01-23,06:35:00,06:39:54,Friday,January,Off-Peak,1.34,4.9,3,Delhi East,Delhi Central,Delhi East,Delhi Central,28.60968,77.238,28.53389,77.1559,63.43,0.0,0,63.43,Card,Bike,4.2,Completed,Synthetic proxy (no real dataset exists for this city)
TRIP000152,Ola,Delhi,2026-01-19,17:38:00,17:53:48,Monday,January,Off-Peak,2.78,15.8,4,Delhi Central,Delhi East,Delhi Central,Delhi East,28.5198,77.11558,28.60702,77.21926,97.06,4.85,0,101.91,UPI,Mini,3.8,Cancelled by Customer,Synthetic proxy (no real dataset exists for this city)
TRIP000153,Uber,Delhi,2026-01-08,01:12:00,01:21:54,Thursday,January,Off-Peak,1.96,9.9,1,Delhi East,Delhi South,Delhi East,Delhi South,28.70267,77.147,28.67124,77.20305,78.37,7.84,0,86.21,UPI,Mini,4.2,Completed,Synthetic proxy (no real dataset exists for this city)
TRIP000154,Uber,Delhi,2025-12-02,16:58:00,16:59:36,Tuesday,December,Off-Peak,0.5,1.6,4,Delhi South,Delhi North,Delhi South,Delhi North,28.61386,77.19218,28.69108,77.25989,48.4,2.42,0,50.82,UPI,Prime Sedan,4.6,Completed,Synthetic proxy (no real dataset exists for this city)
TRIP000155,Local Fleet,Delhi,2026-01-20,17:47:00,18:01:06,Tuesday,January,Off-Peak,2.48,14.1,4,Delhi West,Delhi South,Delhi West,Delhi South,28.62988,77.22065,28.63048,77.25644,90.91,0.0,0,90.91,Card,Auto,4.5,Completed,Synthetic proxy (no real dataset exists for this city)
TRIP000156,Rapido,Delhi,2026-01-11,11:36:00,11:40:00,Sunday,January,Off-Peak,1.06,4.0,1,Delhi West,Delhi Central,Delhi West,Delhi Central,28.67538,77.17252,28.52004,77.20652,58.72,2.94,0,61.66,Wallet,eBike,3.6,Completed,Synthetic proxy (no real dataset exists for this city)
TRIP000157,Uber,Delhi,2026-02-23,05:32:00,06:07:54,Monday,February,Off-Peak,7.19,35.9,1,Delhi Central,Delhi East,Delhi Central,Delhi East,28.70624,77.24203,28.63496,77.17389,180.13,0.0,0,180.13,UPI,Mini,4.7,Completed,Synthetic proxy (no real dataset exists for this city)
TRIP000158,Uber,Delhi,2026-02-19,08:49:00,08:52:48,Thursday,February,Peak,0.83,3.8,3,Delhi South,Delhi West,Delhi South,Delhi West,28.65003,77.23718,28.53343,77.23453,55.66,0.0,0,55.66,Cash,Auto,4.7,Completed,Synthetic proxy (no real dataset exists for this city)
TRIP000159,Local Fleet,Delhi,2025-12-04,06:16:00,06:17:54,Thursday,December,Off-Peak,0.5,1.9,4,Delhi South,Delhi South,Delhi South,Delhi South,28.52917,77.12492,28.52767,77.2246,48.85,0.0,0,48.85,UPI,Mini,4.0,Completed,Synthetic proxy (no real dataset exists for this city)
TRIP000160,Ola,Delhi,2025-12-14,08:59:00,09:26:42,Sunday,December,Peak,7.25,27.7,1,Delhi East,Delhi North,Delhi East,Delhi North,28.56016,77.20213,28.54216,77.19084,168.55,0.0,0,168.55,UPI,Bike,4.5,Completed,Synthetic proxy (no real dataset exists for this city)
TRIP000161,Ola,Delhi,2025-12-18,15:39:00,15:44:24,Thursday,December,Off-Peak,1.13,5.4,1,Delhi South,Delhi South,Delhi South,Delhi South,28.5311,77.28045,28.53958,77.24844,61.66,6.17,0,67.83,UPI,Mini,4.5,Completed,Synthetic proxy (no real dataset exists for this city)
TRIP000162,Uber,Delhi,2025-12-04,15:13:00,15:19:48,Thursday,December,Off-Peak,1.97,6.8,1,Delhi North,Delhi West,Delhi North,Delhi West,28.54895,77.12325,28.63887,77.27986,73.84,0.0,0,73.84,Wallet,Bike,3.5,Cancelled by Customer,Synthetic proxy (no real dataset exists for this city)
TRIP000163,Rapido,Delhi,2026-02-11,21:09:00,21:28:42,Wednesday,February,Off-Peak,5.82,19.7,3,Delhi North,Delhi West,Delhi North,Delhi West,28.64453,77.26722,28.5505,77.27366,139.39,0.0,0,139.39,Wallet,Auto,4.9,Completed,Synthetic proxy (no real dataset exists for this city)
TRIP000164,Uber,Delhi,2025-12-19,19:51:00,19:53:18,Friday,December,Peak,0.5,2.3,4,Delhi South,Delhi North,Delhi South,Delhi North,28.6612,77.14353,28.59321,77.1601,49.45,0.0,0,49.45,UPI,Prime Sedan,4.2,Completed,Synthetic proxy (no real dataset exists for this city)
TRIP000165,Local Fleet,Delhi,2025-12-03,18:22:00,18:53:48,Wednesday,December,Peak,9.14,31.8,1,Delhi Central,Delhi South,Delhi Central,Delhi South,28.70972,77.26222,28.55835,77.24676,197.38,9.87,0,207.25,UPI,Prime SUV,3.7,Completed,Synthetic proxy (no real dataset exists for this city)
TRIP000166,Uber,Delhi,2025-12-09,13:43:00,13:58:12,Tuesday,December,Off-Peak,3.37,15.2,1,Delhi East,Delhi East,Delhi East,Delhi East,28.70111,77.11082,28.66522,77.11626,103.24,10.32,0,113.56,Card,Prime SUV,4.3,Completed,Synthetic proxy (no real dataset exists for this city)
TRIP000167,Ola,Delhi,2026-02-03,06:34:00,06:36:30,Tuesday,February,Off-Peak,0.5,2.5,1,Delhi East,Delhi Central,Delhi East,Delhi Central,28.65155,77.28659,28.5656,77.14608,49.75,2.49,0,52.24,Card,Prime Sedan,3.7,Cancelled by Driver,Synthetic proxy (no real dataset exists for this city)
TRIP000168,Rapido,Delhi,2025-12-03,19:16:00,19:44:24,Wednesday,December,Peak,5.28,28.4,2,Delhi West,Delhi Central,Delhi West,Delhi Central,28.57869,77.26232,28.54271,77.12365,145.96,14.6,0,160.56,Card,Auto,4.6,Completed,Synthetic proxy (no real dataset exists for this city)
TRIP000169,Rapido,Delhi,2026-02-03,18:58:00,19:06:12,Tuesday,February,Peak,2.0,8.2,4,Delhi Central,Delhi North,Delhi Central,Delhi North,28.65593,77.12112,28.61278,77.12826,76.3,0.0,0,76.3,Wallet,Prime Sedan,5.0,Completed,Synthetic proxy (no real dataset exists for this city)
TRIP000170,Uber,Delhi,2026-01-07,12:43:00,12:59:54,Wednesday,January,Off-Peak,4.6,16.9,1,Delhi East,Delhi North,Delhi East,Delhi North,28.60851,77.18733,28.57005,77.29952,120.55,0.0,0,120.55,UPI,Prime Sedan,5.0,Completed,Synthetic proxy (no real dataset exists for this city)
TRIP000171,Uber,Delhi,2025-12-15,11:26:00,11:56:00,Monday,December,Off-Peak,7.5,30.0,1,Delhi East,Delhi West,Delhi East,Delhi West,28.53631,77.25492,28.59137,77.13812,175.0,8.75,0,183.75,Cash,Prime Sedan,4.4,Completed,Synthetic proxy (no real dataset exists for this city)
TRIP000172,Local Fleet,Delhi,2025-12-08,13:23:00,13:25:48,Monday,December,Off-Peak,0.5,2.8,1,Delhi South,Delhi West,Delhi South,Delhi West,28.63147,77.21745,28.54285,77.15762,50.2,0.0,0,50.2,UPI,eBike,4.2,Completed,Synthetic proxy (no real dataset exists for this city)
TRIP000173,Uber,Delhi,2026-01-04,00:05:00,00:10:42,Sunday,January,Off-Peak,1.68,5.7,2,Delhi Central,Delhi Central,Delhi Central,Delhi Central,28.51018,77.16403,28.55353,77.17865,68.71,0.0,0,68.71,UPI,Auto,3.9,Cancelled by Driver,Synthetic proxy (no real dataset exists for this city)
TRIP000174,Rapido,Delhi,2026-01-05,05:41:00,05:43:36,Monday,January,Off-Peak,0.5,2.6,4,Delhi Central,Delhi North,Delhi Central,Delhi North,28.59232,77.20525,28.64612,77.28533,49.9,0.0,0,49.9,Card,Auto,4.6,Completed,Synthetic proxy (no real dataset exists for this city)
TRIP000175,Local Fleet,Delhi,2026-01-10,07:51:00,07:52:54,Saturday,January,Off-Peak,0.5,1.9,2,Delhi North,Delhi South,Delhi North,Delhi South,28.5501,77.2888,28.70996,77.22005,48.85,0.0,0,48.85,Cash,Auto,4.7,Completed,Synthetic proxy (no real dataset exists for this city)
TRIP000176,Ola,Delhi,2025-12-03,03:16:00,03:25:12,Wednesday,December,Off-Peak,1.54,9.2,2,Delhi East,Delhi North,Delhi East,Delhi North,28.63212,77.27695,28.60875,77.21391,72.28,0.0,0,72.28,Cash,Auto,4.2,Cancelled by Customer,Synthetic proxy (no real dataset exists for this city)
TRIP000177,Ola,Delhi,2026-02-05,00:30:00,00:59:06,Thursday,February,Off-Peak,8.58,29.1,2,Delhi East,Delhi West,Delhi East,Delhi West,28.54185,77.18034,28.597,77.21388,186.61,0.0,0,186.61,Wallet,Bike,3.6,Completed,Synthetic proxy (no real dataset exists for this city)
TRIP000178,Ola,Delhi,2026-01-27,01:13:00,01:55:42,Tuesday,January,Off-Peak,11.29,42.7,4,Delhi West,Delhi Central,Delhi West,Delhi Central,28.54904,77.23987,28.64469,77.27585,239.53,23.95,0,263.48,Card,Auto,4.5,Completed,Synthetic proxy (no real dataset exists for this city)
TRIP000179,Uber,Delhi,2025-12-01,07:22:00,07:46:00,Monday,December,Off-Peak,7.49,24.0,2,Delhi South,Delhi West,Delhi South,Delhi West,28.54726,77.30291,28.52893,77.2638,165.88,0.0,0,165.88,UPI,Prime Sedan,4.7,Completed,Synthetic proxy (no real dataset exists for this city)
TRIP000180,Ola,Delhi,2025-12-31,15:34:00,15:51:48,Wednesday,December,Off-Peak,4.07,17.8,3,Delhi Central,Delhi North,Delhi Central,Delhi North,28.57682,77.1928,28.69074,77.14912,115.54,0.0,0,115.54,Wallet,Bike,4.8,Cancelled by Customer,Synthetic proxy (no real dataset exists for this city)
TRIP000181,Local Fleet,Delhi,2026-02-20,04:13:00,04:41:00,Friday,February,Off-Peak,8.9,28.0,3,Delhi West,Delhi West,Delhi West,Delhi West,28.51177,77.16351,28.58041,77.17452,188.8,0.0,0,188.8,UPI,Prime SUV,3.7,Cancelled by Driver,Synthetic proxy (no real dataset exists for this city)
TRIP000182,Local Fleet,Delhi,2026-02-26,14:23:00,14:25:30,Thursday,February,Off-Peak,0.5,2.5,4,Delhi Central,Delhi Central,Delhi Central,Delhi Central,28.62378,77.21666,28.70712,77.21631,49.75,0.0,0,49.75,Cash,eBike,4.8,Completed,Synthetic proxy (no real dataset exists for this city)
TRIP000183,Rapido,Delhi,2026-01-28,03:36:00,04:12:36,Wednesday,January,Off-Peak,9.31,36.6,1,Delhi South,Delhi West,Delhi South,Delhi West,28.59553,77.21933,28.58119,77.26855,206.62,20.66,0,227.28,Cash,Mini,3.8,Cancelled by Customer,Synthetic proxy (no real dataset exists for this city)
TRIP000184,Local Fleet,Delhi,2025-12-26,06:58:00,07:17:30,Friday,December,Off-Peak,5.55,19.5,3,Delhi East,Delhi West,Delhi East,Delhi West,28.58719,77.12563,28.56669,77.24306,135.85,0.0,0,135.85,Wallet,Prime SUV,4.2,Completed,Synthetic proxy (no real dataset exists for this city)
TRIP000185,Rapido,Delhi,2026-02-06,20:59:00,21:55:06,Friday,February,Off-Peak,13.04,56.1,1,Delhi West,Delhi West,Delhi West,Delhi West,28.58642,77.22897,28.58501,77.19022,280.63,0.0,40,320.63,UPI,Bike,3.7,Completed,Synthetic proxy (no real dataset exists for this city)
TRIP000186,Ola,Delhi,2026-02-05,00:15:00,00:26:42,Thursday,February,Off-Peak,3.43,11.7,1,Delhi East,Delhi Central,Delhi East,Delhi Central,28.59698,77.1943,28.56706,77.26884,98.71,0.0,0,98.71,Cash,Mini,4.2,Completed,Synthetic proxy (no real dataset exists for this city)
TRIP000187,Local Fleet,Delhi,2025-12-26,17:20:00,17:37:12,Friday,December,Off-Peak,5.36,17.2,4,Delhi South,Delhi South,Delhi South,Delhi South,28.62503,77.29571,28.70652,77.20078,130.12,0.0,0,130.12,Cash,Bike,4.7,Completed,Synthetic proxy (no real dataset exists for this city)
TRIP000188,Uber,Delhi,2026-02-08,19:38:00,19:54:42,Sunday,February,Peak,5.17,16.7,1,Delhi Central,Delhi South,Delhi Central,Delhi South,28.70055,77.26301,28.70714,77.18289,127.09,0.0,0,127.09,Cash,eBike,4.5,Completed,Synthetic proxy (no real dataset exists for this city)
TRIP000189,Rapido,Delhi,2026-01-28,02:31:00,02:54:00,Wednesday,January,Off-Peak,7.48,23.0,4,Delhi West,Delhi West,Delhi West,Delhi West,28.61909,77.24619,28.52896,77.23634,164.26,0.0,0,164.26,Card,Prime Sedan,4.7,Cancelled by Driver,Synthetic proxy (no real dataset exists for this city)
TRIP000190,Local Fleet,Delhi,2025-12-31,21:33:00,22:39:06,Wednesday,December,Off-Peak,16.28,66.1,1,Delhi East,Delhi North,Delhi East,Delhi North,28.59094,77.18904,28.52324,77.29977,334.51,0.0,0,334.51,UPI,Bike,4.3,Completed,Synthetic proxy (no real dataset exists for this city)
TRIP000191,Local Fleet,Delhi,2026-02-02,16:05:00,16:12:36,Monday,February,Off-Peak,1.57,7.6,2,Delhi West,Delhi South,Delhi West,Delhi South,28.56743,77.30655,28.64691,77.18456,70.24,0.0,0,70.24,UPI,Auto,4.6,Completed,Synthetic proxy (no real dataset exists for this city)
TRIP000192,Uber,Delhi,2025-12-04,08:25:00,09:03:42,Thursday,December,Peak,6.66,38.7,3,Delhi North,Delhi South,Delhi North,Delhi South,28.6763,77.15316,28.69946,77.24547,177.97,8.9,0,186.87,UPI,Prime Sedan,4.4,Cancelled by Driver,Synthetic proxy (no real dataset exists for this city)
TRIP000193,Ola,Delhi,2026-02-02,10:12:00,10:47:48,Monday,February,Off-Peak,6.44,35.8,1,Delhi Central,Delhi West,Delhi Central,Delhi West,28.52445,77.23721,28.66587,77.1421,170.98,0.0,0,170.98,UPI,Mini,3.5,Completed,Synthetic proxy (no real dataset exists for this city)
TRIP000194,Rapido,Delhi,2026-02-19,00:06:00,00:14:30,Thursday,February,Off-Peak,2.04,8.5,1,Delhi West,Delhi South,Delhi West,Delhi South,28.59069,77.29092,28.55489,77.24689,77.23,0.0,0,77.23,UPI,Prime Sedan,5.0,Completed,Synthetic proxy (no real dataset exists for this city)
TRIP000195,Rapido,Delhi,2026-02-22,01:40:00,02:02:30,Sunday,February,Off-Peak,4.69,22.5,4,Delhi Central,Delhi Central,Delhi Central,Delhi Central,28.57009,77.17713,28.52855,77.234,130.03,0.0,40,170.03,UPI,Prime SUV,4.2,Completed,Synthetic proxy (no real dataset exists for this city)
TRIP000196,Ola,Delhi,2025-12-03,12:12:00,12:34:12,Wednesday,December,Off-Peak,4.31,22.2,1,Delhi Central,Delhi North,Delhi Central,Delhi North,28.6448,77.19417,28.61756,77.11947,125.02,0.0,0,125.02,Card,Prime SUV,4.0,Completed,Synthetic proxy (no real dataset exists for this city)
TRIP000197,Local Fleet,Delhi,2026-01-28,13:41:00,14:03:12,Wednesday,January,Off-Peak,4.38,22.2,2,Delhi West,Delhi West,Delhi West,Delhi West,28.55641,77.16841,28.59548,77.17923,125.86,0.0,0,125.86,UPI,Prime SUV,5.0,Completed,Synthetic proxy (no real dataset exists for this city)
TRIP000198,Uber,Delhi,2026-01-25,02:55:00,03:30:54,Sunday,January,Off-Peak,6.48,35.9,1,Delhi Central,Delhi Central,Delhi Central,Delhi Central,28.61517,77.26445,28.6635,77.24076,171.61,0.0,0,171.61,UPI,Mini,4.8,Cancelled by Customer,Synthetic proxy (no real dataset exists for this city)
TRIP000199,Uber,Delhi,2026-01-13,17:05:00,17:06:42,Tuesday,January,Off-Peak,0.5,1.7,3,Delhi East,Delhi Central,Delhi East,Delhi Central,28.66929,77.18431,28.59205,77.17352,48.55,0.0,0,48.55,UPI,eBike,4.1,Completed,Synthetic proxy (no real dataset exists for this city)
TRIP000200,Uber,Delhi,2026-01-07,02:43:00,02:59:30,Wednesday,January,Off-Peak,4.52,16.5,2,Delhi North,Delhi East,Delhi North,Delhi East,28.5197,77.12986,28.67825,77.18419,118.99,0.0,0,118.99,UPI,Bike,4.4,Completed,Synthetic proxy (no real dataset exists for this city)
TRIP000201,Local Fleet,Mumbai,2026-02-16,11:28:00,11:37:12,Monday,February,Off-Peak,2.16,9.2,1,Mumbai South,Mumbai South,Mumbai South,Mumbai South,19.02453,72.87411,19.16453,72.83947,79.72,3.99,0,83.71,Wallet,Auto,3.6,Completed,Synthetic proxy (no real dataset exists for this city)
TRIP000202,Local Fleet,Mumbai,2026-01-23,02:45:00,02:47:24,Friday,January,Off-Peak,0.59,2.4,3,Mumbai North,Mumbai West,Mumbai North,Mumbai West,19.12488,72.91896,19.11884,72.95659,50.68,0.0,0,50.68,UPI,Auto,4.6,Completed,Synthetic proxy (no real dataset exists for this city)
TRIP000203,Local Fleet,Mumbai,2025-12-14,17:20:00,17:22:54,Sunday,December,Off-Peak,0.5,2.9,4,Mumbai West,Mumbai West,Mumbai West,Mumbai West,19.10713,72.88122,19.14551,72.90826,50.35,0.0,0,50.35,UPI,Mini,3.7,Completed,Synthetic proxy (no real dataset exists for this city)
TRIP000204,Ola,Mumbai,2026-02-09,11:19:00,11:21:00,Monday,February,Off-Peak,0.5,2.0,4,Mumbai East,Mumbai East,Mumbai East,Mumbai East,19.17578,72.852,19.13136,72.84108,49.0,2.45,0,51.45,UPI,Mini,4.9,Completed,Synthetic proxy (no real dataset exists for this city)
TRIP000205,Rapido,Mumbai,2025-12-15,01:29:00,02:34:36,Monday,December,Off-Peak,12.89,65.6,1,Mumbai South,Mumbai East,Mumbai South,Mumbai East,19.08244,72.84056,19.14506,72.94576,293.08,14.65,0,307.73,UPI,Mini,3.7,Completed,Synthetic proxy (no real dataset exists for this city)
TRIP000206,Ola,Mumbai,2026-02-17,21:15:00,21:21:00,Tuesday,February,Off-Peak,1.22,6.0,3,Mumbai East,Mumbai North,Mumbai East,Mumbai North,19.13979,72.891,19.06988,72.81667,63.64,0.0,0,63.64,UPI,Auto,4.6,Completed,Synthetic proxy (no real dataset exists for this city)
TRIP000207,Ola,Mumbai,2026-01-31,00:17:00,00:58:12,Saturday,January,Off-Peak,10.98,41.2,1,Mumbai East,Mumbai South,Mumbai East,Mumbai South,19.0792,72.82302,18.98187,72.83921,233.56,0.0,0,233.56,UPI,Prime Sedan,4.5,Cancelled by Customer,Synthetic proxy (no real dataset exists for this city)
TRIP000208,Local Fleet,Mumbai,2025-12-03,08:00:00,08:06:48,Wednesday,December,Peak,2.0,6.8,1,Mumbai North,Mumbai East,Mumbai North,Mumbai East,19.16483,72.93286,19.12842,72.78298,74.2,0.0,0,74.2,Wallet,Mini,3.6,Completed,Synthetic proxy (no real dataset exists for this city)
TRIP000209,Uber,Mumbai,2025-12-05,07:43:00,08:08:42,Friday,December,Off-Peak,5.68,25.7,4,Mumbai Central,Mumbai West,Mumbai Central,Mumbai West,19.1554,72.8951,19.10921,72.83777,146.71,0.0,0,146.71,UPI,Bike,3.8,Completed,Synthetic proxy (no real dataset exists for this city)
TRIP000210,Rapido,Mumbai,2025-12-26,07:38:00,07:51:42,Friday,December,Off-Peak,2.32,13.7,1,Mumbai Central,Mumbai South,Mumbai Central,Mumbai South,19.01064,72.87962,19.04638,72.85479,88.39,0.0,40,128.39,UPI,Auto,3.8,Completed,Synthetic proxy (no real dataset exists for this city)
TRIP000211,Ola,Mumbai,2025-12-14,03:37:00,03:53:42,Sunday,December,Off-Peak,2.8,16.7,1,Mumbai West,Mumbai Central,Mumbai West,Mumbai Central,19.13532,72.96214,19.11053,72.87502,98.65,9.87,0,108.52,UPI,Auto,4.7,Completed,Synthetic proxy (no real dataset exists for this city)
TRIP000212,Rapido,Mumbai,2026-01-28,13:27:00,13:35:18,Wednesday,January,Off-Peak,1.77,8.3,3,Mumbai Central,Mumbai North,Mumbai Central,Mumbai North,19.06602,72.79425,19.00238,72.90474,73.69,0.0,0,73.69,Cash,Bike,4.6,Completed,Synthetic proxy (no real dataset exists for this city)
TRIP000213,Local Fleet,Mumbai,2025-12-07,01:35:00,01:42:54,Sunday,December,Off-Peak,2.17,7.9,1,Mumbai West,Mumbai Central,Mumbai West,Mumbai Central,19.0886,72.90038,19.08565,72.97433,77.89,0.0,0,77.89,Card,Auto,4.7,Completed,Synthetic proxy (no real dataset exists for this city)
TRIP000214,Uber,Mumbai,2026-02-17,18:53:00,20:16:00,Tuesday,February,Peak,20.26,83.0,4,Mumbai East,Mumbai Central,Mumbai East,Mumbai Central,19.0103,72.79909,19.11059,72.85718,407.62,0.0,0,407.62,UPI,Prime Sedan,4.6,Completed,Synthetic proxy (no real dataset exists for this city)
TRIP000215,Rapido,Mumbai,2026-01-04,11:58:00,12:01:54,Sunday,January,Off-Peak,1.24,3.9,2,Mumbai South,Mumbai West,Mumbai South,Mumbai West,19.01847,72.91633,18.99841,72.95361,60.73,0.0,0,60.73,UPI,Bike,3.7,Incomplete,Synthetic proxy (no real dataset exists for this city)
TRIP000216,Uber,Mumbai,2026-01-15,12:56:00,13:29:42,Thursday,January,Off-Peak,6.53,33.7,4,Mumbai Central,Mumbai Central,Mumbai Central,Mumbai Central,19.03947,72.83236,19.13576,72.95817,168.91,0.0,0,168.91,UPI,Prime SUV,4.6,Completed,Synthetic proxy (no real dataset exists for this city)
TRIP000217,Uber,Mumbai,2026-01-22,23:10:00,23:19:00,Thursday,January,Off-Peak,2.7,9.0,3,Mumbai West,Mumbai East,Mumbai West,Mumbai East,19.12061,72.89274,19.15793,72.80202,85.9,0.0,0,85.9,Cash,Mini,4.5,Completed,Synthetic proxy (no real dataset exists for this city)
TRIP000218,Local Fleet,Mumbai,2025-12-08,19:16:00,19:23:18,Monday,December,Peak,2.32,7.3,3,Mumbai West,Mumbai East,Mumbai West,Mumbai East,19.10074,72.97818,19.08945,72.90938,78.79,0.0,0,78.79,Wallet,Bike,4.0,Completed,Synthetic proxy (no real dataset exists for this city)
TRIP000219,Uber,Mumbai,2026-02-27,17:35:00,18:02:06,Friday,February,Off-Peak,4.79,27.1,1,Mumbai Central,Mumbai West,Mumbai Central,Mumbai West,19.08244,72.92879,19.05919,72.80603,138.13,0.0,0,138.13,Cash,Bike,4.0,Completed,Synthetic proxy (no real dataset exists for this city)
TRIP000220,Local Fleet,Mumbai,2025-12-17,20:21:00,20:25:12,Wednesday,December,Off-Peak,1.2,4.2,1,Mumbai Central,Mumbai South,Mumbai Central,Mumbai South,19.02865,72.97138,19.08302,72.80921,60.7,0.0,0,60.7,UPI,Prime SUV,3.5,Completed,Synthetic proxy (no real dataset exists for this city)
TRIP000221,Rapido,Mumbai,2026-02-16,09:51:00,09:58:48,Monday,February,Peak,2.22,7.8,3,Mumbai Central,Mumbai Central,Mumbai Central,Mumbai Central,19.02985,72.82483,18.99035,72.81881,78.34,0.0,0,78.34,UPI,Prime SUV,5.0,Cancelled by Customer,Synthetic proxy (no real dataset exists for this city)
TRIP000222,Uber,Mumbai,2026-01-05,17:14:00,18:30:18,Monday,January,Off-Peak,14.08,76.3,4,Mumbai South,Mumbai East,Mumbai South,Mumbai East,19.13056,72.82719,19.00917,72.78837,323.41,32.34,0,355.75,UPI,Mini,4.8,Completed,Synthetic proxy (no real dataset exists for this city)
TRIP000223,Uber,Mumbai,2026-02-25,14:26:00,14:39:36,Wednesday,February,Off-Peak,4.13,13.6,1,Mumbai Central,Mumbai Central,Mumbai Central,Mumbai Central,18.99772,72.82046,19.00053,72.8842,109.96,0.0,0,109.96,Wallet,eBike,3.8,Completed,Synthetic proxy (no real dataset exists for this city)
TRIP000224,Rapido,Mumbai,2026-01-03,08:17:00,08:26:12,Saturday,January,Peak,1.61,9.2,4,Mumbai North,Mumbai East,Mumbai North,Mumbai East,19.12439,72.91625,19.15396,72.93404,73.12,0.0,0,73.12,UPI,Prime SUV,3.7,Completed,Synthetic proxy (no real dataset exists for this city)
TRIP000225,Uber,Mumbai,2026-02-14,02:20:00,02:29:36,Saturday,February,Off-Peak,1.78,9.6,4,Mumbai Central,Mumbai Central,Mumbai Central,Mumbai Central,19.05456,72.9703,19.14877,72.94596,75.76,7.58,0,83.34,Wallet,Bike,4.7,Incomplete,Synthetic proxy (no real dataset exists for this city)
TRIP000226,Rapido,Mumbai,2026-02-20,22:02:00,22:17:18,Friday,February,Off-Peak,2.64,15.3,4,Mumbai North,Mumbai East,Mumbai North,Mumbai East,19.14968,72.97392,19.03825,72.84071,94.63,0.0,0,94.63,UPI,Bike,4.7,Completed,Synthetic proxy (no real dataset exists for this city)
TRIP000227,Ola,Mumbai,2025-12-04,13:14:00,13:22:18,Thursday,December,Off-Peak,2.08,8.3,1,Mumbai East,Mumbai North,Mumbai East,Mumbai North,19.12739,72.81084,19.10205,72.78527,77.41,3.87,40,121.28,Cash,Prime Sedan,3.8,Completed,Synthetic proxy (no real dataset exists for this city)
TRIP000228,Ola,Mumbai,2026-02-23,09:06:00,09:20:48,Monday,February,Peak,4.5,14.8,1,Mumbai North,Mumbai West,Mumbai North,Mumbai West,19.03616,72.91158,19.01539,72.88874,116.2,0.0,0,116.2,Wallet,Bike,4.5,Completed,Synthetic proxy (no real dataset exists for this city)
TRIP000229,Ola,Mumbai,2026-02-06,12:37:00,12:53:36,Friday,February,Off-Peak,2.86,16.6,3,Mumbai Central,Mumbai Central,Mumbai Central,Mumbai Central,19.07303,72.80072,19.15683,72.8774,99.22,0.0,0,99.22,UPI,Mini,4.0,Completed,Synthetic proxy (no real dataset exists for this city)
TRIP000230,Ola,Mumbai,2026-01-12,20:13:00,20:28:42,Monday,January,Off-Peak,3.97,15.7,1,Mumbai East,Mumbai West,Mumbai East,Mumbai West,19.16654,72.90515,19.16216,72.78109,111.19,0.0,0,111.19,Card,Auto,4.3,Completed,Synthetic proxy (no real dataset exists for this city)
TRIP000231,Local Fleet,Mumbai,2025-12-08,15:49:00,15:57:54,Monday,December,Off-Peak,1.73,8.9,3,Mumbai South,Mumbai Central,Mumbai South,Mumbai Central,18.99351,72.84599,19.1738,72.93859,74.11,0.0,0,74.11,UPI,Prime SUV,4.2,Completed,Synthetic proxy (no real dataset exists for this city)
TRIP000232,Uber,Mumbai,2026-01-02,10:12:00,10:14:18,Friday,January,Off-Peak,0.5,2.3,1,Mumbai East,Mumbai North,Mumbai East,Mumbai North,19.15088,72.81039,18.98499,72.87894,49.45,0.0,0,49.45,UPI,Prime SUV,4.9,Cancelled by Customer,Synthetic proxy (no real dataset exists for this city)
TRIP000233,Local Fleet,Mumbai,2026-01-30,07:24:00,07:30:18,Friday,January,Off-Peak,1.1,6.3,1,Mumbai South,Mumbai South,Mumbai South,Mumbai South,18.9802,72.89622,19.04673,72.85803,62.65,0.0,0,62.65,UPI,Prime SUV,4.2,Completed,Synthetic proxy (no real dataset exists for this city)
TRIP000234,Uber,Mumbai,2026-02-03,11:36:00,11:42:24,Tuesday,February,Off-Peak,1.98,6.4,1,Mumbai West,Mumbai Central,Mumbai West,Mumbai Central,19.13214,72.80145,19.12035,72.784,73.36,0.0,0,73.36,UPI,Prime Sedan,4.3,Completed,Synthetic proxy (no real dataset exists for this city)
TRIP000235,Local Fleet,Mumbai,2026-02-10,03:59:00,04:12:24,Tuesday,February,Off-Peak,4.2,13.4,4,Mumbai East,Mumbai East,Mumbai East,Mumbai East,19.16946,72.96724,19.09309,72.90887,110.5,0.0,0,110.5,UPI,eBike,4.6,Completed,Synthetic proxy (no real dataset exists for this city)
TRIP000236,Local Fleet,Mumbai,2026-01-17,07:27:00,07:46:36,Saturday,January,Off-Peak,3.38,19.6,4,Mumbai East,Mumbai North,Mumbai East,Mumbai North,18.99734,72.9087,19.1012,72.82212,109.96,0.0,0,109.96,Card,eBike,3.8,Completed,Synthetic proxy (no real dataset exists for this city)
TRIP000237,Local Fleet,Mumbai,2025-12-07,14:48:00,15:27:42,Sunday,December,Off-Peak,12.63,39.7,2,Mumbai North,Mumbai West,Mumbai North,Mumbai West,19.1456,72.81988,19.08487,72.86943,251.11,0.0,0,251.11,Cash,Auto,4.6,Completed,Synthetic proxy (no real dataset exists for this city)
TRIP000238,Rapido,Mumbai,2026-01-06,13:05:00,13:46:54,Tuesday,January,Off-Peak,7.5,41.9,2,Mumbai North,Mumbai East,Mumbai North,Mumbai East,19.03592,72.898,19.03641,72.80241,192.85,0.0,0,192.85,Cash,Prime Sedan,4.7,Completed,Synthetic proxy (no real dataset exists for this city)
TRIP000239,Uber,Mumbai,2026-01-02,13:23:00,13:25:18,Friday,January,Off-Peak,0.53,2.3,3,Mumbai East,Mumbai West,Mumbai East,Mumbai West,19.1101,72.88057,19.09314,72.78925,49.81,2.49,0,52.3,Card,eBike,4.2,Completed,Synthetic proxy (no real dataset exists for this city)
TRIP000240,Rapido,Mumbai,2026-01-29,12:07:00,12:55:06,Thursday,January,Off-Peak,8.48,48.1,1,Mumbai Central,Mumbai West,Mumbai Central,Mumbai West,19.16921,72.91965,18.98199,72.94416,213.91,0.0,0,213.91,Card,Bike,4.8,Completed,Synthetic proxy (no real dataset exists for this city)
TRIP000241,Rapido,Mumbai,2025-12-23,03:58:00,04:08:48,Tuesday,December,Off-Peak,2.66,10.8,1,Mumbai West,Mumbai East,Mumbai West,Mumbai East,19.05474,72.84252,19.01883,72.86863,88.12,0.0,0,88.12,Wallet,Prime Sedan,3.9,Completed,Synthetic proxy (no real dataset exists for this city)
TRIP000242,Local Fleet,Mumbai,2026-01-12,00:14:00,00:17:30,Monday,January,Off-Peak,1.13,3.5,2,Mumbai West,Mumbai North,Mumbai West,Mumbai North,19.17464,72.78987,18.99659,72.92028,58.81,0.0,0,58.81,Cash,eBike,3.9,Completed,Synthetic proxy (no real dataset exists for this city)
TRIP000243,Local Fleet,Mumbai,2026-01-17,02:53:00,03:01:12,Saturday,January,Off-Peak,1.47,8.2,1,Mumbai Central,Mumbai West,Mumbai Central,Mumbai West,19.05851,72.94882,19.08848,72.87412,69.94,0.0,60,129.94,Cash,Prime SUV,3.9,Completed,Synthetic proxy (no real dataset exists for this city)
TRIP000244,Local Fleet,Mumbai,2025-12-06,18:51:00,19:07:42,Saturday,December,Peak,3.94,16.7,1,Mumbai West,Mumbai South,Mumbai West,Mumbai South,19.00718,72.79339,19.13757,72.91518,112.33,5.62,0,117.95,UPI,Prime Sedan,4.9,Cancelled by Driver,Synthetic proxy (no real dataset exists for this city)
TRIP000245,Local Fleet,Mumbai,2025-12-15,16:45:00,17:18:18,Monday,December,Off-Peak,7.35,33.3,3,Mumbai East,Mumbai Central,Mumbai East,Mumbai Central,19.13521,72.9426,19.09849,72.89634,178.15,0.0,0,178.15,Cash,Bike,3.8,Completed,Synthetic proxy (no real dataset exists for this city)
TRIP000246,Uber,Mumbai,2026-01-15,16:51:00,16:53:48,Thursday,January,Off-Peak,0.57,2.8,1,Mumbai East,Mumbai West,Mumbai East,Mumbai West,19.02719,72.8871,19.17065,72.83747,51.04,0.0,0,51.04,UPI,Prime Sedan,4.8,Completed,Synthetic proxy (no real dataset exists for this city)
TRIP000247,Ola,Mumbai,2025-12-08,08:27:00,08:46:54,Monday,December,Peak,4.8,19.9,1,Mumbai North,Mumbai South,Mumbai North,Mumbai South,19.14389,72.86332,19.12334,72.96324,127.45,0.0,0,127.45,Wallet,Auto,3.8,Completed,Synthetic proxy (no real dataset exists for this city)
TRIP000248,Ola,Mumbai,2026-02-11,21:40:00,21:42:42,Wednesday,February,Off-Peak,0.5,2.7,1,Mumbai South,Mumbai West,Mumbai South,Mumbai West,19.09839,72.87451,19.03936,72.95245,50.05,0.0,0,50.05,UPI,Bike,3.9,Completed,Synthetic proxy (no real dataset exists for this city)
TRIP000249,Local Fleet,Mumbai,2026-01-19,06:15:00,06:24:06,Monday,January,Off-Peak,2.74,9.1,1,Mumbai South,Mumbai North,Mumbai South,Mumbai North,19.14353,72.80185,19.06306,72.86561,86.53,0.0,0,86.53,UPI,eBike,4.7,Completed,Synthetic proxy (no real dataset exists for this city)
TRIP000250,Rapido,Mumbai,2026-02-05,01:49:00,01:51:30,Thursday,February,Off-Peak,0.76,2.5,2,Mumbai West,Mumbai Central,Mumbai West,Mumbai Central,19.09207,72.7854,19.17328,72.84827,52.87,0.0,0,52.87,Cash,Mini,3.9,Completed,Synthetic proxy (no real dataset exists for this city)
TRIP000251,Local Fleet,Mumbai,2026-02-17,21:56:00,22:55:54,Tuesday,February,Off-Peak,19.57,59.9,3,Mumbai North,Mumbai East,Mumbai North,Mumbai East,19.15111,72.97184,19.07485,72.97422,364.69,0.0,0,364.69,UPI,Prime SUV,4.8,Completed,Synthetic proxy (no real dataset exists for this city)
TRIP000252,Local Fleet,Mumbai,2025-12-26,03:17:00,03:31:12,Friday,December,Off-Peak,3.35,14.2,1,Mumbai South,Mumbai West,Mumbai South,Mumbai West,19.04752,72.94324,18.99137,72.84644,101.5,0.0,60,161.5,UPI,Bike,4.3,Completed,Synthetic proxy (no real dataset exists for this city)
TRIP000253,Local Fleet,Mumbai,2026-02-17,02:55:00,03:06:18,Tuesday,February,Off-Peak,2.91,11.3,2,Mumbai South,Mumbai East,Mumbai South,Mumbai East,19.11406,72.85831,19.07263,72.96431,91.87,0.0,0,91.87,UPI,eBike,4.7,Completed,Synthetic proxy (no real dataset exists for this city)
TRIP000254,Ola,Mumbai,2025-12-30,03:04:00,03:19:24,Tuesday,December,Off-Peak,3.64,15.4,1,Mumbai Central,Mumbai North,Mumbai Central,Mumbai North,19.14928,72.80042,19.11338,72.97625,106.78,0.0,0,106.78,UPI,eBike,4.8,Cancelled by Driver,Synthetic proxy (no real dataset exists for this city)
TRIP000255,Ola,Mumbai,2026-02-27,12:48:00,12:49:54,Friday,February,Off-Peak,0.5,1.9,2,Mumbai South,Mumbai Central,Mumbai South,Mumbai Central,19.1204,72.7975,19.17963,72.90701,48.85,0.0,0,48.85,Card,Mini,4.5,Completed,Synthetic proxy (no real dataset exists for this city)
TRIP000256,Uber,Mumbai,2026-01-25,16:10:00,16:18:18,Sunday,January,Off-Peak,1.68,8.3,2,Mumbai North,Mumbai East,Mumbai North,Mumbai East,19.10377,72.97328,19.0396,72.86379,72.61,0.0,0,72.61,UPI,eBike,4.5,Completed,Synthetic proxy (no real dataset exists for this city)
TRIP000257,Local Fleet,Mumbai,2026-01-14,14:03:00,14:05:36,Wednesday,January,Off-Peak,0.5,2.6,3,Mumbai Central,Mumbai East,Mumbai Central,Mumbai East,19.12618,72.9485,19.15982,72.81477,49.9,0.0,0,49.9,Cash,eBike,4.5,Completed,Synthetic proxy (no real dataset exists for this city)
TRIP000258,Local Fleet,Mumbai,2025-12-12,19:25:00,19:43:18,Friday,December,Peak,4.07,18.3,3,Mumbai North,Mumbai North,Mumbai North,Mumbai North,19.14618,72.90243,19.10094,72.87587,116.29,0.0,0,116.29,Cash,Auto,4.4,Completed,Synthetic proxy (no real dataset exists for this city)
TRIP000259,Local Fleet,Mumbai,2026-01-03,16:50:00,16:58:48,Saturday,January,Off-Peak,2.17,8.8,1,Mumbai East,Mumbai South,Mumbai East,Mumbai South,19.08879,72.79083,19.08235,72.97299,79.24,0.0,0,79.24,UPI,Auto,4.2,Incomplete,Synthetic proxy (no real dataset exists for this city)
TRIP000260,Ola,Mumbai,2026-02-18,20:29:00,20:38:48,Wednesday,February,Off-Peak,2.55,9.8,1,Mumbai North,Mumbai South,Mumbai North,Mumbai South,19.05774,72.9228,19.10381,72.90332,85.3,0.0,0,85.3,Card,Auto,4.5,Completed,Synthetic proxy (no real dataset exists for this city)
TRIP000261,Local Fleet,Mumbai,2026-02-21,12:15:00,12:31:12,Saturday,February,Off-Peak,3.26,16.2,1,Mumbai South,Mumbai West,Mumbai South,Mumbai West,19.1142,72.97341,19.03128,72.80843,103.42,0.0,0,103.42,UPI,Prime Sedan,3.9,Completed,Synthetic proxy (no real dataset exists for this city)
TRIP000262,Local Fleet,Mumbai,2025-12-12,00:09:00,00:43:12,Friday,December,Off-Peak,9.41,34.2,1,Mumbai South,Mumbai West,Mumbai South,Mumbai West,18.98834,72.83897,19.16097,72.81484,204.22,10.21,0,214.43,Card,Auto,3.7,Completed,Synthetic proxy (no real dataset exists for this city)
TRIP000263,Uber,Mumbai,2026-01-14,01:11:00,01:13:42,Wednesday,January,Off-Peak,0.76,2.7,2,Mumbai West,Mumbai West,Mumbai West,Mumbai West,19.12913,72.84571,19.08153,72.93332,53.17,0.0,0,53.17,Card,Auto,4.2,Cancelled by Customer,Synthetic proxy (no real dataset exists for this city)
TRIP000264,Local Fleet,Mumbai,2026-01-07,05:00:00,05:47:42,Wednesday,January,Off-Peak,8.17,47.7,1,Mumbai West,Mumbai West,Mumbai West,Mumbai West,19.02779,72.87878,19.09665,72.8045,209.59,0.0,0,209.59,Card,Auto,5.0,Completed,Synthetic proxy (no real dataset exists for this city)
TRIP000265,Local Fleet,Mumbai,2026-02-22,14:37:00,15:17:48,Sunday,February,Off-Peak,10.58,40.8,3,Mumbai West,Mumbai East,Mumbai West,Mumbai East,19.15798,72.96263,19.01346,72.91611,228.16,0.0,0,228.16,UPI,Mini,4.0,Incomplete,Synthetic proxy (no real dataset exists for this city)
TRIP000266,Uber,Mumbai,2026-02-19,10:36:00,11:02:54,Thursday,February,Off-Peak,4.6,26.9,2,Mumbai Central,Mumbai South,Mumbai Central,Mumbai South,19.02281,72.78514,19.02355,72.87586,135.55,0.0,0,135.55,Cash,Prime SUV,3.7,Completed,Synthetic proxy (no real dataset exists for this city)
TRIP000267,Rapido,Mumbai,2026-01-20,00:12:00,00:34:00,Tuesday,January,Off-Peak,4.7,22.0,4,Mumbai Central,Mumbai South,Mumbai Central,Mumbai South,19.15207,72.97395,19.00584,72.89563,129.4,0.0,60,189.4,Card,eBike,3.8,Completed,Synthetic proxy (no real dataset exists for this city)
TRIP000268,Ola,Mumbai,2026-01-26,05:49:00,05:59:18,Monday,January,Off-Peak,1.72,10.3,3,Mumbai East,Mumbai West,Mumbai East,Mumbai West,19.14815,72.83743,19.10742,72.89812,76.09,0.0,0,76.09,Cash,eBike,3.9,Completed,Synthetic proxy (no real dataset exists for this city)
TRIP000269,Rapido,Mumbai,2026-02-22,06:06:00,06:20:12,Sunday,February,Off-Peak,4.39,14.2,1,Mumbai West,Mumbai Central,Mumbai West,Mumbai Central,19.14375,72.81352,19.04933,72.9002,113.98,0.0,40,153.98,UPI,Prime Sedan,4.9,Completed,Synthetic proxy (no real dataset exists for this city)
TRIP000270,Uber,Mumbai,2026-01-30,23:08:00,23:11:06,Friday,January,Off-Peak,1.04,3.1,3,Mumbai East,Mumbai West,Mumbai East,Mumbai West,18.98915,72.80112,19.0681,72.87523,57.13,0.0,0,57.13,Card,eBike,4.3,Completed,Synthetic proxy (no real dataset exists for this city)
TRIP000271,Rapido,Mumbai,2026-01-09,03:43:00,03:45:00,Friday,January,Off-Peak,0.53,2.0,3,Mumbai West,Mumbai South,Mumbai West,Mumbai South,19.01283,72.97572,19.08917,72.87533,49.36,0.0,0,49.36,Cash,eBike,3.6,Cancelled by Customer,Synthetic proxy (no real dataset exists for this city)
TRIP000272,Uber,Mumbai,2025-12-10,00:23:00,00:43:48,Wednesday,December,Off-Peak,4.47,20.8,2,Mumbai Central,Mumbai West,Mumbai Central,Mumbai West,19.02266,72.95272,19.01908,72.9518,124.84,12.48,0,137.32,UPI,Prime Sedan,4.2,Completed,Synthetic proxy (no real dataset exists for this city)
TRIP000273,Uber,Mumbai,2025-12-04,17:27:00,17:35:48,Thursday,December,Off-Peak,1.76,8.8,3,Mumbai Central,Mumbai West,Mumbai Central,Mumbai West,19.04133,72.86122,18.98428,72.91254,74.32,0.0,0,74.32,UPI,eBike,4.0,Completed,Synthetic proxy (no real dataset exists for this city)
TRIP000274,Uber,Mumbai,2026-02-25,19:05:00,19:22:00,Wednesday,February,Peak,3.99,17.0,1,Mumbai South,Mumbai North,Mumbai South,Mumbai North,19.04181,72.78905,19.06194,72.95052,113.38,0.0,0,113.38,UPI,Mini,3.6,Completed,Synthetic proxy (no real dataset exists for this city)
TRIP000275,Uber,Mumbai,2025-12-01,20:26:00,20:40:36,Monday,December,Off-Peak,3.17,14.6,3,Mumbai Central,Mumbai East,Mumbai Central,Mumbai East,18.9998,72.82157,19.01678,72.88392,99.94,0.0,60,159.94,UPI,Prime SUV,4.3,Completed,Synthetic proxy (no real dataset exists for this city)
TRIP000276,Local Fleet,Mumbai,2026-01-24,21:36:00,22:04:18,Saturday,January,Off-Peak,6.97,28.3,2,Mumbai West,Mumbai West,Mumbai West,Mumbai West,19.06455,72.79932,19.11983,72.83655,166.09,0.0,0,166.09,Wallet,Bike,4.9,Completed,Synthetic proxy (no real dataset exists for this city)
TRIP000277,Rapido,Mumbai,2026-02-09,01:28:00,02:00:18,Monday,February,Off-Peak,7.66,32.3,1,Mumbai South,Mumbai East,Mumbai South,Mumbai East,18.98376,72.78122,19.0208,72.87878,180.37,0.0,0,180.37,UPI,eBike,4.8,Completed,Synthetic proxy (no real dataset exists for this city)
TRIP000278,Ola,Mumbai,2026-02-19,17:52:00,18:30:54,Thursday,February,Off-Peak,9.44,38.9,2,Mumbai West,Mumbai Central,Mumbai West,Mumbai Central,19.08063,72.79857,19.1722,72.82305,211.63,0.0,0,211.63,UPI,Bike,4.2,Completed,Synthetic proxy (no real dataset exists for this city)
TRIP000279,Local Fleet,Mumbai,2026-01-28,01:51:00,02:05:30,Wednesday,January,Off-Peak,2.66,14.5,4,Mumbai South,Mumbai East,Mumbai South,Mumbai East,19.16797,72.80276,19.11459,72.80642,93.67,0.0,0,93.67,UPI,Auto,3.8,Completed,Synthetic proxy (no real dataset exists for this city)
TRIP000280,Rapido,Mumbai,2026-02-04,22:19:00,22:21:36,Wednesday,February,Off-Peak,0.69,2.6,1,Mumbai Central,Mumbai North,Mumbai Central,Mumbai North,19.16789,72.96289,18.98865,72.93408,52.18,5.22,0,57.4,UPI,Prime SUV,4.3,Completed,Synthetic proxy (no real dataset exists for this city)
TRIP000281,Ola,Mumbai,2026-01-07,00:55:00,01:07:00,Wednesday,January,Off-Peak,3.43,12.0,1,Mumbai South,Mumbai West,Mumbai South,Mumbai West,19.13232,72.95319,19.03708,72.95557,99.16,0.0,0,99.16,UPI,Prime SUV,4.5,Completed,Synthetic proxy (no real dataset exists for this city)
TRIP000282,Ola,Mumbai,2026-02-14,21:26:00,21:42:18,Saturday,February,Off-Peak,4.37,16.3,1,Mumbai East,Mumbai West,Mumbai East,Mumbai West,19.15864,72.96218,19.05093,72.8984,116.89,0.0,0,116.89,Wallet,eBike,4.5,Completed,Synthetic proxy (no real dataset exists for this city)
TRIP000283,Local Fleet,Mumbai,2026-01-09,00:36:00,00:54:06,Friday,January,Off-Peak,3.6,18.1,1,Mumbai West,Mumbai West,Mumbai West,Mumbai West,19.09679,72.82325,19.05834,72.94544,110.35,0.0,0,110.35,UPI,eBike,4.5,Completed,Synthetic proxy (no real dataset exists for this city)
TRIP000284,Ola,Mumbai,2026-01-19,07:38:00,08:03:18,Monday,January,Off-Peak,7.01,25.3,1,Mumbai Central,Mumbai Central,Mumbai Central,Mumbai Central,19.14581,72.86437,19.16519,72.97932,162.07,0.0,0,162.07,Card,Auto,4.2,Completed,Synthetic proxy (no real dataset exists for this city)
TRIP000285,Ola,Mumbai,2025-12-03,08:07:00,08:15:48,Wednesday,December,Peak,1.73,8.8,1,Mumbai East,Mumbai South,Mumbai East,Mumbai South,19.07227,72.9702,19.1403,72.82115,73.96,0.0,0,73.96,UPI,eBike,3.7,Completed,Synthetic proxy (no real dataset exists for this city)
TRIP000286,Uber,Mumbai,2025-12-05,02:12:00,03:23:06,Friday,December,Off-Peak,16.95,71.1,1,Mumbai Central,Mumbai South,Mumbai Central,Mumbai South,18.9935,72.90784,19.06626,72.86222,350.05,0.0,0,350.05,Cash,Prime Sedan,3.8,Completed,Synthetic proxy (no real dataset exists for this city)
TRIP000287,Rapido,Mumbai,2025-12-24,17:19:00,17:40:24,Wednesday,December,Off-Peak,4.53,21.4,2,Mumbai East,Mumbai East,Mumbai East,Mumbai East,19.04617,72.78899,19.02217,72.88131,126.46,0.0,0,126.46,UPI,eBike,3.8,Completed,Synthetic proxy (no real dataset exists for this city)
TRIP000288,Ola,Mumbai,2025-12-03,06:56:00,07:05:06,Wednesday,December,Off-Peak,1.83,9.1,2,Mumbai East,Mumbai East,Mumbai East,Mumbai East,19.08077,72.83051,19.07529,72.86368,75.61,0.0,0,75.61,UPI,Auto,4.4,Completed,Synthetic proxy (no real dataset exists for this city)
TRIP000289,Local Fleet,Mumbai,2025-12-25,06:46:00,07:35:42,Thursday,December,Off-Peak,9.43,49.7,3,Mumbai North,Mumbai North,Mumbai North,Mumbai North,19.11102,72.80122,19.16011,72.95623,227.71,0.0,0,227.71,Cash,Mini,4.9,Completed,Synthetic proxy (no real dataset exists for this city)
TRIP000290,Uber,Mumbai,2026-01-15,06:11:00,06:23:18,Thursday,January,Off-Peak,2.5,12.3,4,Mumbai South,Mumbai South,Mumbai South,Mumbai South,19.08291,72.84002,19.10877,72.96169,88.45,0.0,0,88.45,UPI,Prime SUV,4.7,Completed,Synthetic proxy (no real dataset exists for this city)
TRIP000291,Ola,Mumbai,2026-02-27,09:31:00,09:46:18,Friday,February,Peak,3.5,15.3,1,Mumbai Central,Mumbai West,Mumbai Central,Mumbai West,19.10279,72.84731,19.1268,72.89144,104.95,0.0,0,104.95,Cash,Auto,3.8,Completed,Synthetic proxy (no real dataset exists for this city)
TRIP000292,Rapido,Mumbai,2026-01-14,04:55:00,05:04:30,Wednesday,January,Off-Peak,2.19,9.5,1,Mumbai South,Mumbai Central,Mumbai South,Mumbai Central,18.99906,72.96976,19.0174,72.86362,80.53,0.0,0,80.53,Card,eBike,3.8,Completed,Synthetic proxy (no real dataset exists for this city)
TRIP000293,Local Fleet,Mumbai,2026-01-29,18:59:00,20:02:18,Thursday,January,Peak,11.47,63.3,3,Mumbai Central,Mumbai West,Mumbai Central,Mumbai West,19.03337,72.94102,19.15543,72.91965,272.59,0.0,0,272.59,UPI,Prime Sedan,3.7,Completed,Synthetic proxy (no real dataset exists for this city)
TRIP000294,Local Fleet,Mumbai,2026-01-15,07:05:00,07:43:12,Thursday,January,Off-Peak,9.43,38.2,4,Mumbai West,Mumbai West,Mumbai West,Mumbai West,18.99278,72.85565,19.03349,72.87627,210.46,0.0,0,210.46,Card,Prime Sedan,5.0,Completed,Synthetic proxy (no real dataset exists for this city)
TRIP000295,Local Fleet,Mumbai,2025-12-07,01:19:00,01:56:30,Sunday,December,Off-Peak,8.52,37.5,1,Mumbai South,Mumbai North,Mumbai South,Mumbai North,19.05034,72.95746,18.99186,72.97443,198.49,0.0,0,198.49,UPI,Bike,3.7,Completed,Synthetic proxy (no real dataset exists for this city)
TRIP000296,Ola,Mumbai,2026-02-20,18:55:00,19:19:00,Friday,February,Peak,4.25,24.0,1,Mumbai West,Mumbai West,Mumbai West,Mumbai West,19.04874,72.95382,19.04105,72.84798,127.0,0.0,0,127.0,Cash,eBike,3.7,Completed,Synthetic proxy (no real dataset exists for this city)
TRIP000297,Uber,Mumbai,2025-12-21,06:30:00,06:32:06,Sunday,December,Off-Peak,0.5,2.1,1,Mumbai South,Mumbai East,Mumbai South,Mumbai East,19.11359,72.81253,19.06961,72.78256,49.15,2.46,0,51.61,UPI,eBike,4.5,Completed,Synthetic proxy (no real dataset exists for this city)
TRIP000298,Local Fleet,Mumbai,2026-02-08,22:34:00,22:54:00,Sunday,February,Off-Peak,4.41,20.0,4,Mumbai South,Mumbai South,Mumbai South,Mumbai South,19.0292,72.79265,19.12228,72.85348,122.92,0.0,0,122.92,UPI,Mini,3.5,Completed,Synthetic proxy (no real dataset exists for this city)
TRIP000299,Rapido,Mumbai,2026-01-10,07:31:00,07:37:24,Saturday,January,Off-Peak,1.71,6.4,1,Mumbai East,Mumbai West,Mumbai East,Mumbai West,19.14492,72.8981,19.15437,72.88292,70.12,0.0,0,70.12,Card,Prime SUV,4.3,Completed,Synthetic proxy (no real dataset exists for this city)
TRIP000300,Uber,Mumbai,2025-12-08,12:33:00,13:28:24,Monday,December,Off-Peak,14.32,55.4,3,Mumbai Central,Mumbai West,Mumbai Central,Mumbai West,18.98828,72.86841,19.14364,72.9668,294.94,29.49,0,324.43,UPI,Prime SUV,4.7,Completed,Synthetic proxy (no real dataset exists for this city)
TRIP000301,Rapido,Mumbai,2026-01-10,23:24:00,00:01:06,Saturday,January,Off-Peak,6.91,37.1,1,Mumbai East,Mumbai West,Mumbai East,Mumbai West,19.13416,72.89574,19.16684,72.96164,178.57,17.86,0,196.43,Card,eBike,4.0,Completed,Synthetic proxy (no real dataset exists for this city)
TRIP000302,Local Fleet,Mumbai,2025-12-23,09:16:00,09:21:30,Tuesday,December,Peak,1.36,5.5,3,Mumbai East,Mumbai South,Mumbai East,Mumbai South,18.99161,72.95648,19.0434,72.90849,64.57,0.0,0,64.57,Cash,Auto,4.3,Completed,Synthetic proxy (no real dataset exists for this city)
TRIP000303,Local Fleet,Mumbai,2026-01-11,14:08:00,14:34:48,Sunday,January,Off-Peak,6.23,26.8,3,Mumbai North,Mumbai South,Mumbai North,Mumbai South,19.00507,72.91489,19.02152,72.8818,154.96,0.0,0,154.96,UPI,Prime SUV,4.5,Completed,Synthetic proxy (no real dataset exists for this city)
TRIP000304,Local Fleet,Mumbai,2025-12-15,06:38:00,06:53:30,Monday,December,Off-Peak,2.83,15.5,4,Mumbai North,Mumbai North,Mumbai North,Mumbai North,19.10178,72.86302,19.10298,72.83186,97.21,0.0,0,97.21,UPI,Prime SUV,4.9,Completed,Synthetic proxy (no real dataset exists for this city)
TRIP000305,Local Fleet,Mumbai,2026-01-20,03:19:00,03:22:36,Tuesday,January,Off-Peak,0.96,3.6,4,Mumbai North,Mumbai South,Mumbai North,Mumbai South,19.16205,72.80716,19.12414,72.91803,56.92,0.0,0,56.92,Cash,eBike,4.7,Completed,Synthetic proxy (no real dataset exists for this city)
TRIP000306,Local Fleet,Mumbai,2026-01-26,14:21:00,14:24:42,Monday,January,Off-Peak,0.99,3.7,1,Mumbai North,Mumbai North,Mumbai North,Mumbai North,19.1214,72.81385,19.00707,72.97557,57.43,0.0,0,57.43,UPI,Auto,3.7,Completed,Synthetic proxy (no real dataset exists for this city)
TRIP000307,Rapido,Mumbai,2026-02-25,04:46:00,04:48:24,Wednesday,February,Off-Peak,0.5,2.4,4,Mumbai East,Mumbai West,Mumbai East,Mumbai West,19.06583,72.91262,19.06551,72.96927,49.6,0.0,0,49.6,UPI,Bike,4.5,Cancelled by Driver,Synthetic proxy (no real dataset exists for this city)
TRIP000308,Local Fleet,Mumbai,2026-01-04,08:20:00,09:02:54,Sunday,January,Peak,7.46,42.9,1,Mumbai South,Mumbai East,Mumbai South,Mumbai East,19.00627,72.80624,19.1095,72.92132,193.87,0.0,0,193.87,Wallet,Auto,4.8,Completed,Synthetic proxy (no real dataset exists for this city)
TRIP000309,Ola,Mumbai,2026-02-12,04:30:00,04:46:24,Thursday,February,Off-Peak,3.9,16.4,2,Mumbai North,Mumbai North,Mumbai North,Mumbai North,18.99166,72.83496,18.98381,72.96652,111.4,0.0,0,111.4,UPI,eBike,4.8,Completed,Synthetic proxy (no real dataset exists for this city)
TRIP000310,Local Fleet,Mumbai,2026-01-22,17:28:00,17:50:36,Thursday,January,Off-Peak,3.82,22.6,2,Mumbai West,Mumbai West,Mumbai West,Mumbai West,19.16125,72.88773,19.01369,72.87034,119.74,0.0,0,119.74,Wallet,Auto,3.9,Completed,Synthetic proxy (no real dataset exists for this city)
TRIP000311,Uber,Mumbai,2026-01-05,01:56:00,01:58:54,Monday,January,Off-Peak,0.5,2.9,4,Mumbai South,Mumbai South,Mumbai South,Mumbai South,19.0944,72.943,19.08756,72.95441,50.35,0.0,0,50.35,Card,Prime SUV,4.4,Completed,Synthetic proxy (no real dataset exists for this city)
TRIP000312,Rapido,Mumbai,2026-02-25,18:27:00,19:13:42,Wednesday,February,Peak,11.07,46.7,2,Mumbai East,Mumbai West,Mumbai East,Mumbai West,19.03783,72.91721,19.0898,72.89947,242.89,0.0,0,242.89,UPI,Bike,4.2,Completed,Synthetic proxy (no real dataset exists for this city)
TRIP000313,Ola,Mumbai,2025-12-13,16:57:00,17:25:12,Saturday,December,Off-Peak,5.83,28.2,1,Mumbai South,Mumbai South,Mumbai South,Mumbai South,19.14891,72.78986,19.07903,72.94254,152.26,7.61,0,159.87,Card,Prime Sedan,4.7,Completed,Synthetic proxy (no real dataset exists for this city)
TRIP000314,Rapido,Mumbai,2026-02-11,05:32:00,05:34:24,Wednesday,February,Off-Peak,0.77,2.4,2,Mumbai Central,Mumbai South,Mumbai Central,Mumbai South,19.03974,72.90477,19.08496,72.82155,52.84,5.28,0,58.12,UPI,eBike,4.7,Completed,Synthetic proxy (no real dataset exists for this city)
TRIP000315,Local Fleet,Mumbai,2026-01-10,09:06:00,09:09:12,Saturday,January,Peak,0.68,3.2,1,Mumbai West,Mumbai Central,Mumbai West,Mumbai Central,19.16742,72.96438,19.125,72.93412,52.96,0.0,0,52.96,Cash,Mini,4.1,Incomplete,Synthetic proxy (no real dataset exists for this city)
TRIP000316,Uber,Mumbai,2026-01-19,23:26:00,23:47:30,Monday,January,Off-Peak,5.09,21.5,1,Mumbai East,Mumbai West,Mumbai East,Mumbai West,19.01338,72.94291,19.15878,72.92143,133.33,0.0,0,133.33,Wallet,Prime SUV,3.6,Completed,Synthetic proxy (no real dataset exists for this city)
TRIP000317,Rapido,Mumbai,2026-01-07,12:17:00,12:24:24,Wednesday,January,Off-Peak,1.28,7.4,4,Mumbai Central,Mumbai South,Mumbai Central,Mumbai South,19.02214,72.78068,19.01135,72.89862,66.46,0.0,60,126.46,UPI,Bike,4.2,Completed,Synthetic proxy (no real dataset exists for this city)
TRIP000318,Local Fleet,Mumbai,2026-02-01,00:01:00,00:12:12,Sunday,February,Off-Peak,1.95,11.2,2,Mumbai South,Mumbai South,Mumbai South,Mumbai South,19.09643,72.94,19.02024,72.83816,80.2,0.0,0,80.2,UPI,Prime Sedan,4.1,Completed,Synthetic proxy (no real dataset exists for this city)
TRIP000319,Local Fleet,Mumbai,2025-12-09,09:00:00,09:05:24,Tuesday,December,Peak,1.58,5.4,3,Mumbai South,Mumbai East,Mumbai South,Mumbai East,19.15148,72.97771,19.04866,72.92101,67.06,0.0,0,67.06,Cash,Bike,3.9,Cancelled by Driver,Synthetic proxy (no real dataset exists for this city)
TRIP000320,Ola,Mumbai,2025-12-01,18:35:00,19:07:24,Monday,December,Peak,9.84,32.4,1,Mumbai East,Mumbai West,Mumbai East,Mumbai West,19.11752,72.93207,19.15094,72.92877,206.68,0.0,40,246.68,Wallet,Prime Sedan,4.3,Completed,Synthetic proxy (no real dataset exists for this city)
TRIP000321,Rapido,Mumbai,2026-02-18,05:33:00,05:35:24,Wednesday,February,Off-Peak,0.5,2.4,1,Mumbai West,Mumbai East,Mumbai West,Mumbai East,19.10481,72.93257,19.10139,72.78686,49.6,4.96,0,54.56,UPI,Prime Sedan,4.9,Completed,Synthetic proxy (no real dataset exists for this city)
TRIP000322,Rapido,Mumbai,2026-01-02,07:41:00,09:02:24,Friday,January,Off-Peak,20.34,81.4,3,Mumbai Central,Mumbai South,Mumbai Central,Mumbai South,19.10649,72.96448,19.08257,72.94766,406.18,0.0,0,406.18,UPI,Bike,3.6,Completed,Synthetic proxy (no real dataset exists for this city)
TRIP000323,Local Fleet,Mumbai,2026-01-09,12:04:00,12:05:36,Friday,January,Off-Peak,0.5,1.6,1,Mumbai East,Mumbai West,Mumbai East,Mumbai West,19.16159,72.95417,19.02168,72.79431,48.4,0.0,0,48.4,UPI,Prime SUV,4.8,Completed,Synthetic proxy (no real dataset exists for this city)
TRIP000324,Uber,Mumbai,2026-01-27,21:30:00,21:41:54,Tuesday,January,Off-Peak,3.03,11.9,2,Mumbai West,Mumbai South,Mumbai West,Mumbai South,19.16392,72.87753,18.99273,72.82585,94.21,9.42,0,103.63,Cash,Auto,4.6,Completed,Synthetic proxy (no real dataset exists for this city)
TRIP000325,Local Fleet,Mumbai,2025-12-11,13:48:00,14:07:24,Thursday,December,Off-Peak,4.59,19.4,4,Mumbai Central,Mumbai West,Mumbai Central,Mumbai West,19.11696,72.8325,19.17179,72.82209,124.18,0.0,0,124.18,UPI,Prime Sedan,4.0,Cancelled by Customer,Synthetic proxy (no real dataset exists for this city)
TRIP000326,Local Fleet,Mumbai,2026-01-11,22:43:00,23:38:54,Sunday,January,Off-Peak,9.49,55.9,3,Mumbai Central,Mumbai North,Mumbai Central,Mumbai North,19.10281,72.94206,19.1306,72.82923,237.73,11.89,0,249.62,UPI,Prime SUV,3.9,Completed,Synthetic proxy (no real dataset exists for this city)
TRIP000327,Rapido,Mumbai,2026-01-28,12:01:00,12:04:06,Wednesday,January,Off-Peak,0.88,3.1,1,Mumbai Central,Mumbai East,Mumbai Central,Mumbai East,19.14973,72.94053,19.00019,72.90883,55.21,0.0,0,55.21,Cash,Mini,4.7,Completed,Synthetic proxy (no real dataset exists for this city)
TRIP000328,Uber,Mumbai,2026-01-01,14:39:00,15:21:24,Thursday,January,Off-Peak,7.44,42.4,4,Mumbai South,Mumbai North,Mumbai South,Mumbai North,19.09329,72.79579,19.17431,72.96729,192.88,0.0,0,192.88,Wallet,Mini,4.5,Completed,Synthetic proxy (no real dataset exists for this city)
TRIP000329,Uber,Mumbai,2026-01-10,16:53:00,17:09:48,Saturday,January,Off-Peak,4.29,16.8,1,Mumbai East,Mumbai South,Mumbai East,Mumbai South,19.04406,72.95718,19.13335,72.94592,116.68,5.83,0,122.51,UPI,Mini,4.4,Completed,Synthetic proxy (no real dataset exists for this city)
TRIP000330,Local Fleet,Mumbai,2025-12-28,17:55:00,18:18:48,Sunday,December,Off-Peak,4.54,23.8,4,Mumbai West,Mumbai Central,Mumbai West,Mumbai Central,19.0315,72.85579,19.13906,72.91785,130.18,0.0,0,130.18,Wallet,eBike,4.3,Completed,Synthetic proxy (no real dataset exists for this city)
TRIP000331,Ola,Mumbai,2026-01-25,03:12:00,03:14:30,Sunday,January,Off-Peak,0.51,2.5,1,Mumbai South,Mumbai East,Mumbai South,Mumbai East,19.02949,72.9476,19.01386,72.81962,49.87,0.0,0,49.87,UPI,Auto,4.8,Completed,Synthetic proxy (no real dataset exists for this city)
TRIP000332,Ola,Mumbai,2026-01-08,22:19:00,22:38:12,Thursday,January,Off-Peak,3.4,19.2,1,Mumbai West,Mumbai East,Mumbai West,Mumbai East,19.06198,72.89807,19.0368,72.9492,109.6,0.0,0,109.6,Wallet,Prime SUV,3.9,Completed,Synthetic proxy (no real dataset exists for this city)
TRIP000333,Ola,Mumbai,2026-02-01,10:23:00,10:30:18,Sunday,February,Off-Peak,1.74,7.3,1,Mumbai East,Mumbai South,Mumbai East,Mumbai South,19.01991,72.84363,19.0769,72.94757,71.83,7.18,0,79.01,UPI,Auto,3.6,Completed,Synthetic proxy (no real dataset exists for this city)
TRIP000334,Rapido,Mumbai,2025-12-18,05:37:00,05:39:18,Thursday,December,Off-Peak,0.6,2.3,3,Mumbai North,Mumbai North,Mumbai North,Mumbai North,19.05325,72.97276,19.13874,72.80442,50.65,0.0,0,50.65,Wallet,Mini,4.9,Completed,Synthetic proxy (no real dataset exists for this city)
TRIP000335,Local Fleet,Mumbai,2026-02-17,06:36:00,06:59:12,Tuesday,February,Off-Peak,5.04,23.2,1,Mumbai North,Mumbai West,Mumbai North,Mumbai West,19.00371,72.90612,19.15857,72.84754,135.28,0.0,60,195.28,UPI,Mini,5.0,Completed,Synthetic proxy (no real dataset exists for this city)
TRIP000336,Ola,Mumbai,2026-02-19,11:15:00,11:31:12,Thursday,February,Off-Peak,3.17,16.2,1,Mumbai East,Mumbai Central,Mumbai East,Mumbai Central,19.17822,72.85799,19.13821,72.82922,102.34,0.0,0,102.34,UPI,Mini,3.5,Completed,Synthetic proxy (no real dataset exists for this city)
TRIP000337,Ola,Mumbai,2026-02-27,06:45:00,07:24:54,Friday,February,Off-Peak,7.66,39.9,1,Mumbai East,Mumbai North,Mumbai East,Mumbai North,19.08973,72.82915,19.13291,72.79756,191.77,0.0,0,191.77,UPI,Auto,3.9,Completed,Synthetic proxy (no real dataset exists for this city)
TRIP000338,Rapido,Mumbai,2026-02-01,03:27:00,03:37:06,Sunday,February,Off-Peak,1.8,10.1,1,Mumbai North,Mumbai Central,Mumbai North,Mumbai Central,19.09317,72.89385,19.07929,72.94152,76.75,0.0,0,76.75,UPI,eBike,3.8,Completed,Synthetic proxy (no real dataset exists for this city)
TRIP000339,Local Fleet,Mumbai,2026-02-24,04:11:00,04:38:24,Tuesday,February,Off-Peak,8.14,27.4,4,Mumbai East,Mumbai Central,Mumbai East,Mumbai Central,19.04208,72.83234,19.02891,72.92691,178.78,0.0,0,178.78,Wallet,Prime Sedan,4.3,Completed,Synthetic proxy (no real dataset exists for this city)
TRIP000340,Local Fleet,Mumbai,2025-12-09,12:56:00,13:06:24,Tuesday,December,Off-Peak,2.94,10.4,4,Mumbai Central,Mumbai North,Mumbai Central,Mumbai North,19.09332,72.89972,19.00836,72.90035,90.88,0.0,0,90.88,Wallet,Prime SUV,3.6,Completed,Synthetic proxy (no real dataset exists for this city)
TRIP000341,Local Fleet,Mumbai,2025-12-10,11:01:00,11:23:30,Wednesday,December,Off-Peak,5.95,22.5,3,Mumbai Central,Mumbai West,Mumbai Central,Mumbai West,19.13327,72.86191,19.15741,72.97272,145.15,7.26,0,152.41,Card,Prime Sedan,3.8,Completed,Synthetic proxy (no real dataset exists for this city)
TRIP000342,Local Fleet,Mumbai,2026-01-07,23:20:00,23:23:54,Wednesday,January,Off-Peak,1.29,3.9,1,Mumbai South,Mumbai West,Mumbai South,Mumbai West,19.15717,72.80533,18.98043,72.81578,61.33,0.0,0,61.33,Card,Bike,4.1,Completed,Synthetic proxy (no real dataset exists for this city)
TRIP000343,Rapido,Mumbai,2025-12-26,07:50:00,08:19:48,Friday,December,Off-Peak,9.4,29.8,4,Mumbai West,Mumbai East,Mumbai West,Mumbai East,19.11567,72.88958,19.11963,72.90791,197.5,9.88,0,207.38,Card,Prime Sedan,4.7,Completed,Synthetic proxy (no real dataset exists for this city)
TRIP000344,Uber,Mumbai,2025-12-31,15:08:00,15:29:06,Wednesday,December,Off-Peak,4.0,21.1,4,Mumbai West,Mumbai West,Mumbai West,Mumbai West,19.04867,72.9006,19.13003,72.96128,119.65,0.0,0,119.65,UPI,Prime SUV,3.8,Completed,Synthetic proxy (no real dataset exists for this city)
TRIP000345,Local Fleet,Mumbai,2026-01-28,13:38:00,14:14:30,Wednesday,January,Off-Peak,10.8,36.5,3,Mumbai West,Mumbai North,Mumbai West,Mumbai North,19.16009,72.88287,18.98499,72.80113,224.35,0.0,0,224.35,Cash,Bike,4.6,Completed,Synthetic proxy (no real dataset exists for this city)
TRIP000346,Local Fleet,Mumbai,2025-12-20,00:02:00,00:26:30,Saturday,December,Off-Peak,7.4,24.5,1,Mumbai Central,Mumbai West,Mumbai Central,Mumbai West,19.15289,72.88409,19.04215,72.89394,165.55,0.0,0,165.55,Cash,Auto,4.7,Completed,Synthetic proxy (no real dataset exists for this city)
TRIP000347,Ola,Mumbai,2026-01-27,17:05:00,17:07:12,Tuesday,January,Off-Peak,0.5,2.2,2,Mumbai North,Mumbai North,Mumbai North,Mumbai North,19.08988,72.88698,19.16406,72.94022,49.3,2.46,0,51.76,Card,Bike,4.2,Completed,Synthetic proxy (no real dataset exists for this city)
TRIP000348,Uber,Mumbai,2026-02-09,14:43:00,15:00:18,Monday,February,Off-Peak,4.12,17.3,1,Mumbai North,Mumbai Central,Mumbai North,Mumbai Central,18.99269,72.97294,18.98,72.84509,115.39,0.0,0,115.39,Cash,Auto,4.4,Completed,Synthetic proxy (no real dataset exists for this city)
TRIP000349,Local Fleet,Mumbai,2025-12-20,22:53:00,23:35:12,Saturday,December,Off-Peak,9.05,42.2,2,Mumbai South,Mumbai West,Mumbai South,Mumbai West,19.07216,72.91607,19.17265,72.84977,211.9,0.0,0,211.9,UPI,Auto,4.0,Completed,Synthetic proxy (no real dataset exists for this city)
TRIP000350,Ola,Mumbai,2026-01-30,12:41:00,13:10:24,Friday,January,Off-Peak,6.69,29.4,1,Mumbai South,Mumbai West,Mumbai South,Mumbai West,19.04948,72.80731,19.04231,72.88277,164.38,0.0,0,164.38,UPI,Bike,4.1,Completed,Synthetic proxy (no real dataset exists for this city)
TRIP000351,Ola,Mumbai,2025-12-21,16:29:00,16:31:00,Sunday,December,Off-Peak,0.5,2.0,1,Mumbai Central,Mumbai North,Mumbai Central,Mumbai North,19.03331,72.81412,18.99133,72.90384,49.0,0.0,0,49.0,Cash,Bike,5.0,Completed,Synthetic proxy (no real dataset exists for this city)
TRIP000352,Local Fleet,Mumbai,2025-12-02,08:28:00,08:37:12,Tuesday,December,Peak,1.94,9.2,3,Mumbai Central,Mumbai North,Mumbai Central,Mumbai North,19.14106,72.93343,19.03174,72.78067,77.08,7.71,0,84.79,UPI,Bike,3.7,Completed,Synthetic proxy (no real dataset exists for this city)
TRIP000353,Local Fleet,Mumbai,2026-02-06,03:07:00,03:13:18,Friday,February,Off-Peak,1.79,6.3,3,Mumbai Central,Mumbai East,Mumbai Central,Mumbai East,19.1114,72.88809,19.06469,72.9146,70.93,0.0,0,70.93,UPI,Prime Sedan,4.6,Completed,Synthetic proxy (no real dataset exists for this city)
TRIP000354,Ola,Mumbai,2025-12-31,16:18:00,16:28:06,Wednesday,December,Off-Peak,2.8,10.1,1,Mumbai Central,Mumbai East,Mumbai Central,Mumbai East,19.11585,72.80186,19.01834,72.90611,88.75,8.88,0,97.63,UPI,eBike,4.5,Completed,Synthetic proxy (no real dataset exists for this city)
TRIP000355,Ola,Mumbai,2026-02-19,16:54:00,17:06:30,Thursday,February,Off-Peak,2.37,12.5,1,Mumbai North,Mumbai Central,Mumbai North,Mumbai Central,19.15274,72.83204,18.98679,72.92173,87.19,0.0,0,87.19,Card,eBike,3.6,Completed,Synthetic proxy (no real dataset exists for this city)
TRIP000356,Rapido,Mumbai,2026-01-27,20:40:00,21:07:00,Tuesday,January,Off-Peak,4.53,27.0,4,Mumbai West,Mumbai West,Mumbai West,Mumbai West,19.05428,72.84354,19.11426,72.8467,134.86,0.0,0,134.86,Cash,Mini,4.7,Completed,Synthetic proxy (no real dataset exists for this city)
TRIP000357,Uber,Mumbai,2026-01-05,14:03:00,14:58:12,Monday,January,Off-Peak,10.64,55.2,2,Mumbai West,Mumbai Central,Mumbai West,Mumbai Central,18.9887,72.86344,19.0987,72.89729,250.48,0.0,0,250.48,UPI,Prime SUV,4.9,Cancelled by Customer,Synthetic proxy (no real dataset exists for this city)
TRIP000358,Rapido,Mumbai,2025-12-25,20:21:00,20:27:06,Thursday,December,Off-Peak,1.1,6.1,1,Mumbai East,Mumbai South,Mumbai East,Mumbai South,19.11168,72.8298,19.12735,72.85631,62.35,0.0,0,62.35,UPI,eBike,4.4,Completed,Synthetic proxy (no real dataset exists for this city)
TRIP000359,Local Fleet,Mumbai,2026-01-11,20:52:00,21:25:00,Sunday,January,Off-Peak,7.12,33.0,1,Mumbai East,Mumbai East,Mumbai East,Mumbai East,19.05344,72.78793,19.16169,72.8121,174.94,0.0,0,174.94,Cash,Prime Sedan,4.0,Cancelled by Driver,Synthetic proxy (no real dataset exists for this city)
TRIP000360,Rapido,Mumbai,2025-12-20,06:56:00,06:58:30,Saturday,December,Off-Peak,0.5,2.5,1,Mumbai North,Mumbai Central,Mumbai North,Mumbai Central,19.16915,72.88361,19.12655,72.92578,49.75,0.0,0,49.75,Cash,eBike,4.0,Completed,Synthetic proxy (no real dataset exists for this city)
TRIP000361,Ola,Mumbai,2026-02-23,23:07:00,23:49:30,Monday,February,Off-Peak,9.95,42.5,1,Mumbai North,Mumbai South,Mumbai North,Mumbai South,19.02533,72.95767,19.03606,72.91901,223.15,11.16,0,234.31,UPI,Prime Sedan,4.1,Completed,Synthetic proxy (no real dataset exists for this city)
TRIP000362,Rapido,Mumbai,2025-12-22,18:03:00,18:11:42,Monday,December,Peak,2.48,8.7,4,Mumbai Central,Mumbai West,Mumbai Central,Mumbai West,19.0635,72.78028,18.99079,72.86787,82.81,0.0,0,82.81,UPI,eBike,3.6,Completed,Synthetic proxy (no real dataset exists for this city)
TRIP000363,Uber,Mumbai,2026-02-02,03:44:00,03:46:00,Monday,February,Off-Peak,0.58,2.0,2,Mumbai Central,Mumbai South,Mumbai Central,Mumbai South,19.02413,72.92512,18.9858,72.92513,49.96,0.0,0,49.96,Wallet,Bike,3.8,Completed,Synthetic proxy (no real dataset exists for this city)
TRIP000364,Rapido,Mumbai,2025-12-17,08:24:00,08:49:42,Wednesday,December,Peak,6.41,25.7,3,Mumbai West,Mumbai North,Mumbai West,Mumbai North,19.13016,72.8442,19.13139,72.9369,155.47,0.0,0,155.47,UPI,eBike,4.8,Completed,Synthetic proxy (no real dataset exists for this city)
TRIP000365,Local Fleet,Mumbai,2026-02-22,15:40:00,16:08:18,Sunday,February,Off-Peak,4.73,28.3,4,Mumbai East,Mumbai North,Mumbai East,Mumbai North,19.12313,72.91258,19.09495,72.97725,139.21,0.0,0,139.21,UPI,Prime Sedan,4.8,Completed,Synthetic proxy (no real dataset exists for this city)
TRIP000366,Local Fleet,Mumbai,2026-02-25,07:52:00,07:55:00,Wednesday,February,Off-Peak,0.77,3.0,3,Mumbai South,Mumbai West,Mumbai South,Mumbai West,19.15508,72.80787,19.0598,72.83663,53.74,0.0,0,53.74,UPI,Prime Sedan,4.1,Completed,Synthetic proxy (no real dataset exists for this city)
TRIP000367,Uber,Mumbai,2025-12-25,02:28:00,02:32:24,Thursday,December,Off-Peak,0.84,4.4,4,Mumbai North,Mumbai East,Mumbai North,Mumbai East,19.16281,72.89027,19.06899,72.78061,56.68,2.83,0,59.51,Cash,Bike,4.9,Completed,Synthetic proxy (no real dataset exists for this city)
TRIP000368,Ola,Mumbai,2025-12-03,06:27:00,07:12:06,Wednesday,December,Off-Peak,7.69,45.1,1,Mumbai East,Mumbai Central,Mumbai East,Mumbai Central,19.027,72.97563,19.15457,72.80151,199.93,0.0,0,199.93,UPI,Auto,4.3,Completed,Synthetic proxy (no real dataset exists for this city)
TRIP000369,Rapido,Mumbai,2025-12-12,12:35:00,13:27:48,Friday,December,Off-Peak,11.74,52.8,1,Mumbai West,Mumbai Central,Mumbai West,Mumbai Central,19.1152,72.86437,19.11003,72.93003,260.08,0.0,0,260.08,Wallet,Mini,4.4,Cancelled by Driver,Synthetic proxy (no real dataset exists for this city)
TRIP000370,Uber,Mumbai,2025-12-18,15:18:00,15:40:36,Thursday,December,Off-Peak,5.66,22.6,3,Mumbai West,Mumbai West,Mumbai West,Mumbai West,19.12163,72.83569,19.01007,72.79639,141.82,0.0,0,141.82,UPI,eBike,4.1,Completed,Synthetic proxy (no real dataset exists for this city)
TRIP000371,Rapido,Mumbai,2026-01-28,10:49:00,11:13:30,Wednesday,January,Off-Peak,7.56,24.5,1,Mumbai North,Mumbai East,Mumbai North,Mumbai East,19.06139,72.82676,19.04949,72.88135,167.47,16.75,40,224.22,Cash,Mini,4.2,Cancelled by Customer,Synthetic proxy (no real dataset exists for this city)
TRIP000372,Local Fleet,Mumbai,2025-12-08,02:28:00,02:32:54,Monday,December,Off-Peak,1.0,4.9,2,Mumbai South,Mumbai South,Mumbai South,Mumbai South,19.06347,72.97499,19.00637,72.85828,59.35,0.0,60,119.35,UPI,eBike,4.6,Completed,Synthetic proxy (no real dataset exists for this city)
TRIP000373,Ola,Mumbai,2026-01-27,00:59:00,01:00:42,Tuesday,January,Off-Peak,0.5,1.7,1,Mumbai South,Mumbai East,Mumbai South,Mumbai East,19.02813,72.93266,19.08708,72.85839,48.55,0.0,0,48.55,Card,Mini,4.5,Completed,Synthetic proxy (no real dataset exists for this city)
TRIP000374,Local Fleet,Mumbai,2026-01-03,08:11:00,08:15:00,Saturday,January,Peak,0.74,4.0,2,Mumbai West,Mumbai West,Mumbai West,Mumbai West,19.09193,72.80042,19.06434,72.96458,54.88,0.0,0,54.88,Card,eBike,3.8,Completed,Synthetic proxy (no real dataset exists for this city)
TRIP000375,Uber,Mumbai,2025-12-30,02:32:00,02:45:54,Tuesday,December,Off-Peak,2.68,13.9,1,Mumbai East,Mumbai North,Mumbai East,Mumbai North,19.01871,72.93189,19.04269,72.91534,93.01,0.0,0,93.01,UPI,Prime Sedan,4.0,Cancelled by Driver,Synthetic proxy (no real dataset exists for this city)
TRIP000376,Uber,Mumbai,2025-12-09,18:15:00,18:18:36,Tuesday,December,Peak,0.68,3.6,1,Mumbai West,Mumbai West,Mumbai West,Mumbai West,19.15446,72.79849,19.03604,72.80644,53.56,0.0,40,93.56,Wallet,Prime SUV,4.9,Completed,Synthetic proxy (no real dataset exists for this city)
TRIP000377,Uber,Mumbai,2026-02-15,20:42:00,20:44:36,Sunday,February,Off-Peak,0.5,2.6,1,Mumbai North,Mumbai North,Mumbai North,Mumbai North,19.04509,72.8522,19.09776,72.93799,49.9,0.0,0,49.9,UPI,Auto,4.9,Cancelled by Customer,Synthetic proxy (no real dataset exists for this city)
TRIP000378,Local Fleet,Mumbai,2026-01-31,13:18:00,13:20:42,Saturday,January,Off-Peak,0.5,2.7,1,Mumbai West,Mumbai East,Mumbai West,Mumbai East,19.14281,72.84882,19.15941,72.95738,50.05,5.0,0,55.05,UPI,Bike,4.2,Completed,Synthetic proxy (no real dataset exists for this city)
TRIP000379,Rapido,Mumbai,2025-12-31,01:48:00,02:18:36,Wednesday,December,Off-Peak,9.78,30.6,1,Mumbai Central,Mumbai North,Mumbai Central,Mumbai North,19.07764,72.82224,18.9842,72.78471,203.26,20.33,0,223.59,Cash,eBike,4.2,Completed,Synthetic proxy (no real dataset exists for this city)
TRIP000380,Rapido,Mumbai,2026-01-20,03:12:00,03:54:00,Tuesday,January,Off-Peak,7.32,42.0,1,Mumbai Central,Mumbai West,Mumbai Central,Mumbai West,19.04833,72.85947,19.05459,72.86223,190.84,0.0,0,190.84,Cash,Auto,4.2,Completed,Synthetic proxy (no real dataset exists for this city)
TRIP000381,Uber,Mumbai,2025-12-28,21:10:00,21:11:42,Sunday,December,Off-Peak,0.5,1.7,3,Mumbai Central,Mumbai West,Mumbai Central,Mumbai West,19.16562,72.83256,19.00865,72.8445,48.55,0.0,0,48.55,Card,Auto,4.2,Completed,Synthetic proxy (no real dataset exists for this city)
TRIP000382,Local Fleet,Mumbai,2026-01-08,18:45:00,18:54:18,Thursday,January,Peak,2.27,9.3,1,Mumbai South,Mumbai South,Mumbai South,Mumbai South,19.14662,72.78644,19.00777,72.9497,81.19,0.0,0,81.19,Wallet,Prime SUV,4.7,Completed,Synthetic proxy (no real dataset exists for this city)
TRIP000383,Local Fleet,Mumbai,2026-01-23,09:01:00,09:07:36,Friday,January,Peak,1.29,6.6,3,Mumbai West,Mumbai North,Mumbai West,Mumbai North,19.145,72.85331,19.01709,72.91511,65.38,0.0,0,65.38,UPI,Auto,4.3,Completed,Synthetic proxy (no real dataset exists for this city)
TRIP000384,Ola,Mumbai,2026-01-09,11:00:00,11:14:12,Friday,January,Off-Peak,2.97,14.2,1,Mumbai South,Mumbai Central,Mumbai South,Mumbai Central,19.01792,72.83505,19.12051,72.82967,96.94,0.0,0,96.94,UPI,Bike,4.8,Completed,Synthetic proxy (no real dataset exists for this city)
TRIP000385,Ola,Mumbai,2026-02-28,03:43:00,04:08:00,Saturday,February,Off-Peak,4.38,25.0,2,Mumbai South,Mumbai West,Mumbai South,Mumbai West,19.06333,72.96195,19.17211,72.81405,130.06,0.0,0,130.06,UPI,Mini,4.1,Completed,Synthetic proxy (no real dataset exists for this city)
TRIP000386,Uber,Mumbai,2026-01-18,07:33:00,07:55:12,Sunday,January,Off-Peak,4.86,22.2,1,Mumbai South,Mumbai West,Mumbai South,Mumbai West,19.14287,72.94393,19.07142,72.84016,131.62,0.0,0,131.62,Cash,Mini,3.6,Completed,Synthetic proxy (no real dataset exists for this city)
TRIP000387,Rapido,Mumbai,2026-02-03,06:24:00,06:35:42,Tuesday,February,Off-Peak,2.82,11.7,1,Mumbai North,Mumbai North,Mumbai North,Mumbai North,19.0615,72.85421,19.12444,72.83184,91.39,0.0,0,91.39,UPI,Auto,4.0,Completed,Synthetic proxy (no real dataset exists for this city)
TRIP000388,Uber,Mumbai,2026-01-02,08:06:00,08:34:36,Friday,January,Peak,4.78,28.6,1,Mumbai Central,Mumbai South,Mumbai Central,Mumbai South,19.15192,72.91768,19.15505,72.80097,140.26,0.0,0,140.26,UPI,Bike,3.8,Cancelled by Customer,Synthetic proxy (no real dataset exists for this city)
TRIP000389,Uber,Mumbai,2025-12-07,06:03:00,06:05:00,Sunday,December,Off-Peak,0.5,2.0,1,Mumbai Central,Mumbai East,Mumbai Central,Mumbai East,19.1232,72.87916,19.16566,72.797,49.0,0.0,0,49.0,UPI,eBike,4.5,Completed,Synthetic proxy (no real dataset exists for this city)
TRIP000390,Local Fleet,Mumbai,2026-02-17,22:37:00,23:08:18,Tuesday,February,Off-Peak,5.91,31.3,1,Mumbai South,Mumbai North,Mumbai South,Mumbai North,19.13375,72.90192,19.02362,72.94378,157.87,15.79,0,173.66,Cash,Auto,4.6,Completed,Synthetic proxy (no real dataset exists for this city)
TRIP000391,Local Fleet,Mumbai,2025-12-09,17:30:00,17:31:48,Tuesday,December,Off-Peak,0.5,1.8,3,Mumbai South,Mumbai East,Mumbai South,Mumbai East,18.98602,72.89855,19.09135,72.94817,48.7,0.0,0,48.7,Cash,Bike,4.8,Completed,Synthetic proxy (no real dataset exists for this city)
TRIP000392,Local Fleet,Mumbai,2026-01-16,19:11:00,19:15:36,Friday,January,Peak,1.31,4.6,3,Mumbai North,Mumbai West,Mumbai North,Mumbai West,19.12863,72.80087,19.0971,72.97956,62.62,0.0,0,62.62,UPI,Bike,4.3,Completed,Synthetic proxy (no real dataset exists for this city)
TRIP000393,Local Fleet,Mumbai,2025-12-26,13:55:00,14:07:54,Friday,December,Off-Peak,3.31,12.9,1,Mumbai Central,Mumbai West,Mumbai Central,Mumbai West,19.08483,72.91717,19.02371,72.91098,99.07,4.95,0,104.02,UPI,Bike,4.5,Completed,Synthetic proxy (no real dataset exists for this city)
TRIP000394,Uber,Mumbai,2026-01-19,23:27:00,23:47:12,Monday,January,Off-Peak,4.49,20.2,4,Mumbai West,Mumbai East,Mumbai West,Mumbai East,19.15628,72.97828,19.16656,72.89961,124.18,0.0,0,124.18,UPI,Mini,3.6,Completed,Synthetic proxy (no real dataset exists for this city)
TRIP000395,Uber,Mumbai,2026-02-15,21:33:00,21:34:54,Sunday,February,Off-Peak,0.5,1.9,1,Mumbai Central,Mumbai South,Mumbai Central,Mumbai South,19.14026,72.84658,19.023,72.89435,48.85,0.0,0,48.85,Cash,Mini,4.3,Completed,Synthetic proxy (no real dataset exists for this city)
TRIP000396,Rapido,Mumbai,2025-12-18,01:13:00,01:26:30,Thursday,December,Off-Peak,2.44,13.5,4,Mumbai West,Mumbai Central,Mumbai West,Mumbai Central,19.01408,72.95447,19.15091,72.94725,89.53,0.0,0,89.53,UPI,Prime Sedan,3.9,Cancelled by Customer,Synthetic proxy (no real dataset exists for this city)
TRIP000397,Ola,Mumbai,2025-12-08,10:33:00,10:39:54,Monday,December,Off-Peak,1.93,6.9,1,Mumbai Central,Mumbai South,Mumbai Central,Mumbai South,19.13754,72.85599,19.02938,72.78483,73.51,0.0,0,73.51,Cash,Bike,4.4,Incomplete,Synthetic proxy (no real dataset exists for this city)
TRIP000398,Ola,Mumbai,2026-01-05,17:47:00,17:48:30,Monday,January,Off-Peak,0.5,1.5,2,Mumbai West,Mumbai East,Mumbai West,Mumbai East,19.0337,72.82103,19.00943,72.91948,48.25,0.0,60,108.25,Cash,Auto,4.6,Completed,Synthetic proxy (no real dataset exists for this city)
TRIP000399,Rapido,Mumbai,2025-12-06,08:35:00,09:11:48,Saturday,December,Peak,6.16,36.8,3,Mumbai East,Mumbai West,Mumbai East,Mumbai West,19.14857,72.81352,19.05323,72.84216,169.12,0.0,0,169.12,UPI,Prime Sedan,3.9,Completed,Synthetic proxy (no real dataset exists for this city)
TRIP000400,Ola,Mumbai,2025-12-02,11:39:00,11:53:36,Tuesday,December,Off-Peak,3.87,14.6,1,Mumbai South,Mumbai South,Mumbai South,Mumbai South,19.03478,72.81966,19.01974,72.80613,108.34,0.0,0,108.34,Cash,Prime Sedan,3.6,Completed,Synthetic proxy (no real dataset exists for this city)
TRIP000401,Uber,Bengaluru,2026-02-03,09:11:00,09:37:48,Tuesday,February,Peak,7.27,26.8,3,Bengaluru South,Bengaluru Central,Bengaluru South,Bengaluru Central,13.06531,77.53913,13.05479,77.56141,167.44,0.0,0,167.44,Cash,eBike,4.9,Completed,Real-structure (Ola Bengaluru dataset)
TRIP000402,Local Fleet,Bengaluru,2025-12-11,23:40:00,00:00:06,Thursday,December,Off-Peak,4.65,20.1,2,Bengaluru Central,Bengaluru West,Bengaluru Central,Bengaluru West,13.06074,77.55546,12.96501,77.63119,125.95,6.3,0,132.25,Card,Mini,4.8,Completed,Real-structure (Ola Bengaluru dataset)
TRIP000403,Uber,Bengaluru,2025-12-25,11:44:00,11:51:42,Thursday,December,Off-Peak,2.16,7.7,1,Bengaluru West,Bengaluru West,Bengaluru West,Bengaluru West,13.03831,77.54115,12.99449,77.50212,77.47,0.0,0,77.47,Cash,Mini,4.7,Cancelled by Driver,Real-structure (Ola Bengaluru dataset)
TRIP000404,Uber,Bengaluru,2025-12-12,23:44:00,00:26:00,Friday,December,Off-Peak,11.52,42.0,1,Bengaluru East,Bengaluru South,Bengaluru East,Bengaluru South,12.92369,77.58732,12.96481,77.55041,241.24,0.0,0,241.24,UPI,eBike,4.8,Completed,Real-structure (Ola Bengaluru dataset)
TRIP000405,Ola,Bengaluru,2025-12-17,18:25:00,18:27:06,Wednesday,December,Peak,0.5,2.1,2,Bengaluru Central,Bengaluru East,Bengaluru Central,Bengaluru East,12.98962,77.67262,12.89908,77.50195,49.15,0.0,0,49.15,UPI,Bike,4.7,Completed,Real-structure (Ola Bengaluru dataset)
TRIP000406,Rapido,Bengaluru,2025-12-04,02:30:00,02:48:06,Thursday,December,Off-Peak,4.48,18.1,1,Bengaluru South,Bengaluru Central,Bengaluru South,Bengaluru Central,13.02575,77.5449,12.88958,77.53704,120.91,0.0,0,120.91,UPI,eBike,4.9,Incomplete,Real-structure (Ola Bengaluru dataset)
TRIP000407,Local Fleet,Bengaluru,2025-12-07,06:44:00,07:17:12,Sunday,December,Off-Peak,10.85,33.2,3,Bengaluru West,Bengaluru West,Bengaluru West,Bengaluru West,12.97611,77.6695,12.97149,77.58436,220.0,22.0,0,242.0,Cash,Prime Sedan,4.5,Completed,Real-structure (Ola Bengaluru dataset)
TRIP000408,Rapido,Bengaluru,2026-02-22,05:04:00,05:13:48,Sunday,February,Off-Peak,2.05,9.8,2,Bengaluru North,Bengaluru South,Bengaluru North,Bengaluru South,12.97571,77.57842,12.89592,77.57293,79.3,0.0,0,79.3,Card,Prime SUV,3.6,Completed,Real-structure (Ola Bengaluru dataset)
TRIP000409,Uber,Bengaluru,2026-01-20,15:34:00,15:49:36,Tuesday,January,Off-Peak,4.69,15.6,1,Bengaluru South,Bengaluru Central,Bengaluru South,Bengaluru Central,12.9144,77.59062,13.05811,77.60427,119.68,0.0,0,119.68,UPI,Auto,4.6,Completed,Real-structure (Ola Bengaluru dataset)
TRIP000410,Local Fleet,Bengaluru,2026-02-22,14:35:00,14:42:48,Sunday,February,Off-Peak,1.63,7.8,2,Bengaluru West,Bengaluru East,Bengaluru West,Bengaluru East,12.9057,77.65774,12.89312,77.60366,71.26,0.0,0,71.26,UPI,Prime Sedan,3.6,Completed,Real-structure (Ola Bengaluru dataset)
TRIP000411,Rapido,Bengaluru,2026-02-22,17:11:00,17:44:12,Sunday,February,Off-Peak,5.91,33.2,2,Bengaluru West,Bengaluru West,Bengaluru West,Bengaluru West,13.03569,77.5326,13.01188,77.57412,160.72,0.0,0,160.72,UPI,Mini,4.6,Completed,Real-structure (Ola Bengaluru dataset)
TRIP000412,Ola,Bengaluru,2025-12-03,20:35:00,20:40:30,Wednesday,December,Off-Peak,1.47,5.5,1,Bengaluru East,Bengaluru Central,Bengaluru East,Bengaluru Central,13.05018,77.55837,12.87173,77.5934,65.89,0.0,0,65.89,UPI,Mini,5.0,Completed,Real-structure (Ola Bengaluru dataset)
TRIP000413,Ola,Bengaluru,2025-12-23,19:10:00,19:25:18,Tuesday,December,Peak,3.02,15.3,4,Bengaluru West,Bengaluru East,Bengaluru West,Bengaluru East,12.96319,77.62561,12.96844,77.54398,99.19,0.0,0,99.19,UPI,Prime Sedan,4.4,Incomplete,Real-structure (Ola Bengaluru dataset)
TRIP000414,Rapido,Bengaluru,2026-01-01,14:54:00,14:55:36,Thursday,January,Off-Peak,0.5,1.6,1,Bengaluru East,Bengaluru East,Bengaluru East,Bengaluru East,13.01671,77.56775,13.0358,77.58793,48.4,0.0,0,48.4,Card,Auto,4.5,Completed,Real-structure (Ola Bengaluru dataset)
TRIP000415,Uber,Bengaluru,2026-01-21,17:56:00,17:59:48,Wednesday,January,Off-Peak,0.64,3.8,4,Bengaluru West,Bengaluru North,Bengaluru West,Bengaluru North,13.03324,77.5811,12.9986,77.66817,53.38,5.34,0,58.72,Card,eBike,4.2,Cancelled by Customer,Real-structure (Ola Bengaluru dataset)
TRIP000416,Rapido,Bengaluru,2025-12-05,04:07:00,04:32:54,Friday,December,Off-Peak,7.29,25.9,4,Bengaluru South,Bengaluru Central,Bengaluru South,Bengaluru Central,12.91235,77.5173,13.04181,77.51235,166.33,0.0,0,166.33,UPI,Prime SUV,4.3,Completed,Real-structure (Ola Bengaluru dataset)
TRIP000417,Local Fleet,Bengaluru,2025-12-11,16:24:00,17:16:12,Thursday,December,Off-Peak,14.5,52.2,1,Bengaluru East,Bengaluru Central,Bengaluru East,Bengaluru Central,12.89239,77.53794,13.05916,77.52014,292.3,0.0,0,292.3,Cash,Prime Sedan,3.8,Cancelled by Driver,Real-structure (Ola Bengaluru dataset)
TRIP000418,Rapido,Bengaluru,2025-12-06,17:28:00,17:34:18,Saturday,December,Off-Peak,1.98,6.3,3,Bengaluru North,Bengaluru West,Bengaluru North,Bengaluru West,13.06321,77.58512,12.97206,77.6314,73.21,0.0,0,73.21,Cash,Mini,4.0,Completed,Real-structure (Ola Bengaluru dataset)
TRIP000419,Ola,Bengaluru,2026-02-07,19:38:00,20:06:36,Saturday,February,Peak,5.87,28.6,2,Bengaluru South,Bengaluru North,Bengaluru South,Bengaluru North,13.01117,77.56653,13.06532,77.62404,153.34,0.0,0,153.34,Cash,Prime SUV,4.6,Completed,Real-structure (Ola Bengaluru dataset)
TRIP000420,Rapido,Bengaluru,2026-01-02,14:23:00,14:26:06,Friday,January,Off-Peak,0.71,3.1,4,Bengaluru South,Bengaluru Central,Bengaluru South,Bengaluru Central,12.99389,77.54881,13.03739,77.60034,53.17,0.0,0,53.17,UPI,Prime Sedan,4.3,Completed,Real-structure (Ola Bengaluru dataset)
TRIP000421,Local Fleet,Bengaluru,2025-12-22,21:29:00,22:04:06,Monday,December,Off-Peak,11.41,35.1,1,Bengaluru North,Bengaluru West,Bengaluru North,Bengaluru West,13.0432,77.56857,13.01133,77.63643,229.57,0.0,0,229.57,UPI,Prime Sedan,4.1,Completed,Real-structure (Ola Bengaluru dataset)
TRIP000422,Rapido,Bengaluru,2026-02-23,15:22:00,15:43:42,Monday,February,Off-Peak,5.06,21.7,3,Bengaluru East,Bengaluru Central,Bengaluru East,Bengaluru Central,12.95157,77.57678,13.01673,77.61368,133.27,6.66,0,139.93,UPI,Bike,3.5,Completed,Real-structure (Ola Bengaluru dataset)
TRIP000423,Uber,Bengaluru,2026-01-19,09:08:00,09:26:00,Monday,January,Peak,4.52,18.0,1,Bengaluru West,Bengaluru East,Bengaluru West,Bengaluru East,12.95063,77.50378,13.01666,77.62893,121.24,6.06,0,127.3,UPI,Prime Sedan,4.9,Completed,Real-structure (Ola Bengaluru dataset)
TRIP000424,Rapido,Bengaluru,2026-01-28,21:12:00,21:35:00,Wednesday,January,Off-Peak,4.31,23.0,1,Bengaluru West,Bengaluru Central,Bengaluru West,Bengaluru Central,12.99858,77.60852,12.90621,77.49688,126.22,6.31,0,132.53,UPI,Prime SUV,3.8,Completed,Real-structure (Ola Bengaluru dataset)
TRIP000425,Rapido,Bengaluru,2025-12-24,12:20:00,12:24:36,Wednesday,December,Off-Peak,0.87,4.6,1,Bengaluru South,Bengaluru South,Bengaluru South,Bengaluru South,12.96272,77.59593,13.06351,77.67094,57.34,0.0,0,57.34,Cash,Prime Sedan,4.4,Completed,Real-structure (Ola Bengaluru dataset)
TRIP000426,Local Fleet,Bengaluru,2026-01-05,21:47:00,22:01:00,Monday,January,Off-Peak,2.52,14.0,1,Bengaluru East,Bengaluru East,Bengaluru East,Bengaluru East,13.05547,77.5766,12.90336,77.64255,91.24,4.56,0,95.8,UPI,eBike,3.8,Completed,Real-structure (Ola Bengaluru dataset)
TRIP000427,Rapido,Bengaluru,2026-01-07,11:49:00,11:51:12,Wednesday,January,Off-Peak,0.5,2.2,1,Bengaluru West,Bengaluru Central,Bengaluru West,Bengaluru Central,13.0667,77.65498,12.8852,77.60227,49.3,0.0,60,109.3,UPI,Bike,4.8,Completed,Real-structure (Ola Bengaluru dataset)
TRIP000428,Rapido,Bengaluru,2026-01-23,21:09:00,21:34:48,Friday,January,Off-Peak,4.72,25.8,1,Bengaluru South,Bengaluru North,Bengaluru South,Bengaluru North,12.88227,77.50914,12.94949,77.67878,135.34,0.0,0,135.34,Wallet,Bike,4.7,Cancelled by Driver,Real-structure (Ola Bengaluru dataset)
TRIP000429,Local Fleet,Bengaluru,2026-01-13,22:10:00,22:13:06,Tuesday,January,Off-Peak,0.94,3.1,3,Bengaluru South,Bengaluru North,Bengaluru South,Bengaluru North,13.02519,77.5882,12.88931,77.67369,55.93,0.0,0,55.93,Cash,Prime Sedan,4.5,Completed,Real-structure (Ola Bengaluru dataset)
TRIP000430,Ola,Bengaluru,2026-01-09,03:58:00,04:11:54,Friday,January,Off-Peak,2.66,13.9,1,Bengaluru South,Bengaluru North,Bengaluru South,Bengaluru North,12.95605,77.54504,13.00029,77.52902,92.77,0.0,0,92.77,Cash,Bike,5.0,Completed,Real-structure (Ola Bengaluru dataset)
TRIP000431,Local Fleet,Bengaluru,2026-01-09,03:33:00,03:37:54,Friday,January,Off-Peak,0.86,4.9,1,Bengaluru South,Bengaluru North,Bengaluru South,Bengaluru North,13.01423,77.65184,12.97476,77.54273,57.67,0.0,0,57.67,UPI,Auto,3.8,Completed,Real-structure (Ola Bengaluru dataset)
TRIP000432,Rapido,Bengaluru,2026-01-31,02:29:00,02:38:06,Saturday,January,Off-Peak,1.63,9.1,4,Bengaluru Central,Bengaluru South,Bengaluru Central,Bengaluru South,12.92062,77.51709,12.96272,77.63366,73.21,0.0,60,133.21,UPI,Auto,4.4,Completed,Real-structure (Ola Bengaluru dataset)
TRIP000433,Rapido,Bengaluru,2026-02-27,21:43:00,21:48:00,Friday,February,Off-Peak,1.29,5.0,2,Bengaluru Central,Bengaluru South,Bengaluru Central,Bengaluru South,12.88505,77.57408,12.9055,77.51085,62.98,3.15,0,66.13,UPI,eBike,4.4,Cancelled by Customer,Real-structure (Ola Bengaluru dataset)
TRIP000434,Ola,Bengaluru,2025-12-04,18:18:00,18:22:54,Thursday,December,Peak,1.25,4.9,1,Bengaluru West,Bengaluru Central,Bengaluru West,Bengaluru Central,13.05042,77.60038,12.98706,77.64501,62.35,3.12,0,65.47,UPI,eBike,4.6,Cancelled by Driver,Real-structure (Ola Bengaluru dataset)
TRIP000435,Ola,Bengaluru,2026-02-17,11:54:00,11:59:42,Tuesday,February,Off-Peak,1.03,5.7,1,Bengaluru East,Bengaluru South,Bengaluru East,Bengaluru South,13.01845,77.66125,12.97146,77.61493,60.91,0.0,0,60.91,Card,Auto,4.5,Cancelled by Driver,Real-structure (Ola Bengaluru dataset)
TRIP000436,Rapido,Bengaluru,2026-01-06,08:37:00,08:40:36,Tuesday,January,Peak,0.96,3.6,4,Bengaluru East,Bengaluru West,Bengaluru East,Bengaluru West,12.99302,77.6889,12.88799,77.65227,56.92,0.0,0,56.92,Wallet,eBike,4.7,Completed,Real-structure (Ola Bengaluru dataset)
TRIP000437,Ola,Bengaluru,2026-01-26,01:27:00,01:36:12,Monday,January,Off-Peak,2.13,9.2,1,Bengaluru East,Bengaluru Central,Bengaluru East,Bengaluru Central,12.91839,77.52157,12.99341,77.60976,79.36,0.0,0,79.36,Cash,Auto,4.7,Cancelled by Customer,Real-structure (Ola Bengaluru dataset)
TRIP000438,Local Fleet,Bengaluru,2026-01-07,18:07:00,18:27:24,Wednesday,January,Peak,4.16,20.4,2,Bengaluru West,Bengaluru North,Bengaluru West,Bengaluru North,13.04441,77.50658,12.90779,77.5454,120.52,0.0,40,160.52,Wallet,eBike,4.9,Completed,Real-structure (Ola Bengaluru dataset)
TRIP000439,Uber,Bengaluru,2026-01-22,18:32:00,18:49:18,Thursday,January,Peak,4.03,17.3,1,Bengaluru Central,Bengaluru South,Bengaluru Central,Bengaluru South,12.99429,77.64157,12.98217,77.52183,114.31,5.72,0,120.03,UPI,Mini,4.9,Completed,Real-structure (Ola Bengaluru dataset)
TRIP000440,Ola,Bengaluru,2026-01-17,03:18:00,04:14:36,Saturday,January,Off-Peak,11.71,56.6,3,Bengaluru Central,Bengaluru North,Bengaluru Central,Bengaluru North,12.92065,77.67095,12.88701,77.5208,265.42,13.27,0,278.69,UPI,Mini,4.8,Completed,Real-structure (Ola Bengaluru dataset)
TRIP000441,Local Fleet,Bengaluru,2026-01-24,20:57:00,21:19:24,Saturday,January,Off-Peak,7.28,22.4,1,Bengaluru West,Bengaluru East,Bengaluru West,Bengaluru East,13.01623,77.52794,12.92246,77.5387,160.96,0.0,0,160.96,UPI,Bike,5.0,Completed,Real-structure (Ola Bengaluru dataset)
TRIP000442,Ola,Bengaluru,2026-02-03,18:29:00,18:39:36,Tuesday,February,Peak,2.81,10.6,1,Bengaluru Central,Bengaluru North,Bengaluru Central,Bengaluru North,12.98216,77.67396,13.05285,77.49217,89.62,0.0,0,89.62,UPI,eBike,4.0,Completed,Real-structure (Ola Bengaluru dataset)
TRIP000443,Uber,Bengaluru,2025-12-22,00:54:00,01:10:18,Monday,December,Off-Peak,4.53,16.3,1,Bengaluru North,Bengaluru West,Bengaluru North,Bengaluru West,12.99675,77.49515,13.06785,77.54919,118.81,0.0,0,118.81,Cash,Bike,3.8,Completed,Real-structure (Ola Bengaluru dataset)
TRIP000444,Local Fleet,Bengaluru,2025-12-17,22:37:00,23:08:42,Wednesday,December,Off-Peak,5.89,31.7,3,Bengaluru South,Bengaluru East,Bengaluru South,Bengaluru East,12.87203,77.55319,12.9219,77.58658,158.23,0.0,0,158.23,Card,Bike,4.7,Completed,Real-structure (Ola Bengaluru dataset)
TRIP000445,Uber,Bengaluru,2026-01-19,15:42:00,15:43:30,Monday,January,Off-Peak,0.5,1.5,3,Bengaluru North,Bengaluru South,Bengaluru North,Bengaluru South,12.88113,77.52898,13.04957,77.62988,48.25,0.0,0,48.25,Card,Mini,4.2,Cancelled by Customer,Real-structure (Ola Bengaluru dataset)
TRIP000446,Local Fleet,Bengaluru,2026-01-05,15:38:00,15:44:06,Monday,January,Off-Peak,1.99,6.1,1,Bengaluru Central,Bengaluru South,Bengaluru Central,Bengaluru South,13.06869,77.49535,12.88003,77.55493,73.03,7.3,0,80.33,Card,Mini,4.5,Completed,Real-structure (Ola Bengaluru dataset)
TRIP000447,Uber,Bengaluru,2026-02-16,09:37:00,09:56:00,Monday,February,Peak,5.33,19.0,1,Bengaluru East,Bengaluru West,Bengaluru East,Bengaluru West,13.05942,77.64442,12.89339,77.5905,132.46,0.0,0,132.46,Wallet,Bike,4.6,Cancelled by Driver,Real-structure (Ola Bengaluru dataset)
TRIP000448,Rapido,Bengaluru,2025-12-22,21:57:00,22:11:06,Monday,December,Off-Peak,2.73,14.1,1,Bengaluru South,Bengaluru East,Bengaluru South,Bengaluru East,13.05512,77.59297,12.96622,77.68922,93.91,0.0,0,93.91,UPI,eBike,3.8,Completed,Real-structure (Ola Bengaluru dataset)
TRIP000449,Uber,Bengaluru,2025-12-21,21:32:00,21:38:54,Sunday,December,Off-Peak,1.56,6.9,1,Bengaluru South,Bengaluru West,Bengaluru South,Bengaluru West,13.0187,77.59988,13.02584,77.57221,69.07,0.0,0,69.07,UPI,Mini,3.8,Completed,Real-structure (Ola Bengaluru dataset)
TRIP000450,Uber,Bengaluru,2026-02-07,12:43:00,12:45:42,Saturday,February,Off-Peak,0.5,2.7,1,Bengaluru Central,Bengaluru Central,Bengaluru Central,Bengaluru Central,12.93874,77.61958,12.97374,77.63059,50.05,0.0,0,50.05,Cash,Auto,3.9,Completed,Real-structure (Ola Bengaluru dataset)
TRIP000451,Ola,Bengaluru,2026-01-02,03:24:00,03:29:06,Friday,January,Off-Peak,0.93,5.1,1,Bengaluru West,Bengaluru North,Bengaluru West,Bengaluru North,13.00879,77.56637,12.91772,77.50421,58.81,0.0,0,58.81,UPI,Prime Sedan,4.2,Completed,Real-structure (Ola Bengaluru dataset)
TRIP000452,Local Fleet,Bengaluru,2025-12-07,23:47:00,00:00:06,Sunday,December,Off-Peak,2.22,13.1,1,Bengaluru South,Bengaluru South,Bengaluru South,Bengaluru South,13.0392,77.66119,13.00044,77.53408,86.29,0.0,0,86.29,Cash,eBike,4.9,Completed,Real-structure (Ola Bengaluru dataset)
TRIP000453,Local Fleet,Bengaluru,2025-12-16,04:50:00,05:27:12,Tuesday,December,Off-Peak,10.01,37.2,4,Bengaluru Central,Bengaluru Central,Bengaluru Central,Bengaluru Central,13.04654,77.66425,13.02752,77.63098,215.92,0.0,0,215.92,Cash,Prime SUV,4.6,Cancelled by Driver,Real-structure (Ola Bengaluru dataset)
TRIP000454,Rapido,Bengaluru,2025-12-20,17:52:00,18:29:42,Saturday,December,Off-Peak,6.86,37.7,2,Bengaluru Central,Bengaluru East,Bengaluru Central,Bengaluru East,12.92172,77.54287,13.05587,77.62153,178.87,17.89,0,196.76,UPI,Bike,3.5,Completed,Real-structure (Ola Bengaluru dataset)
TRIP000455,Uber,Bengaluru,2026-02-24,16:28:00,16:31:18,Tuesday,February,Off-Peak,0.71,3.3,4,Bengaluru East,Bengaluru South,Bengaluru East,Bengaluru South,12.9738,77.67643,12.95422,77.57935,53.47,0.0,0,53.47,UPI,Bike,3.9,Cancelled by Customer,Real-structure (Ola Bengaluru dataset)
TRIP000456,Uber,Bengaluru,2025-12-06,10:35:00,10:44:30,Saturday,December,Off-Peak,1.73,9.5,4,Bengaluru East,Bengaluru South,Bengaluru East,Bengaluru South,13.00189,77.60766,13.00256,77.59113,75.01,0.0,0,75.01,Card,Mini,4.3,Completed,Real-structure (Ola Bengaluru dataset)
TRIP000457,Rapido,Bengaluru,2026-02-26,23:40:00,23:49:00,Thursday,February,Off-Peak,2.09,9.0,4,Bengaluru North,Bengaluru Central,Bengaluru North,Bengaluru Central,13.02008,77.6083,12.95961,77.54216,78.58,3.93,0,82.51,Wallet,Bike,3.7,Completed,Real-structure (Ola Bengaluru dataset)
TRIP000458,Rapido,Bengaluru,2026-01-02,22:57:00,23:28:00,Friday,January,Off-Peak,5.27,31.0,4,Bengaluru Central,Bengaluru Central,Bengaluru Central,Bengaluru Central,13.02542,77.60999,12.9714,77.60012,149.74,0.0,0,149.74,Cash,Prime Sedan,4.2,Cancelled by Customer,Real-structure (Ola Bengaluru dataset)
TRIP000459,Uber,Bengaluru,2026-01-11,08:12:00,08:21:48,Sunday,January,Peak,1.92,9.8,1,Bengaluru South,Bengaluru South,Bengaluru South,Bengaluru South,12.87141,77.60827,13.02961,77.54009,77.74,0.0,60,137.74,UPI,Mini,3.9,Completed,Real-structure (Ola Bengaluru dataset)
TRIP000460,Ola,Bengaluru,2026-01-03,18:36:00,19:32:06,Saturday,January,Peak,11.35,56.1,2,Bengaluru Central,Bengaluru Central,Bengaluru Central,Bengaluru Central,12.95145,77.55983,12.89198,77.64066,260.35,13.02,0,273.37,UPI,eBike,4.1,Completed,Real-structure (Ola Bengaluru dataset)
TRIP000461,Uber,Bengaluru,2026-02-17,03:04:00,04:07:42,Tuesday,February,Off-Peak,11.24,63.7,1,Bengaluru South,Bengaluru North,Bengaluru South,Bengaluru North,12.94744,77.51014,12.94867,77.52173,270.43,0.0,0,270.43,UPI,Prime Sedan,4.5,Completed,Real-structure (Ola Bengaluru dataset)
TRIP000462,Ola,Bengaluru,2025-12-03,17:31:00,17:47:30,Wednesday,December,Off-Peak,2.87,16.5,3,Bengaluru East,Bengaluru South,Bengaluru East,Bengaluru South,12.95575,77.55794,12.95089,77.6491,99.19,0.0,0,99.19,UPI,Mini,3.9,Completed,Real-structure (Ola Bengaluru dataset)
TRIP000463,Rapido,Bengaluru,2026-01-20,16:35:00,16:40:18,Tuesday,January,Off-Peak,1.33,5.3,4,Bengaluru South,Bengaluru West,Bengaluru South,Bengaluru West,12.91377,77.67449,12.8734,77.56896,63.91,0.0,0,63.91,Card,Prime Sedan,3.5,Completed,Real-structure (Ola Bengaluru dataset)
TRIP000464,Uber,Bengaluru,2025-12-02,04:16:00,04:18:36,Tuesday,December,Off-Peak,0.5,2.6,4,Bengaluru Central,Bengaluru West,Bengaluru Central,Bengaluru West,12.92151,77.52636,12.87054,77.58759,49.9,0.0,40,89.9,Wallet,Auto,4.1,Completed,Real-structure (Ola Bengaluru dataset)
TRIP000465,Uber,Bengaluru,2026-01-11,06:39:00,06:50:42,Sunday,January,Off-Peak,2.83,11.7,1,Bengaluru South,Bengaluru South,Bengaluru South,Bengaluru South,12.94606,77.59507,12.87064,77.5521,91.51,0.0,0,91.51,Card,Mini,4.7,Completed,Real-structure (Ola Bengaluru dataset)
TRIP000466,Local Fleet,Bengaluru,2026-02-12,00:44:00,00:55:54,Thursday,February,Off-Peak,3.03,11.9,3,Bengaluru South,Bengaluru South,Bengaluru South,Bengaluru South,12.9855,77.64337,13.01916,77.52706,94.21,0.0,0,94.21,UPI,Prime Sedan,3.5,Completed,Real-structure (Ola Bengaluru dataset)
TRIP000467,Ola,Bengaluru,2026-01-17,19:07:00,19:21:30,Saturday,January,Peak,4.25,14.5,1,Bengaluru South,Bengaluru Central,Bengaluru South,Bengaluru Central,12.94128,77.5767,12.95452,77.61648,112.75,0.0,0,112.75,Cash,Prime Sedan,4.6,Completed,Real-structure (Ola Bengaluru dataset)
TRIP000468,Local Fleet,Bengaluru,2026-02-25,02:40:00,02:56:54,Wednesday,February,Off-Peak,2.92,16.9,3,Bengaluru Central,Bengaluru East,Bengaluru Central,Bengaluru East,12.95555,77.62786,12.95794,77.66847,100.39,5.02,40,145.41,Cash,Mini,3.7,Completed,Real-structure (Ola Bengaluru dataset)
TRIP000469,Local Fleet,Bengaluru,2025-12-21,13:58:00,14:03:12,Sunday,December,Off-Peak,0.99,5.2,2,Bengaluru Central,Bengaluru East,Bengaluru Central,Bengaluru East,12.98038,77.67438,12.87529,77.57148,59.68,0.0,60,119.68,UPI,Mini,4.1,Completed,Real-structure (Ola Bengaluru dataset)
TRIP000470,Local Fleet,Bengaluru,2026-02-25,20:15:00,20:36:00,Wednesday,February,Off-Peak,4.83,21.0,2,Bengaluru East,Bengaluru South,Bengaluru East,Bengaluru South,12.96298,77.51023,13.03926,77.59953,129.46,0.0,0,129.46,Cash,Mini,3.9,Cancelled by Customer,Real-structure (Ola Bengaluru dataset)
TRIP000471,Rapido,Bengaluru,2026-01-04,00:22:00,00:32:06,Sunday,January,Off-Peak,2.79,10.1,1,Bengaluru Central,Bengaluru South,Bengaluru Central,Bengaluru South,13.00511,77.56377,12.90472,77.58064,88.63,0.0,0,88.63,Card,Bike,4.1,Completed,Real-structure (Ola Bengaluru dataset)
TRIP000472,Uber,Bengaluru,2026-02-05,20:16:00,20:20:18,Thursday,February,Off-Peak,0.99,4.3,1,Bengaluru East,Bengaluru Central,Bengaluru East,Bengaluru Central,12.88655,77.67303,12.92173,77.63431,58.33,0.0,0,58.33,UPI,eBike,4.2,Completed,Real-structure (Ola Bengaluru dataset)
TRIP000473,Rapido,Bengaluru,2026-02-14,04:25:00,04:26:48,Saturday,February,Off-Peak,0.5,1.8,4,Bengaluru West,Bengaluru Central,Bengaluru West,Bengaluru Central,13.05394,77.6115,12.96905,77.6386,48.7,0.0,60,108.7,UPI,Mini,3.6,Completed,Real-structure (Ola Bengaluru dataset)
TRIP000474,Ola,Bengaluru,2026-02-09,15:16:00,15:18:24,Monday,February,Off-Peak,0.5,2.4,1,Bengaluru Central,Bengaluru East,Bengaluru Central,Bengaluru East,13.04022,77.50345,12.8912,77.60312,49.6,0.0,60,109.6,UPI,Mini,4.1,Completed,Real-structure (Ola Bengaluru dataset)
TRIP000475,Local Fleet,Bengaluru,2026-01-18,14:22:00,15:02:06,Sunday,January,Off-Peak,7.93,40.1,1,Bengaluru East,Bengaluru Central,Bengaluru East,Bengaluru Central,12.91373,77.52976,13.04123,77.68847,195.31,9.77,0,205.08,Cash,eBike,4.9,Completed,Real-structure (Ola Bengaluru dataset)
TRIP000476,Local Fleet,Bengaluru,2025-12-25,02:03:00,02:05:30,Thursday,December,Off-Peak,0.5,2.5,1,Bengaluru Central,Bengaluru North,Bengaluru Central,Bengaluru North,13.05261,77.51143,13.01878,77.60587,49.75,0.0,0,49.75,UPI,Prime Sedan,4.1,Completed,Real-structure (Ola Bengaluru dataset)
TRIP000477,Ola,Bengaluru,2026-02-04,22:39:00,22:40:54,Wednesday,February,Off-Peak,0.5,1.9,3,Bengaluru South,Bengaluru Central,Bengaluru South,Bengaluru Central,13.06486,77.67916,13.04588,77.6882,48.85,0.0,0,48.85,UPI,Prime SUV,5.0,Completed,Real-structure (Ola Bengaluru dataset)
TRIP000478,Uber,Bengaluru,2026-01-27,03:58:00,04:11:48,Tuesday,January,Off-Peak,2.92,13.8,3,Bengaluru South,Bengaluru South,Bengaluru South,Bengaluru South,13.02883,77.68452,12.90006,77.67132,95.74,0.0,0,95.74,UPI,Bike,4.6,Completed,Real-structure (Ola Bengaluru dataset)
TRIP000479,Ola,Bengaluru,2026-01-04,13:00:00,13:21:12,Sunday,January,Off-Peak,3.66,21.2,1,Bengaluru North,Bengaluru South,Bengaluru North,Bengaluru South,13.04021,77.5043,12.87642,77.5295,115.72,0.0,0,115.72,UPI,Prime Sedan,4.4,Incomplete,Real-structure (Ola Bengaluru dataset)
TRIP000480,Rapido,Bengaluru,2025-12-04,07:11:00,07:14:06,Thursday,December,Off-Peak,0.65,3.1,1,Bengaluru South,Bengaluru North,Bengaluru South,Bengaluru North,12.96876,77.49018,13.04255,77.49254,52.45,0.0,0,52.45,UPI,Bike,4.9,Cancelled by Driver,Real-structure (Ola Bengaluru dataset)
TRIP000481,Rapido,Bengaluru,2025-12-14,03:50:00,03:54:18,Sunday,December,Off-Peak,0.88,4.3,1,Bengaluru East,Bengaluru North,Bengaluru East,Bengaluru North,12.87785,77.64791,12.99952,77.65426,57.01,2.85,0,59.86,Wallet,Prime Sedan,3.8,Completed,Real-structure (Ola Bengaluru dataset)
TRIP000482,Ola,Bengaluru,2026-01-13,23:03:00,23:25:00,Tuesday,January,Off-Peak,3.99,22.0,1,Bengaluru South,Bengaluru South,Bengaluru South,Bengaluru South,13.03757,77.56675,12.98916,77.59309,120.88,0.0,0,120.88,UPI,Prime Sedan,3.9,Completed,Real-structure (Ola Bengaluru dataset)
TRIP000483,Uber,Bengaluru,2026-02-25,16:15:00,16:16:30,Wednesday,February,Off-Peak,0.5,1.5,2,Bengaluru South,Bengaluru West,Bengaluru South,Bengaluru West,12.87827,77.639,13.06619,77.64568,48.25,0.0,0,48.25,Card,Prime Sedan,4.3,Completed,Real-structure (Ola Bengaluru dataset)
TRIP000484,Ola,Bengaluru,2026-02-21,10:08:00,10:14:24,Saturday,February,Off-Peak,1.87,6.4,4,Bengaluru East,Bengaluru South,Bengaluru East,Bengaluru South,12.96868,77.67829,12.94642,77.53654,72.04,0.0,0,72.04,UPI,Mini,4.8,Completed,Real-structure (Ola Bengaluru dataset)
TRIP000485,Ola,Bengaluru,2026-02-18,05:37:00,05:39:54,Wednesday,February,Off-Peak,0.52,2.9,2,Bengaluru North,Bengaluru Central,Bengaluru North,Bengaluru Central,12.91784,77.65473,12.96409,77.63007,50.59,5.06,0,55.65,UPI,Auto,4.9,Cancelled by Driver,Real-structure (Ola Bengaluru dataset)
TRIP000486,Uber,Bengaluru,2026-01-02,13:55:00,14:22:42,Friday,January,Off-Peak,8.3,27.7,1,Bengaluru North,Bengaluru East,Bengaluru North,Bengaluru East,13.02627,77.58984,12.9026,77.55337,181.15,0.0,0,181.15,Cash,Bike,4.7,Cancelled by Driver,Real-structure (Ola Bengaluru dataset)
TRIP000487,Local Fleet,Bengaluru,2026-01-27,01:24:00,01:30:00,Tuesday,January,Off-Peak,1.62,6.0,1,Bengaluru Central,Bengaluru East,Bengaluru Central,Bengaluru East,12.89854,77.60692,13.02674,77.54473,68.44,6.84,0,75.28,Card,Mini,4.0,Completed,Real-structure (Ola Bengaluru dataset)
TRIP000488,Uber,Bengaluru,2026-01-23,03:13:00,03:30:48,Friday,January,Off-Peak,3.92,17.8,3,Bengaluru North,Bengaluru West,Bengaluru North,Bengaluru West,13.02448,77.54123,13.01047,77.59209,113.74,5.69,0,119.43,UPI,Mini,4.0,Completed,Real-structure (Ola Bengaluru dataset)
TRIP000489,Uber,Bengaluru,2025-12-14,17:58:00,18:08:54,Sunday,December,Off-Peak,2.88,10.9,1,Bengaluru Central,Bengaluru North,Bengaluru Central,Bengaluru North,12.96506,77.55323,12.9685,77.59657,90.91,0.0,0,90.91,Card,Prime SUV,4.1,Cancelled by Customer,Real-structure (Ola Bengaluru dataset)
TRIP000490,Uber,Bengaluru,2025-12-30,20:17:00,20:37:12,Tuesday,December,Off-Peak,4.91,20.2,3,Bengaluru South,Bengaluru South,Bengaluru South,Bengaluru South,12.94142,77.6164,13.03268,77.51909,129.22,0.0,0,129.22,UPI,Prime SUV,3.8,Completed,Real-structure (Ola Bengaluru dataset)
TRIP000491,Local Fleet,Bengaluru,2026-01-21,17:59:00,18:10:06,Wednesday,January,Off-Peak,2.2,11.1,1,Bengaluru East,Bengaluru South,Bengaluru East,Bengaluru South,12.90254,77.61508,12.91376,77.57468,83.05,0.0,0,83.05,Cash,Mini,3.5,Completed,Real-structure (Ola Bengaluru dataset)
TRIP000492,Ola,Bengaluru,2025-12-21,17:13:00,17:39:48,Sunday,December,Off-Peak,7.8,26.8,1,Bengaluru North,Bengaluru South,Bengaluru North,Bengaluru South,12.9619,77.5689,13.01609,77.55199,173.8,0.0,0,173.8,UPI,Prime Sedan,4.5,Cancelled by Customer,Real-structure (Ola Bengaluru dataset)
TRIP000493,Uber,Bengaluru,2026-02-27,20:57:00,21:01:48,Friday,February,Off-Peak,1.46,4.8,3,Bengaluru East,Bengaluru East,Bengaluru East,Bengaluru East,12.98287,77.50409,13.01608,77.62721,64.72,0.0,0,64.72,Cash,Bike,4.9,Completed,Real-structure (Ola Bengaluru dataset)
TRIP000494,Rapido,Bengaluru,2026-01-19,23:14:00,23:37:18,Monday,January,Off-Peak,5.49,23.3,1,Bengaluru South,Bengaluru East,Bengaluru South,Bengaluru East,13.05343,77.65807,12.93127,77.66777,140.83,14.08,0,154.91,UPI,Prime SUV,3.6,Cancelled by Driver,Real-structure (Ola Bengaluru dataset)
TRIP000495,Ola,Bengaluru,2025-12-10,14:25:00,14:27:54,Wednesday,December,Off-Peak,0.81,2.9,1,Bengaluru East,Bengaluru Central,Bengaluru East,Bengaluru Central,12.87444,77.52705,12.99135,77.50729,54.07,0.0,0,54.07,Wallet,Auto,3.8,Completed,Real-structure (Ola Bengaluru dataset)
TRIP000496,Uber,Bengaluru,2026-01-15,03:38:00,03:48:42,Thursday,January,Off-Peak,2.91,10.7,3,Bengaluru East,Bengaluru Central,Bengaluru East,Bengaluru Central,12.87396,77.54215,13.02299,77.52468,90.97,0.0,0,90.97,UPI,Prime Sedan,3.6,Completed,Real-structure (Ola Bengaluru dataset)
TRIP000497,Ola,Bengaluru,2025-12-24,19:38:00,19:42:12,Wednesday,December,Peak,1.25,4.2,4,Bengaluru Central,Bengaluru South,Bengaluru Central,Bengaluru South,12.90363,77.61638,13.06439,77.66284,61.3,0.0,0,61.3,UPI,Prime Sedan,4.3,Completed,Real-structure (Ola Bengaluru dataset)
TRIP000498,Ola,Bengaluru,2026-01-05,05:27:00,05:59:42,Monday,January,Off-Peak,6.99,32.7,2,Bengaluru West,Bengaluru South,Bengaluru West,Bengaluru South,12.95943,77.51393,13.05757,77.67865,172.93,0.0,60,232.93,UPI,Prime Sedan,3.6,Completed,Real-structure (Ola Bengaluru dataset)
TRIP000499,Ola,Bengaluru,2026-01-07,19:07:00,19:14:42,Wednesday,January,Peak,1.97,7.7,1,Bengaluru South,Bengaluru East,Bengaluru South,Bengaluru East,13.02609,77.67378,12.89768,77.55878,75.19,0.0,0,75.19,UPI,eBike,4.1,Incomplete,Real-structure (Ola Bengaluru dataset)
TRIP000500,Ola,Bengaluru,2025-12-16,03:33:00,03:43:36,Tuesday,December,Off-Peak,2.66,10.6,2,Bengaluru Central,Bengaluru Central,Bengaluru Central,Bengaluru Central,12.96626,77.66696,13.01282,77.66403,87.82,0.0,0,87.82,Cash,Prime SUV,5.0,Completed,Real-structure (Ola Bengaluru dataset)
TRIP000501,Rapido,Bengaluru,2026-02-23,00:03:00,00:11:54,Monday,February,Off-Peak,1.91,8.9,1,Bengaluru South,Bengaluru Central,Bengaluru South,Bengaluru Central,12.93952,77.6854,13.06901,77.64413,76.27,7.63,0,83.9,Card,Prime Sedan,4.0,Completed,Real-structure (Ola Bengaluru dataset)
TRIP000502,Ola,Bengaluru,2026-02-10,16:31:00,17:04:12,Tuesday,February,Off-Peak,7.01,33.2,1,Bengaluru North,Bengaluru North,Bengaluru North,Bengaluru North,12.98235,77.53433,13.05939,77.65544,173.92,17.39,0,191.31,Wallet,Auto,4.8,Completed,Real-structure (Ola Bengaluru dataset)
TRIP000503,Rapido,Bengaluru,2026-02-03,12:49:00,13:04:12,Tuesday,February,Off-Peak,2.61,15.2,1,Bengaluru East,Bengaluru North,Bengaluru East,Bengaluru North,13.03274,77.64688,13.01459,77.62389,94.12,0.0,0,94.12,UPI,Prime Sedan,3.8,Cancelled by Customer,Real-structure (Ola Bengaluru dataset)
TRIP000504,Ola,Bengaluru,2025-12-09,11:49:00,11:52:30,Tuesday,December,Off-Peak,0.74,3.5,1,Bengaluru West,Bengaluru Central,Bengaluru West,Bengaluru Central,13.02329,77.54922,13.00812,77.50516,54.13,2.71,0,56.84,UPI,eBike,3.8,Completed,Real-structure (Ola Bengaluru dataset)
TRIP000505,Uber,Bengaluru,2026-01-20,02:19:00,02:38:18,Tuesday,January,Off-Peak,3.96,19.3,2,Bengaluru West,Bengaluru Central,Bengaluru West,Bengaluru Central,12.90076,77.55809,13.00375,77.64116,116.47,0.0,0,116.47,Card,Bike,3.8,Completed,Real-structure (Ola Bengaluru dataset)
TRIP000506,Uber,Bengaluru,2025-12-07,03:28:00,03:33:24,Sunday,December,Off-Peak,0.93,5.4,1,Bengaluru North,Bengaluru South,Bengaluru North,Bengaluru South,13.00756,77.59302,13.01971,77.49594,59.26,5.93,0,65.19,UPI,Auto,4.7,Cancelled by Driver,Real-structure (Ola Bengaluru dataset)
TRIP000507,Uber,Bengaluru,2025-12-16,05:48:00,06:13:18,Tuesday,December,Off-Peak,4.26,25.3,1,Bengaluru North,Bengaluru South,Bengaluru North,Bengaluru South,12.90012,77.51872,12.97371,77.63985,129.07,0.0,0,129.07,Cash,Bike,4.0,Completed,Real-structure (Ola Bengaluru dataset)
TRIP000508,Rapido,Bengaluru,2025-12-14,07:36:00,07:40:54,Sunday,December,Off-Peak,0.96,4.9,1,Bengaluru Central,Bengaluru North,Bengaluru Central,Bengaluru North,12.97046,77.55574,12.95803,77.50685,58.87,0.0,0,58.87,UPI,eBike,3.8,Completed,Real-structure (Ola Bengaluru dataset)
TRIP000509,Uber,Bengaluru,2026-01-23,21:04:00,21:11:18,Friday,January,Off-Peak,1.21,7.3,2,Bengaluru Central,Bengaluru East,Bengaluru Central,Bengaluru East,13.01252,77.52837,12.95513,77.52683,65.47,0.0,0,65.47,UPI,Prime SUV,4.4,Cancelled by Driver,Real-structure (Ola Bengaluru dataset)
TRIP000510,Local Fleet,Bengaluru,2026-01-10,15:55:00,16:01:24,Saturday,January,Off-Peak,1.29,6.4,1,Bengaluru South,Bengaluru West,Bengaluru South,Bengaluru West,12.94617,77.63583,12.94568,77.49117,65.08,0.0,0,65.08,UPI,Prime Sedan,4.0,Completed,Real-structure (Ola Bengaluru dataset)
TRIP000511,Rapido,Bengaluru,2025-12-19,04:21:00,04:35:12,Friday,December,Off-Peak,2.71,14.2,2,Bengaluru East,Bengaluru East,Bengaluru East,Bengaluru East,12.90365,77.60168,13.02528,77.53268,93.82,0.0,0,93.82,UPI,eBike,4.9,Completed,Real-structure (Ola Bengaluru dataset)
TRIP000512,Ola,Bengaluru,2025-12-23,03:04:00,03:14:42,Tuesday,December,Off-Peak,3.37,10.7,1,Bengaluru East,Bengaluru East,Bengaluru East,Bengaluru East,12.89637,77.67266,12.87595,77.578,96.49,0.0,0,96.49,Wallet,Bike,3.8,Completed,Real-structure (Ola Bengaluru dataset)
TRIP000513,Ola,Bengaluru,2026-01-22,06:52:00,07:17:48,Thursday,January,Off-Peak,4.58,25.8,1,Bengaluru North,Bengaluru East,Bengaluru North,Bengaluru East,13.04488,77.60084,13.01989,77.60756,133.66,0.0,0,133.66,UPI,Prime Sedan,3.6,Cancelled by Customer,Real-structure (Ola Bengaluru dataset)
TRIP000514,Uber,Bengaluru,2025-12-07,07:31:00,07:38:42,Sunday,December,Off-Peak,2.19,7.7,4,Bengaluru North,Bengaluru East,Bengaluru North,Bengaluru East,12.92117,77.58499,12.99825,77.64645,77.83,3.89,0,81.72,UPI,eBike,4.8,Completed,Real-structure (Ola Bengaluru dataset)
TRIP000515,Local Fleet,Bengaluru,2026-02-05,14:42:00,14:54:24,Thursday,February,Off-Peak,2.79,12.4,1,Bengaluru West,Bengaluru Central,Bengaluru West,Bengaluru Central,12.91902,77.53219,13.01708,77.65371,92.08,0.0,0,92.08,UPI,eBike,4.4,Completed,Real-structure (Ola Bengaluru dataset)
TRIP000516,Local Fleet,Bengaluru,2026-01-12,00:01:00,00:12:18,Monday,January,Off-Peak,3.51,11.3,2,Bengaluru Central,Bengaluru West,Bengaluru Central,Bengaluru West,12.97806,77.582,13.02663,77.50222,99.07,9.91,0,108.98,Cash,Bike,3.6,Completed,Real-structure (Ola Bengaluru dataset)
TRIP000517,Rapido,Bengaluru,2025-12-12,22:58:00,23:36:30,Friday,December,Off-Peak,9.03,38.5,1,Bengaluru North,Bengaluru Central,Bengaluru North,Bengaluru Central,13.00894,77.50156,12.97002,77.68817,206.11,0.0,0,206.11,UPI,Mini,3.9,Completed,Real-structure (Ola Bengaluru dataset)
TRIP000518,Uber,Bengaluru,2026-01-12,22:09:00,22:25:06,Monday,January,Off-Peak,2.77,16.1,1,Bengaluru West,Bengaluru Central,Bengaluru West,Bengaluru Central,13.06863,77.56745,13.0581,77.56809,97.39,0.0,0,97.39,UPI,Mini,3.5,Cancelled by Customer,Real-structure (Ola Bengaluru dataset)
TRIP000519,Rapido,Bengaluru,2026-02-19,21:59:00,22:04:42,Thursday,February,Off-Peak,1.84,5.7,2,Bengaluru West,Bengaluru West,Bengaluru West,Bengaluru West,13.05743,77.49603,12.87202,77.50629,70.63,0.0,60,130.63,UPI,Auto,3.6,Completed,Real-structure (Ola Bengaluru dataset)
TRIP000520,Rapido,Bengaluru,2026-02-02,07:06:00,07:14:54,Monday,February,Off-Peak,1.94,8.9,4,Bengaluru Central,Bengaluru West,Bengaluru Central,Bengaluru West,12.95377,77.65898,12.92749,77.5863,76.63,0.0,0,76.63,Wallet,Mini,3.8,Cancelled by Customer,Real-structure (Ola Bengaluru dataset)
TRIP000521,Rapido,Bengaluru,2026-01-21,08:30:00,08:36:36,Wednesday,January,Peak,1.38,6.6,1,Bengaluru Central,Bengaluru East,Bengaluru Central,Bengaluru East,13.06783,77.68726,12.99198,77.62679,66.46,0.0,0,66.46,Cash,Prime Sedan,4.6,Cancelled by Customer,Real-structure (Ola Bengaluru dataset)
TRIP000522,Rapido,Bengaluru,2026-01-11,23:44:00,23:46:18,Sunday,January,Off-Peak,0.5,2.3,1,Bengaluru South,Bengaluru East,Bengaluru South,Bengaluru East,12.96521,77.66272,12.88175,77.68061,49.45,0.0,0,49.45,UPI,Prime SUV,4.9,Cancelled by Customer,Real-structure (Ola Bengaluru dataset)
TRIP000523,Uber,Bengaluru,2025-12-25,04:30:00,04:38:30,Thursday,December,Off-Peak,2.27,8.5,3,Bengaluru North,Bengaluru West,Bengaluru North,Bengaluru West,13.03488,77.5985,13.06589,77.57468,79.99,8.0,0,87.99,UPI,Prime SUV,4.9,Completed,Real-structure (Ola Bengaluru dataset)
TRIP000524,Local Fleet,Bengaluru,2025-12-25,11:50:00,11:52:24,Thursday,December,Off-Peak,0.5,2.4,2,Bengaluru East,Bengaluru West,Bengaluru East,Bengaluru West,12.93454,77.5356,12.97779,77.5595,49.6,4.96,0,54.56,UPI,eBike,3.9,Cancelled by Driver,Real-structure (Ola Bengaluru dataset)
TRIP000525,Ola,Bengaluru,2026-01-31,02:39:00,02:46:24,Saturday,January,Off-Peak,1.59,7.4,4,Bengaluru West,Bengaluru Central,Bengaluru West,Bengaluru Central,12.97222,77.55237,13.04742,77.57456,70.18,0.0,0,70.18,Card,eBike,4.0,Completed,Real-structure (Ola Bengaluru dataset)
TRIP000526,Ola,Bengaluru,2025-12-05,16:36:00,16:37:48,Friday,December,Off-Peak,0.5,1.8,4,Bengaluru West,Bengaluru East,Bengaluru West,Bengaluru East,13.03844,77.50013,12.94742,77.61862,48.7,0.0,0,48.7,UPI,Mini,4.3,Completed,Real-structure (Ola Bengaluru dataset)
TRIP000527,Uber,Bengaluru,2025-12-12,19:05:00,19:06:48,Friday,December,Peak,0.5,1.8,3,Bengaluru East,Bengaluru West,Bengaluru East,Bengaluru West,13.02908,77.62902,12.97836,77.60013,48.7,0.0,0,48.7,Wallet,eBike,4.4,Completed,Real-structure (Ola Bengaluru dataset)
TRIP000528,Uber,Bengaluru,2026-02-27,09:42:00,09:44:54,Friday,February,Peak,0.5,2.9,1,Bengaluru South,Bengaluru West,Bengaluru South,Bengaluru West,12.88225,77.5426,12.97831,77.50672,50.35,0.0,0,50.35,Wallet,Prime Sedan,4.4,Completed,Real-structure (Ola Bengaluru dataset)
TRIP000529,Local Fleet,Bengaluru,2025-12-04,12:55:00,13:03:42,Thursday,December,Off-Peak,2.47,8.7,1,Bengaluru North,Bengaluru East,Bengaluru North,Bengaluru East,13.03758,77.50503,12.89297,77.53754,82.69,0.0,0,82.69,UPI,eBike,4.3,Completed,Real-structure (Ola Bengaluru dataset)
TRIP000530,Local Fleet,Bengaluru,2026-02-24,17:44:00,18:01:42,Tuesday,February,Off-Peak,5.39,17.7,3,Bengaluru South,Bengaluru South,Bengaluru South,Bengaluru South,12.88705,77.62897,12.97165,77.52151,131.23,0.0,60,191.23,Cash,eBike,4.5,Completed,Real-structure (Ola Bengaluru dataset)
TRIP000531,Uber,Bengaluru,2025-12-16,12:35:00,13:06:18,Tuesday,December,Off-Peak,7.38,31.3,4,Bengaluru West,Bengaluru North,Bengaluru West,Bengaluru North,12.91323,77.60524,12.90581,77.51817,175.51,8.78,0,184.29,Cash,Mini,4.7,Completed,Real-structure (Ola Bengaluru dataset)
TRIP000532,Local Fleet,Bengaluru,2026-02-21,14:38:00,14:54:30,Saturday,February,Off-Peak,5.28,16.5,4,Bengaluru East,Bengaluru West,Bengaluru East,Bengaluru West,12.90968,77.66236,12.99319,77.6878,128.11,0.0,0,128.11,UPI,Prime Sedan,4.5,Completed,Real-structure (Ola Bengaluru dataset)
TRIP000533,Local Fleet,Bengaluru,2026-02-18,05:08:00,05:09:54,Wednesday,February,Off-Peak,0.5,1.9,2,Bengaluru South,Bengaluru Central,Bengaluru South,Bengaluru Central,12.87105,77.66475,13.06112,77.53046,48.85,0.0,0,48.85,Card,Bike,3.9,Cancelled by Customer,Real-structure (Ola Bengaluru dataset)
TRIP000534,Ola,Bengaluru,2025-12-03,07:11:00,07:47:48,Wednesday,December,Off-Peak,8.9,36.8,3,Bengaluru South,Bengaluru Central,Bengaluru South,Bengaluru Central,12.95569,77.65154,13.05765,77.58105,202.0,0.0,0,202.0,UPI,Auto,3.6,Completed,Real-structure (Ola Bengaluru dataset)
TRIP000535,Rapido,Bengaluru,2026-01-23,19:57:00,20:07:06,Friday,January,Peak,1.74,10.1,4,Bengaluru West,Bengaluru South,Bengaluru West,Bengaluru South,12.95522,77.59376,12.87092,77.49666,76.03,7.6,0,83.63,UPI,eBike,3.6,Cancelled by Driver,Real-structure (Ola Bengaluru dataset)
TRIP000536,Rapido,Bengaluru,2026-02-22,16:48:00,17:07:48,Sunday,February,Off-Peak,4.3,19.8,4,Bengaluru East,Bengaluru South,Bengaluru East,Bengaluru South,13.03204,77.50771,12.95575,77.57691,121.3,0.0,0,121.3,Cash,eBike,3.8,Completed,Real-structure (Ola Bengaluru dataset)
TRIP000537,Uber,Bengaluru,2026-01-09,09:43:00,09:44:54,Friday,January,Peak,0.62,1.9,3,Bengaluru East,Bengaluru West,Bengaluru East,Bengaluru West,12.95314,77.63589,13.00354,77.5353,50.29,2.51,60,112.8,UPI,eBike,3.6,Completed,Real-structure (Ola Bengaluru dataset)
TRIP000538,Local Fleet,Bengaluru,2026-02-01,15:40:00,16:33:42,Sunday,February,Off-Peak,10.59,53.7,4,Bengaluru Central,Bengaluru North,Bengaluru Central,Bengaluru North,12.87549,77.59352,12.93365,77.49871,247.63,24.76,0,272.39,Wallet,eBike,5.0,Completed,Real-structure (Ola Bengaluru dataset)
TRIP000539,Uber,Bengaluru,2026-02-07,16:56:00,16:59:42,Saturday,February,Off-Peak,0.81,3.7,1,Bengaluru East,Bengaluru East,Bengaluru East,Bengaluru East,13.03056,77.52727,13.03188,77.57035,55.27,0.0,0,55.27,Cash,Mini,4.0,Completed,Real-structure (Ola Bengaluru dataset)
TRIP000540,Local Fleet,Bengaluru,2026-02-13,00:15:00,00:16:54,Friday,February,Off-Peak,0.55,1.9,1,Bengaluru South,Bengaluru Central,Bengaluru South,Bengaluru Central,13.02965,77.67621,12.87087,77.53658,49.45,0.0,0,49.45,UPI,Prime Sedan,4.6,Cancelled by Driver,Real-structure (Ola Bengaluru dataset)
TRIP000541,Local Fleet,Bengaluru,2026-01-12,13:15:00,13:21:24,Monday,January,Off-Peak,1.19,6.4,1,Bengaluru South,Bengaluru South,Bengaluru South,Bengaluru South,12.88768,77.57152,12.99699,77.62792,63.88,0.0,60,123.88,Card,Bike,3.8,Completed,Real-structure (Ola Bengaluru dataset)
TRIP000542,Rapido,Bengaluru,2026-02-12,09:31:00,09:40:12,Thursday,February,Peak,2.35,9.2,1,Bengaluru South,Bengaluru Central,Bengaluru South,Bengaluru Central,12.97896,77.6759,12.99358,77.5328,82.0,0.0,0,82.0,Cash,Bike,3.8,Cancelled by Driver,Real-structure (Ola Bengaluru dataset)
TRIP000543,Rapido,Bengaluru,2025-12-16,16:59:00,18:02:54,Tuesday,December,Off-Peak,13.91,63.9,3,Bengaluru North,Bengaluru North,Bengaluru North,Bengaluru North,12.95483,77.68413,12.96877,77.62149,302.77,0.0,0,302.77,UPI,Prime SUV,4.9,Cancelled by Driver,Real-structure (Ola Bengaluru dataset)
TRIP000544,Rapido,Bengaluru,2025-12-20,04:38:00,05:19:06,Saturday,December,Off-Peak,9.22,41.1,4,Bengaluru North,Bengaluru West,Bengaluru North,Bengaluru West,12.9163,77.60088,12.89188,77.54976,212.29,0.0,0,212.29,Cash,Bike,4.1,Completed,Real-structure (Ola Bengaluru dataset)
TRIP000545,Local Fleet,Bengaluru,2026-02-17,19:40:00,20:41:42,Tuesday,February,Peak,13.85,61.7,1,Bengaluru Central,Bengaluru North,Bengaluru Central,Bengaluru North,13.00007,77.52238,12.92067,77.64005,298.75,0.0,0,298.75,Cash,Prime Sedan,3.8,Completed,Real-structure (Ola Bengaluru dataset)
TRIP000546,Ola,Bengaluru,2026-02-03,08:51:00,09:02:48,Tuesday,February,Peak,2.9,11.8,4,Bengaluru West,Bengaluru North,Bengaluru West,Bengaluru North,13.01102,77.5762,13.0453,77.56643,92.5,0.0,0,92.5,UPI,Prime Sedan,4.1,Cancelled by Customer,Real-structure (Ola Bengaluru dataset)
TRIP000547,Local Fleet,Bengaluru,2025-12-08,19:10:00,19:52:06,Monday,December,Peak,8.66,42.1,1,Bengaluru South,Bengaluru North,Bengaluru South,Bengaluru North,13.01425,77.54954,13.04592,77.52313,207.07,0.0,0,207.07,UPI,Mini,4.5,Completed,Real-structure (Ola Bengaluru dataset)
TRIP000548,Ola,Bengaluru,2026-02-01,15:26:00,15:31:42,Sunday,February,Off-Peak,1.14,5.7,1,Bengaluru West,Bengaluru East,Bengaluru West,Bengaluru East,13.05289,77.54836,12.97995,77.56801,62.23,0.0,40,102.23,UPI,Mini,4.0,Completed,Real-structure (Ola Bengaluru dataset)
TRIP000549,Ola,Bengaluru,2025-12-24,04:27:00,04:31:36,Wednesday,December,Off-Peak,1.23,4.6,1,Bengaluru South,Bengaluru East,Bengaluru South,Bengaluru East,13.01597,77.53909,12.94325,77.51116,61.66,6.17,0,67.83,Wallet,Mini,3.7,Completed,Real-structure (Ola Bengaluru dataset)
TRIP000550,Ola,Bengaluru,2025-12-04,06:28:00,06:46:18,Thursday,December,Off-Peak,4.45,18.3,1,Bengaluru South,Bengaluru Central,Bengaluru South,Bengaluru Central,13.05457,77.56747,13.01791,77.59977,120.85,0.0,0,120.85,UPI,Prime Sedan,4.0,Completed,Real-structure (Ola Bengaluru dataset)
TRIP000551,Uber,Bengaluru,2026-02-28,03:20:00,03:22:42,Saturday,February,Off-Peak,0.5,2.7,3,Bengaluru West,Bengaluru East,Bengaluru West,Bengaluru East,12.97305,77.66835,12.94688,77.50631,50.05,5.0,0,55.05,Wallet,Prime Sedan,4.4,Completed,Real-structure (Ola Bengaluru dataset)
TRIP000552,Local Fleet,Bengaluru,2025-12-07,07:16:00,08:19:48,Sunday,December,Off-Peak,15.4,63.8,2,Bengaluru Central,Bengaluru West,Bengaluru Central,Bengaluru West,12.89291,77.60785,12.88699,77.65243,320.5,16.03,0,336.53,Wallet,Mini,4.5,Completed,Real-structure (Ola Bengaluru dataset)
TRIP000553,Rapido,Bengaluru,2025-12-29,07:20:00,07:26:48,Monday,December,Off-Peak,1.28,6.8,2,Bengaluru East,Bengaluru East,Bengaluru East,Bengaluru East,12.8857,77.5666,12.94436,77.68316,65.56,0.0,0,65.56,Cash,Mini,4.5,Completed,Real-structure (Ola Bengaluru dataset)
TRIP000554,Local Fleet,Bengaluru,2026-01-24,13:20:00,13:24:36,Saturday,January,Off-Peak,1.52,4.6,1,Bengaluru East,Bengaluru South,Bengaluru East,Bengaluru South,12.93029,77.67292,12.91335,77.66223,65.14,3.26,40,108.4,UPI,Prime Sedan,4.2,Completed,Real-structure (Ola Bengaluru dataset)
TRIP000555,Rapido,Bengaluru,2025-12-09,18:13:00,18:18:00,Tuesday,December,Peak,1.03,5.0,1,Bengaluru East,Bengaluru Central,Bengaluru East,Bengaluru Central,12.94816,77.50265,12.96877,77.53862,59.86,0.0,0,59.86,UPI,eBike,3.6,Completed,Real-structure (Ola Bengaluru dataset)
TRIP000556,Local Fleet,Bengaluru,2026-01-30,07:56:00,08:01:06,Friday,January,Off-Peak,1.25,5.1,2,Bengaluru Central,Bengaluru Central,Bengaluru Central,Bengaluru Central,13.00559,77.59638,12.95696,77.61046,62.65,0.0,60,122.65,UPI,Prime Sedan,4.6,Cancelled by Driver,Real-structure (Ola Bengaluru dataset)
TRIP000557,Local Fleet,Bengaluru,2026-02-12,19:26:00,19:40:18,Thursday,February,Peak,3.51,14.3,1,Bengaluru West,Bengaluru West,Bengaluru West,Bengaluru West,13.03077,77.642,13.02313,77.68954,103.57,0.0,0,103.57,UPI,Bike,4.1,Completed,Real-structure (Ola Bengaluru dataset)
TRIP000558,Uber,Bengaluru,2026-02-16,07:41:00,07:43:36,Monday,February,Off-Peak,0.5,2.6,1,Bengaluru West,Bengaluru Central,Bengaluru West,Bengaluru Central,12.87992,77.51923,12.89089,77.50304,49.9,0.0,0,49.9,Cash,Prime SUV,4.4,Cancelled by Driver,Real-structure (Ola Bengaluru dataset)
TRIP000559,Ola,Bengaluru,2025-12-27,07:57:00,08:04:48,Saturday,December,Off-Peak,1.79,7.8,1,Bengaluru West,Bengaluru East,Bengaluru West,Bengaluru East,12.93466,77.53782,12.99971,77.49928,73.18,0.0,0,73.18,UPI,Bike,3.9,Completed,Real-structure (Ola Bengaluru dataset)
TRIP000560,Uber,Bengaluru,2026-02-03,15:05:00,15:14:42,Tuesday,February,Off-Peak,1.79,9.7,1,Bengaluru South,Bengaluru North,Bengaluru South,Bengaluru North,13.04599,77.55627,12.94007,77.66554,76.03,0.0,0,76.03,Cash,Bike,4.5,Completed,Real-structure (Ola Bengaluru dataset)
TRIP000561,Uber,Bengaluru,2026-02-27,19:25:00,20:13:00,Friday,February,Peak,9.24,48.0,3,Bengaluru West,Bengaluru East,Bengaluru West,Bengaluru East,13.02251,77.55731,12.96748,77.65715,222.88,0.0,0,222.88,Cash,Prime SUV,4.8,Completed,Real-structure (Ola Bengaluru dataset)
TRIP000562,Local Fleet,Bengaluru,2026-01-11,02:20:00,02:39:42,Sunday,January,Off-Peak,4.35,19.7,3,Bengaluru East,Bengaluru Central,Bengaluru East,Bengaluru Central,13.02591,77.68799,12.92579,77.67317,121.75,0.0,60,181.75,UPI,Prime Sedan,3.5,Completed,Real-structure (Ola Bengaluru dataset)
TRIP000563,Uber,Bengaluru,2025-12-26,11:23:00,11:42:42,Friday,December,Off-Peak,4.12,19.7,2,Bengaluru East,Bengaluru South,Bengaluru East,Bengaluru South,13.03994,77.65819,13.05384,77.50352,118.99,11.9,0,130.89,Cash,Prime SUV,4.1,Completed,Real-structure (Ola Bengaluru dataset)
TRIP000564,Rapido,Bengaluru,2025-12-05,02:06:00,02:08:42,Friday,December,Off-Peak,0.5,2.7,1,Bengaluru West,Bengaluru West,Bengaluru West,Bengaluru West,12.87875,77.51539,13.04267,77.65923,50.05,5.0,0,55.05,UPI,Auto,4.9,Completed,Real-structure (Ola Bengaluru dataset)
TRIP000565,Rapido,Bengaluru,2026-01-24,01:12:00,01:15:42,Saturday,January,Off-Peak,1.14,3.7,3,Bengaluru Central,Bengaluru East,Bengaluru Central,Bengaluru East,13.04816,77.62341,13.04134,77.50704,59.23,2.96,0,62.19,UPI,Auto,3.5,Completed,Real-structure (Ola Bengaluru dataset)
TRIP000566,Ola,Bengaluru,2026-01-11,11:54:00,12:10:18,Sunday,January,Off-Peak,3.02,16.3,2,Bengaluru North,Bengaluru Central,Bengaluru North,Bengaluru Central,13.00916,77.68079,12.97704,77.56142,100.69,10.07,0,110.76,Wallet,Prime SUV,4.1,Completed,Real-structure (Ola Bengaluru dataset)
TRIP000567,Uber,Bengaluru,2025-12-20,18:31:00,18:46:48,Saturday,December,Peak,4.0,15.8,1,Bengaluru West,Bengaluru West,Bengaluru West,Bengaluru West,12.89651,77.52563,13.02175,77.64403,111.7,0.0,0,111.7,Card,Prime Sedan,4.6,Completed,Real-structure (Ola Bengaluru dataset)
TRIP000568,Rapido,Bengaluru,2026-01-03,22:48:00,23:11:24,Saturday,January,Off-Peak,4.93,23.4,4,Bengaluru North,Bengaluru North,Bengaluru North,Bengaluru North,12.94326,77.64776,13.05261,77.64066,134.26,0.0,0,134.26,Cash,eBike,3.5,Incomplete,Real-structure (Ola Bengaluru dataset)
TRIP000569,Local Fleet,Bengaluru,2026-02-26,07:39:00,07:43:12,Thursday,February,Off-Peak,0.95,4.2,4,Bengaluru West,Bengaluru South,Bengaluru West,Bengaluru South,12.94274,77.58649,13.03837,77.66067,57.7,0.0,0,57.7,Card,eBike,4.2,Completed,Real-structure (Ola Bengaluru dataset)
TRIP000570,Local Fleet,Bengaluru,2025-12-14,18:23:00,18:28:12,Sunday,December,Peak,1.3,5.2,2,Bengaluru South,Bengaluru East,Bengaluru South,Bengaluru East,12.89042,77.62483,13.04917,77.57761,63.4,3.17,0,66.57,Cash,Auto,3.8,Completed,Real-structure (Ola Bengaluru dataset)
TRIP000571,Local Fleet,Bengaluru,2025-12-06,19:00:00,19:02:30,Saturday,December,Peak,0.5,2.5,1,Bengaluru North,Bengaluru Central,Bengaluru North,Bengaluru Central,12.99747,77.60676,12.92861,77.67948,49.75,0.0,0,49.75,UPI,Mini,4.3,Completed,Real-structure (Ola Bengaluru dataset)
TRIP000572,Rapido,Bengaluru,2026-01-28,09:11:00,09:42:30,Wednesday,January,Peak,6.97,31.5,4,Bengaluru West,Bengaluru North,Bengaluru West,Bengaluru North,12.88416,77.53275,12.99559,77.49566,170.89,0.0,40,210.89,Cash,Mini,4.4,Completed,Real-structure (Ola Bengaluru dataset)
TRIP000573,Rapido,Bengaluru,2025-12-18,01:39:00,01:49:24,Thursday,December,Off-Peak,2.5,10.4,1,Bengaluru Central,Bengaluru North,Bengaluru Central,Bengaluru North,13.03963,77.55239,12.95047,77.50995,85.6,8.56,60,154.16,UPI,Prime Sedan,3.8,Completed,Real-structure (Ola Bengaluru dataset)
TRIP000574,Ola,Bengaluru,2026-01-05,15:45:00,15:55:12,Monday,January,Off-Peak,2.77,10.2,2,Bengaluru East,Bengaluru West,Bengaluru East,Bengaluru West,12.92623,77.5076,12.97101,77.6029,88.54,0.0,0,88.54,UPI,Mini,4.4,Completed,Real-structure (Ola Bengaluru dataset)
TRIP000575,Uber,Bengaluru,2026-01-05,00:36:00,00:39:06,Monday,January,Off-Peak,0.61,3.1,3,Bengaluru North,Bengaluru Central,Bengaluru North,Bengaluru Central,12.98635,77.53359,13.03899,77.58318,51.97,0.0,0,51.97,Card,eBike,4.6,Cancelled by Driver,Real-structure (Ola Bengaluru dataset)
TRIP000576,Uber,Bengaluru,2026-02-14,06:26:00,06:47:06,Saturday,February,Off-Peak,4.4,21.1,2,Bengaluru Central,Bengaluru West,Bengaluru Central,Bengaluru West,12.95086,77.64344,13.05238,77.58312,124.45,0.0,40,164.45,UPI,Auto,3.9,Cancelled by Customer,Real-structure (Ola Bengaluru dataset)
TRIP000577,Uber,Bengaluru,2026-02-07,21:15:00,21:20:54,Saturday,February,Off-Peak,1.72,5.9,1,Bengaluru West,Bengaluru North,Bengaluru West,Bengaluru North,12.92746,77.55875,12.90055,77.57685,69.49,0.0,0,69.49,UPI,Bike,4.2,Completed,Real-structure (Ola Bengaluru dataset)
TRIP000578,Local Fleet,Bengaluru,2026-01-19,05:34:00,05:40:42,Monday,January,Off-Peak,1.76,6.7,2,Bengaluru South,Bengaluru East,Bengaluru South,Bengaluru East,12.92544,77.5639,12.96192,77.64492,71.17,0.0,0,71.17,UPI,Prime SUV,3.9,Completed,Real-structure (Ola Bengaluru dataset)
TRIP000579,Rapido,Bengaluru,2025-12-27,17:21:00,17:27:54,Saturday,December,Off-Peak,1.47,6.9,3,Bengaluru Central,Bengaluru Central,Bengaluru Central,Bengaluru Central,12.95577,77.54982,12.89593,77.61554,67.99,0.0,0,67.99,UPI,Mini,4.7,Completed,Real-structure (Ola Bengaluru dataset)
TRIP000580,Uber,Bengaluru,2026-01-27,16:52:00,18:30:36,Tuesday,January,Off-Peak,19.15,98.6,3,Bengaluru South,Bengaluru West,Bengaluru South,Bengaluru West,12.95479,77.53963,12.91765,77.67539,417.7,0.0,0,417.7,UPI,Bike,3.6,Completed,Real-structure (Ola Bengaluru dataset)
TRIP000581,Ola,Bengaluru,2026-02-26,09:38:00,09:57:42,Thursday,February,Peak,3.69,19.7,1,Bengaluru North,Bengaluru North,Bengaluru North,Bengaluru North,12.92995,77.54578,13.06465,77.63565,113.83,0.0,0,113.83,Cash,Prime SUV,3.8,Cancelled by Driver,Real-structure (Ola Bengaluru dataset)
TRIP000582,Ola,Bengaluru,2026-02-01,16:08:00,16:31:54,Sunday,February,Off-Peak,5.14,23.9,3,Bengaluru South,Bengaluru West,Bengaluru South,Bengaluru West,12.93234,77.68731,12.88394,77.6039,137.53,13.75,0,151.28,UPI,Bike,4.8,Cancelled by Driver,Real-structure (Ola Bengaluru dataset)
TRIP000583,Uber,Bengaluru,2026-01-06,13:57:00,14:36:54,Tuesday,January,Off-Peak,7.33,39.9,4,Bengaluru East,Bengaluru East,Bengaluru East,Bengaluru East,12.92114,77.57962,13.0673,77.60465,187.81,0.0,0,187.81,Card,Bike,4.9,Completed,Real-structure (Ola Bengaluru dataset)
TRIP000584,Ola,Bengaluru,2025-12-28,18:55:00,19:14:54,Sunday,December,Peak,3.71,19.9,2,Bengaluru South,Bengaluru North,Bengaluru South,Bengaluru North,12.92265,77.50417,12.99803,77.49846,114.37,0.0,0,114.37,Card,Mini,4.0,Completed,Real-structure (Ola Bengaluru dataset)
TRIP000585,Ola,Bengaluru,2026-01-29,09:24:00,09:45:18,Thursday,January,Peak,6.28,21.3,4,Bengaluru East,Bengaluru West,Bengaluru East,Bengaluru West,13.03976,77.68931,13.06724,77.53726,147.31,0.0,0,147.31,UPI,Prime Sedan,4.3,Completed,Real-structure (Ola Bengaluru dataset)
TRIP000586,Rapido,Bengaluru,2026-02-14,01:09:00,01:15:30,Saturday,February,Off-Peak,1.18,6.5,3,Bengaluru West,Bengaluru Central,Bengaluru West,Bengaluru Central,12.98112,77.53864,13.0175,77.66637,63.91,0.0,60,123.91,UPI,Mini,4.8,Completed,Real-structure (Ola Bengaluru dataset)
TRIP000587,Uber,Bengaluru,2025-12-23,16:33:00,16:41:12,Tuesday,December,Off-Peak,2.22,8.2,4,Bengaluru East,Bengaluru West,Bengaluru East,Bengaluru West,12.97112,77.5419,13.05689,77.59439,78.94,0.0,0,78.94,UPI,Auto,3.6,Completed,Real-structure (Ola Bengaluru dataset)
TRIP000588,Rapido,Bengaluru,2026-02-23,00:29:00,01:15:36,Monday,February,Off-Peak,13.27,46.6,4,Bengaluru North,Bengaluru East,Bengaluru North,Bengaluru East,12.99592,77.54583,13.02144,77.51715,269.14,0.0,0,269.14,Cash,Prime Sedan,3.6,Completed,Real-structure (Ola Bengaluru dataset)
TRIP000589,Rapido,Bengaluru,2026-02-15,15:01:00,15:54:54,Sunday,February,Off-Peak,11.59,53.9,1,Bengaluru West,Bengaluru East,Bengaluru West,Bengaluru East,12.95644,77.58506,12.95394,77.6614,259.93,0.0,0,259.93,Cash,Prime SUV,4.1,Completed,Real-structure (Ola Bengaluru dataset)
TRIP000590,Ola,Bengaluru,2025-12-24,13:07:00,13:47:06,Wednesday,December,Off-Peak,7.25,40.1,1,Bengaluru East,Bengaluru Central,Bengaluru East,Bengaluru Central,12.95047,77.55702,13.00539,77.58901,187.15,0.0,40,227.15,UPI,Mini,4.7,Completed,Real-structure (Ola Bengaluru dataset)
TRIP000591,Local Fleet,Bengaluru,2025-12-02,19:55:00,20:16:30,Tuesday,December,Peak,4.21,21.5,1,Bengaluru North,Bengaluru South,Bengaluru North,Bengaluru South,13.04802,77.63451,12.89897,77.57772,122.77,0.0,0,122.77,UPI,eBike,4.2,Completed,Real-structure (Ola Bengaluru dataset)
TRIP000592,Ola,Bengaluru,2026-01-06,02:23:00,02:34:18,Tuesday,January,Off-Peak,1.9,11.3,1,Bengaluru South,Bengaluru North,Bengaluru South,Bengaluru North,12.98629,77.54453,13.04713,77.58421,79.75,7.98,0,87.73,UPI,Bike,4.7,Cancelled by Customer,Real-structure (Ola Bengaluru dataset)
TRIP000593,Ola,Bengaluru,2026-01-19,16:54:00,17:02:30,Monday,January,Off-Peak,1.42,8.5,1,Bengaluru East,Bengaluru West,Bengaluru East,Bengaluru West,13.0275,77.58898,12.94459,77.52709,69.79,0.0,0,69.79,Card,Mini,4.1,Completed,Real-structure (Ola Bengaluru dataset)
TRIP000594,Ola,Bengaluru,2026-01-17,17:35:00,17:36:30,Saturday,January,Off-Peak,0.5,1.5,2,Bengaluru Central,Bengaluru North,Bengaluru Central,Bengaluru North,12.9366,77.53374,12.88621,77.64648,48.25,0.0,0,48.25,Card,Auto,5.0,Completed,Real-structure (Ola Bengaluru dataset)
TRIP000595,Local Fleet,Bengaluru,2025-12-06,11:23:00,11:24:54,Saturday,December,Off-Peak,0.5,1.9,3,Bengaluru North,Bengaluru East,Bengaluru North,Bengaluru East,13.02712,77.63462,13.03607,77.61098,48.85,0.0,0,48.85,UPI,Mini,4.2,Completed,Real-structure (Ola Bengaluru dataset)
TRIP000596,Rapido,Bengaluru,2026-02-14,16:43:00,16:49:42,Saturday,February,Off-Peak,1.79,6.7,3,Bengaluru East,Bengaluru North,Bengaluru East,Bengaluru North,12.87747,77.58445,12.94648,77.65718,71.53,0.0,0,71.53,Cash,Prime Sedan,5.0,Completed,Real-structure (Ola Bengaluru dataset)
TRIP000597,Ola,Bengaluru,2026-02-20,06:41:00,06:48:12,Friday,February,Off-Peak,1.7,7.2,2,Bengaluru South,Bengaluru West,Bengaluru South,Bengaluru West,13.04087,77.58298,12.90813,77.5893,71.2,0.0,0,71.2,UPI,Mini,3.8,Completed,Real-structure (Ola Bengaluru dataset)
TRIP000598,Ola,Bengaluru,2025-12-20,09:45:00,09:51:42,Saturday,December,Peak,2.22,6.7,1,Bengaluru Central,Bengaluru East,Bengaluru Central,Bengaluru East,12.9062,77.61266,13.00164,77.49518,76.69,0.0,0,76.69,UPI,Prime SUV,4.4,Completed,Real-structure (Ola Bengaluru dataset)
TRIP000599,Uber,Bengaluru,2026-02-12,03:18:00,03:52:54,Thursday,February,Off-Peak,9.8,34.9,1,Bengaluru East,Bengaluru East,Bengaluru East,Bengaluru East,13.05137,77.54702,13.04031,77.57899,209.95,0.0,0,209.95,Cash,Prime Sedan,4.3,Completed,Real-structure (Ola Bengaluru dataset)
TRIP000600,Rapido,Bengaluru,2025-12-03,22:56:00,23:02:30,Wednesday,December,Off-Peak,1.21,6.5,4,Bengaluru South,Bengaluru West,Bengaluru South,Bengaluru West,12.97314,77.61447,13.04373,77.55097,64.27,0.0,0,64.27,Wallet,Bike,4.5,Completed,Real-structure (Ola Bengaluru dataset)
TRIP000601,Ola,Bengaluru,2025-12-08,01:42:00,01:48:00,Monday,December,Off-Peak,1.07,6.0,1,Bengaluru West,Bengaluru Central,Bengaluru West,Bengaluru Central,12.89044,77.68022,12.92352,77.49124,61.84,0.0,0,61.84,Wallet,Prime SUV,4.2,Cancelled by Driver,Real-structure (Ola Bengaluru dataset)
TRIP000602,Uber,Bengaluru,2026-02-06,13:22:00,13:31:12,Friday,February,Off-Peak,2.48,9.2,3,Bengaluru South,Bengaluru West,Bengaluru South,Bengaluru West,13.01467,77.59355,12.94885,77.58029,83.56,0.0,0,83.56,Card,eBike,3.6,Completed,Real-structure (Ola Bengaluru dataset)
TRIP000603,Rapido,Bengaluru,2025-12-02,08:26:00,08:41:36,Tuesday,December,Peak,3.7,15.6,1,Bengaluru North,Bengaluru South,Bengaluru North,Bengaluru South,13.06532,77.66111,12.9044,77.521,107.8,0.0,0,107.8,UPI,Prime Sedan,4.4,Completed,Real-structure (Ola Bengaluru dataset)
TRIP000604,Rapido,Bengaluru,2026-01-11,12:22:00,12:32:36,Sunday,January,Off-Peak,2.03,10.6,4,Bengaluru West,Bengaluru North,Bengaluru West,Bengaluru North,12.98839,77.62845,13.04023,77.51602,80.26,0.0,0,80.26,Wallet,Mini,4.7,Cancelled by Driver,Real-structure (Ola Bengaluru dataset)
TRIP000605,Local Fleet,Bengaluru,2026-01-30,15:20:00,15:43:36,Friday,January,Off-Peak,4.54,23.6,3,Bengaluru North,Bengaluru West,Bengaluru North,Bengaluru West,12.91449,77.53292,12.89968,77.57536,129.88,0.0,0,129.88,UPI,Prime Sedan,3.8,Completed,Real-structure (Ola Bengaluru dataset)
TRIP000606,Uber,Bengaluru,2025-12-22,04:40:00,05:10:48,Monday,December,Off-Peak,7.52,30.8,1,Bengaluru East,Bengaluru West,Bengaluru East,Bengaluru West,12.95837,77.63761,13.02377,77.66469,176.44,0.0,0,176.44,UPI,Auto,4.7,Completed,Real-structure (Ola Bengaluru dataset)
TRIP000607,Ola,Bengaluru,2025-12-26,09:37:00,10:16:42,Friday,December,Peak,9.98,39.7,4,Bengaluru East,Bengaluru Central,Bengaluru East,Bengaluru Central,12.93911,77.64627,13.02672,77.63644,219.31,0.0,0,219.31,Card,eBike,4.5,Completed,Real-structure (Ola Bengaluru dataset)
TRIP000608,Local Fleet,Bengaluru,2026-02-07,12:18:00,12:34:18,Saturday,February,Off-Peak,3.87,16.3,2,Bengaluru Central,Bengaluru East,Bengaluru Central,Bengaluru East,12.92259,77.57117,12.89349,77.51618,110.89,0.0,0,110.89,Card,Mini,4.9,Completed,Real-structure (Ola Bengaluru dataset)
TRIP000609,Ola,Bengaluru,2026-01-17,05:07:00,05:16:48,Saturday,January,Off-Peak,2.57,9.8,2,Bengaluru East,Bengaluru East,Bengaluru East,Bengaluru East,12.96516,77.54997,13.03637,77.66633,85.54,0.0,0,85.54,UPI,Bike,3.6,Completed,Real-structure (Ola Bengaluru dataset)
TRIP000610,Local Fleet,Bengaluru,2026-01-10,05:06:00,05:19:24,Saturday,January,Off-Peak,2.68,13.4,3,Bengaluru East,Bengaluru West,Bengaluru East,Bengaluru West,12.93343,77.68476,13.00344,77.57516,92.26,4.61,0,96.87,Card,Prime SUV,3.8,Completed,Real-structure (Ola Bengaluru dataset)
TRIP000611,Rapido,Bengaluru,2026-02-11,03:40:00,04:23:06,Wednesday,February,Off-Peak,9.6,43.1,2,Bengaluru North,Bengaluru East,Bengaluru North,Bengaluru East,13.05927,77.64451,12.95285,77.53792,219.85,0.0,0,219.85,Card,Prime Sedan,4.8,Cancelled by Customer,Real-structure (Ola Bengaluru dataset)
TRIP000612,Rapido,Bengaluru,2026-01-15,18:24:00,18:39:00,Thursday,January,Peak,3.56,15.0,3,Bengaluru Central,Bengaluru West,Bengaluru Central,Bengaluru West,12.88813,77.49807,12.95313,77.52271,105.22,5.26,0,110.48,Wallet,eBike,4.2,Completed,Real-structure (Ola Bengaluru dataset)
TRIP000613,Rapido,Bengaluru,2026-02-21,01:27:00,01:29:48,Saturday,February,Off-Peak,0.5,2.8,1,Bengaluru South,Bengaluru East,Bengaluru South,Bengaluru East,12.99703,77.62909,12.91767,77.51918,50.2,0.0,0,50.2,Card,Auto,3.5,Completed,Real-structure (Ola Bengaluru dataset)
TRIP000614,Uber,Bengaluru,2026-02-04,07:21:00,07:44:30,Wednesday,February,Off-Peak,4.0,23.5,1,Bengaluru East,Bengaluru South,Bengaluru East,Bengaluru South,13.05043,77.60024,13.04244,77.59834,123.25,0.0,40,163.25,Cash,Prime Sedan,3.8,Completed,Real-structure (Ola Bengaluru dataset)
TRIP000615,Uber,Bengaluru,2025-12-07,17:39:00,18:09:54,Sunday,December,Off-Peak,7.88,30.9,2,Bengaluru Central,Bengaluru East,Bengaluru Central,Bengaluru East,13.03238,77.54378,12.88837,77.55715,180.91,18.09,0,199.0,UPI,Prime SUV,4.6,Completed,Real-structure (Ola Bengaluru dataset)
TRIP000616,Ola,Bengaluru,2026-02-10,10:32:00,10:40:42,Tuesday,February,Off-Peak,1.63,8.7,1,Bengaluru North,Bengaluru South,Bengaluru North,Bengaluru South,12.87172,77.50375,13.02053,77.57931,72.61,0.0,0,72.61,UPI,Prime Sedan,4.0,Completed,Real-structure (Ola Bengaluru dataset)
TRIP000617,Uber,Bengaluru,2025-12-17,23:08:00,23:23:00,Wednesday,December,Off-Peak,4.54,15.0,1,Bengaluru South,Bengaluru North,Bengaluru South,Bengaluru North,13.0319,77.5371,13.02831,77.54839,116.98,0.0,0,116.98,UPI,Mini,4.6,Incomplete,Real-structure (Ola Bengaluru dataset)
TRIP000618,Rapido,Bengaluru,2026-01-11,20:53:00,21:08:24,Sunday,January,Off-Peak,3.06,15.4,1,Bengaluru West,Bengaluru East,Bengaluru West,Bengaluru East,13.05178,77.58793,12.92155,77.56876,99.82,0.0,0,99.82,Card,eBike,4.9,Incomplete,Real-structure (Ola Bengaluru dataset)
TRIP000619,Rapido,Bengaluru,2025-12-20,05:44:00,06:30:24,Saturday,December,Off-Peak,8.21,46.4,4,Bengaluru South,Bengaluru West,Bengaluru South,Bengaluru West,12.89729,77.61298,12.89117,77.60402,208.12,0.0,0,208.12,Cash,Prime Sedan,4.4,Completed,Real-structure (Ola Bengaluru dataset)
TRIP000620,Local Fleet,Bengaluru,2026-01-20,01:56:00,01:58:36,Tuesday,January,Off-Peak,0.5,2.6,1,Bengaluru Central,Bengaluru North,Bengaluru Central,Bengaluru North,12.89847,77.58882,13.06687,77.53074,49.9,0.0,0,49.9,UPI,Mini,3.7,Completed,Real-structure (Ola Bengaluru dataset)
TRIP000621,Rapido,Bengaluru,2025-12-19,23:17:00,23:33:36,Friday,December,Off-Peak,4.23,16.6,2,Bengaluru South,Bengaluru South,Bengaluru South,Bengaluru South,12.87212,77.68783,12.96595,77.61511,115.66,0.0,0,115.66,UPI,Prime SUV,4.5,Completed,Real-structure (Ola Bengaluru dataset)
TRIP000622,Uber,Bengaluru,2026-02-21,08:16:00,08:21:48,Saturday,February,Peak,1.81,5.8,3,Bengaluru North,Bengaluru East,Bengaluru North,Bengaluru East,12.91114,77.61187,12.95093,77.50226,70.42,3.52,0,73.94,UPI,eBike,4.1,Cancelled by Driver,Real-structure (Ola Bengaluru dataset)
TRIP000623,Ola,Bengaluru,2026-02-24,03:03:00,03:39:30,Tuesday,February,Off-Peak,9.11,36.5,1,Bengaluru Central,Bengaluru North,Bengaluru Central,Bengaluru North,12.97111,77.56002,12.88776,77.53675,204.07,0.0,0,204.07,UPI,Prime Sedan,4.6,Completed,Real-structure (Ola Bengaluru dataset)
TRIP000624,Uber,Bengaluru,2026-01-13,14:02:00,14:40:42,Tuesday,January,Off-Peak,8.62,38.7,4,Bengaluru West,Bengaluru South,Bengaluru West,Bengaluru South,12.98289,77.68843,13.03989,77.54626,201.49,0.0,40,241.49,Wallet,Mini,3.8,Cancelled by Driver,Real-structure (Ola Bengaluru dataset)
TRIP000625,Uber,Bengaluru,2026-02-19,13:45:00,14:02:18,Thursday,February,Off-Peak,4.43,17.3,2,Bengaluru Central,Bengaluru South,Bengaluru Central,Bengaluru South,12.88395,77.59311,12.89605,77.59384,119.11,0.0,40,159.11,UPI,eBike,4.7,Completed,Real-structure (Ola Bengaluru dataset)
TRIP000626,Local Fleet,Bengaluru,2026-01-05,14:44:00,15:19:42,Monday,January,Off-Peak,11.01,35.7,3,Bengaluru Central,Bengaluru East,Bengaluru Central,Bengaluru East,12.90314,77.66683,13.06771,77.49999,225.67,0.0,0,225.67,Cash,eBike,4.4,Completed,Real-structure (Ola Bengaluru dataset)
TRIP000627,Rapido,Bengaluru,2026-01-19,16:45:00,17:15:36,Monday,January,Off-Peak,7.47,30.6,1,Bengaluru Central,Bengaluru East,Bengaluru Central,Bengaluru East,12.94115,77.60444,13.02331,77.66963,175.54,0.0,0,175.54,Card,Auto,4.9,Completed,Real-structure (Ola Bengaluru dataset)
TRIP000628,Rapido,Bengaluru,2026-01-18,00:26:00,00:36:06,Sunday,January,Off-Peak,2.2,10.1,1,Bengaluru South,Bengaluru North,Bengaluru South,Bengaluru North,13.00699,77.5847,12.91323,77.65942,81.55,0.0,0,81.55,UPI,Prime Sedan,4.9,Incomplete,Real-structure (Ola Bengaluru dataset)
TRIP000629,Rapido,Bengaluru,2025-12-21,02:25:00,02:46:00,Sunday,December,Off-Peak,3.74,21.0,3,Bengaluru West,Bengaluru Central,Bengaluru West,Bengaluru Central,12.99054,77.632,12.99343,77.52577,116.38,0.0,0,116.38,UPI,Prime Sedan,4.4,Completed,Real-structure (Ola Bengaluru dataset)
TRIP000630,Uber,Bengaluru,2026-02-07,11:19:00,11:46:54,Saturday,February,Off-Peak,6.62,27.9,2,Bengaluru Central,Bengaluru South,Bengaluru Central,Bengaluru South,13.0588,77.54874,12.88436,77.5239,161.29,0.0,0,161.29,UPI,Auto,4.7,Completed,Real-structure (Ola Bengaluru dataset)
TRIP000631,Rapido,Bengaluru,2025-12-08,04:20:00,04:33:18,Monday,December,Off-Peak,2.29,13.3,1,Bengaluru North,Bengaluru West,Bengaluru North,Bengaluru West,12.92973,77.52546,12.94698,77.53108,87.43,0.0,0,87.43,Card,Mini,3.6,Completed,Real-structure (Ola Bengaluru dataset)
TRIP000632,Rapido,Bengaluru,2026-02-15,02:16:00,02:43:54,Sunday,February,Off-Peak,7.02,27.9,1,Bengaluru North,Bengaluru North,Bengaluru North,Bengaluru North,13.06273,77.57819,12.87261,77.49179,166.09,0.0,0,166.09,UPI,Bike,4.4,Completed,Real-structure (Ola Bengaluru dataset)
TRIP000633,Local Fleet,Bengaluru,2026-01-03,14:57:00,15:35:30,Saturday,January,Off-Peak,8.42,38.5,1,Bengaluru Central,Bengaluru East,Bengaluru Central,Bengaluru East,13.03769,77.66647,13.02719,77.65415,198.79,0.0,0,198.79,Cash,Prime Sedan,3.8,Completed,Real-structure (Ola Bengaluru dataset)
TRIP000634,Uber,Bengaluru,2026-01-28,00:28:00,01:40:42,Wednesday,January,Off-Peak,13.98,72.7,3,Bengaluru Central,Bengaluru South,Bengaluru Central,Bengaluru South,13.04684,77.57216,12.93997,77.51482,316.81,0.0,0,316.81,UPI,Mini,3.7,Completed,Real-structure (Ola Bengaluru dataset)
TRIP000635,Rapido,Bengaluru,2026-01-30,02:37:00,02:42:54,Friday,January,Off-Peak,1.73,5.9,1,Bengaluru West,Bengaluru West,Bengaluru West,Bengaluru West,12.91619,77.56378,12.92702,77.60124,69.61,0.0,0,69.61,UPI,Prime Sedan,3.9,Completed,Real-structure (Ola Bengaluru dataset)
TRIP000636,Uber,Bengaluru,2026-01-26,08:56:00,10:18:00,Monday,January,Peak,19.32,82.0,4,Bengaluru South,Bengaluru North,Bengaluru South,Bengaluru North,12.96977,77.55391,12.97068,77.54274,394.84,39.48,0,434.32,UPI,Bike,4.1,Completed,Real-structure (Ola Bengaluru dataset)
TRIP000637,Local Fleet,Bengaluru,2026-02-23,03:58:00,04:04:12,Monday,February,Off-Peak,1.29,6.2,4,Bengaluru East,Bengaluru Central,Bengaluru East,Bengaluru Central,12.97511,77.68234,12.99117,77.6561,64.78,6.48,0,71.26,UPI,Prime SUV,3.9,Completed,Real-structure (Ola Bengaluru dataset)
TRIP000638,Uber,Bengaluru,2025-12-17,23:00:00,23:03:30,Wednesday,December,Off-Peak,0.88,3.5,2,Bengaluru South,Bengaluru Central,Bengaluru South,Bengaluru Central,12.95341,77.51333,12.87197,77.50423,55.81,0.0,0,55.81,UPI,Mini,3.6,Completed,Real-structure (Ola Bengaluru dataset)
TRIP000639,Local Fleet,Bengaluru,2026-02-06,14:15:00,14:36:36,Friday,February,Off-Peak,5.19,21.6,1,Bengaluru Central,Bengaluru Central,Bengaluru Central,Bengaluru Central,12.87943,77.62194,12.96566,77.68231,134.68,0.0,0,134.68,Cash,Prime Sedan,3.6,Completed,Real-structure (Ola Bengaluru dataset)
TRIP000640,Ola,Bengaluru,2026-01-28,03:03:00,03:45:18,Wednesday,January,Off-Peak,8.93,42.3,3,Bengaluru East,Bengaluru East,Bengaluru East,Bengaluru East,13.0647,77.64171,13.06643,77.56545,210.61,0.0,0,210.61,UPI,Mini,4.9,Completed,Real-structure (Ola Bengaluru dataset)
TRIP000641,Ola,Bengaluru,2025-12-31,21:27:00,21:34:36,Wednesday,December,Off-Peak,1.38,7.6,1,Bengaluru South,Bengaluru North,Bengaluru South,Bengaluru North,12.89747,77.62494,12.90706,77.49996,67.96,0.0,60,127.96,Card,Prime Sedan,3.6,Completed,Real-structure (Ola Bengaluru dataset)
TRIP000642,Ola,Bengaluru,2026-01-13,20:54:00,21:16:24,Tuesday,January,Off-Peak,5.06,22.4,1,Bengaluru East,Bengaluru East,Bengaluru East,Bengaluru East,12.95119,77.53609,12.88967,77.61847,134.32,6.72,0,141.04,UPI,Prime SUV,4.0,Completed,Real-structure (Ola Bengaluru dataset)
TRIP000643,Rapido,Bengaluru,2025-12-11,01:03:00,01:51:54,Thursday,December,Off-Peak,11.08,48.9,1,Bengaluru East,Bengaluru South,Bengaluru East,Bengaluru South,12.90227,77.51221,13.05699,77.62701,246.31,0.0,0,246.31,UPI,Prime Sedan,3.6,Incomplete,Real-structure (Ola Bengaluru dataset)
TRIP000644,Ola,Bengaluru,2025-12-10,10:50:00,11:46:18,Wednesday,December,Off-Peak,12.47,56.3,1,Bengaluru Central,Bengaluru West,Bengaluru Central,Bengaluru West,12.92875,77.52831,12.8741,77.54397,274.09,0.0,60,334.09,UPI,eBike,3.8,Completed,Real-structure (Ola Bengaluru dataset)
TRIP000645,Local Fleet,Bengaluru,2026-01-21,21:48:00,23:12:12,Wednesday,January,Off-Peak,16.71,84.2,1,Bengaluru West,Bengaluru North,Bengaluru West,Bengaluru North,13.01939,77.55103,12.965,77.50951,366.82,0.0,0,366.82,UPI,Auto,4.7,Completed,Real-structure (Ola Bengaluru dataset)
TRIP000646,Rapido,Bengaluru,2025-12-26,16:41:00,16:52:48,Friday,December,Off-Peak,3.13,11.8,1,Bengaluru South,Bengaluru West,Bengaluru South,Bengaluru West,12.96763,77.55514,12.87607,77.64513,95.26,0.0,0,95.26,UPI,Prime SUV,3.8,Completed,Real-structure (Ola Bengaluru dataset)
TRIP000647,Ola,Bengaluru,2026-01-21,08:20:00,08:26:30,Wednesday,January,Peak,1.18,6.5,2,Bengaluru East,Bengaluru North,Bengaluru East,Bengaluru North,13.06874,77.60463,13.00128,77.63991,63.91,3.2,0,67.11,Card,Auto,4.5,Completed,Real-structure (Ola Bengaluru dataset)
TRIP000648,Ola,Bengaluru,2026-01-24,19:59:00,20:02:00,Saturday,January,Peak,0.85,3.0,4,Bengaluru North,Bengaluru West,Bengaluru North,Bengaluru West,13.01369,77.58831,12.95868,77.59531,54.7,0.0,0,54.7,UPI,Prime SUV,3.6,Cancelled by Driver,Real-structure (Ola Bengaluru dataset)
TRIP000649,Local Fleet,Bengaluru,2025-12-03,23:15:00,23:17:30,Wednesday,December,Off-Peak,0.5,2.5,3,Bengaluru West,Bengaluru East,Bengaluru West,Bengaluru East,13.00844,77.60363,12.97281,77.53557,49.75,0.0,0,49.75,UPI,Prime SUV,4.2,Completed,Real-structure (Ola Bengaluru dataset)
TRIP000650,Local Fleet,Bengaluru,2026-01-14,04:22:00,05:28:00,Wednesday,January,Off-Peak,11.01,66.0,2,Bengaluru West,Bengaluru West,Bengaluru West,Bengaluru West,12.97115,77.62972,13.06284,77.54522,271.12,0.0,0,271.12,Cash,Prime Sedan,4.5,Completed,Real-structure (Ola Bengaluru dataset)
TRIP000651,Local Fleet,Bengaluru,2026-01-18,18:44:00,18:46:30,Sunday,January,Peak,0.5,2.5,1,Bengaluru North,Bengaluru North,Bengaluru North,Bengaluru North,12.97247,77.57195,12.98487,77.67417,49.75,0.0,0,49.75,Wallet,Prime SUV,4.9,Completed,Real-structure (Ola Bengaluru dataset)
TRIP000652,Ola,Bengaluru,2026-02-04,23:32:00,23:40:48,Wednesday,February,Off-Peak,2.03,8.8,1,Bengaluru North,Bengaluru South,Bengaluru North,Bengaluru South,12.99907,77.51384,12.93087,77.63671,77.56,3.88,0,81.44,Card,Mini,3.6,Completed,Real-structure (Ola Bengaluru dataset)
TRIP000653,Rapido,Bengaluru,2026-01-15,13:37:00,13:55:48,Thursday,January,Off-Peak,3.18,18.8,1,Bengaluru North,Bengaluru Central,Bengaluru North,Bengaluru Central,12.95287,77.59555,12.97091,77.67419,106.36,0.0,0,106.36,UPI,Prime SUV,3.5,Completed,Real-structure (Ola Bengaluru dataset)
TRIP000654,Local Fleet,Bengaluru,2026-01-30,22:22:00,23:30:36,Friday,January,Off-Peak,14.9,68.6,1,Bengaluru North,Bengaluru North,Bengaluru North,Bengaluru North,13.03065,77.65822,13.00814,77.62145,321.7,0.0,0,321.7,UPI,Mini,4.9,Incomplete,Real-structure (Ola Bengaluru dataset)
TRIP000655,Uber,Bengaluru,2026-01-16,08:46:00,08:50:48,Friday,January,Peak,0.86,4.8,1,Bengaluru West,Bengaluru West,Bengaluru West,Bengaluru West,13.01431,77.59215,13.05898,77.66735,57.52,0.0,0,57.52,UPI,Mini,4.1,Completed,Real-structure (Ola Bengaluru dataset)
TRIP000656,Ola,Bengaluru,2025-12-15,16:05:00,16:06:48,Monday,December,Off-Peak,0.5,1.8,1,Bengaluru East,Bengaluru East,Bengaluru East,Bengaluru East,12.88485,77.58731,12.96973,77.61317,48.7,0.0,0,48.7,UPI,Prime SUV,4.0,Completed,Real-structure (Ola Bengaluru dataset)
TRIP000657,Uber,Bengaluru,2026-02-05,06:09:00,06:16:30,Thursday,February,Off-Peak,1.39,7.5,1,Bengaluru West,Bengaluru North,Bengaluru West,Bengaluru North,12.92486,77.52506,13.0462,77.56005,67.93,0.0,60,127.93,UPI,Prime SUV,3.5,Completed,Real-structure (Ola Bengaluru dataset)
TRIP000658,Rapido,Bengaluru,2026-02-24,19:27:00,19:37:36,Tuesday,February,Peak,2.05,10.6,1,Bengaluru West,Bengaluru Central,Bengaluru West,Bengaluru Central,13.04164,77.54521,12.99741,77.63283,80.5,8.05,0,88.55,UPI,eBike,3.7,Completed,Real-structure (Ola Bengaluru dataset)
TRIP000659,Ola,Bengaluru,2026-01-21,23:21:00,23:35:54,Wednesday,January,Off-Peak,3.05,14.9,4,Bengaluru South,Bengaluru East,Bengaluru South,Bengaluru East,12.87222,77.58013,12.94542,77.67945,98.95,0.0,0,98.95,UPI,eBike,4.1,Cancelled by Driver,Real-structure (Ola Bengaluru dataset)
TRIP000660,Uber,Bengaluru,2026-01-27,16:16:00,16:28:48,Tuesday,January,Off-Peak,3.31,12.8,1,Bengaluru East,Bengaluru West,Bengaluru East,Bengaluru West,12.88253,77.57762,12.98711,77.61171,98.92,0.0,0,98.92,UPI,Auto,4.4,Completed,Real-structure (Ola Bengaluru dataset)
TRIP000661,Uber,Bengaluru,2025-12-25,14:03:00,14:04:42,Thursday,December,Off-Peak,0.52,1.7,4,Bengaluru East,Bengaluru Central,Bengaluru East,Bengaluru Central,12.9891,77.58833,12.88239,77.59439,48.79,0.0,0,48.79,Cash,Mini,4.7,Completed,Real-structure (Ola Bengaluru dataset)
TRIP000662,Uber,Bengaluru,2025-12-27,11:03:00,11:05:42,Saturday,December,Off-Peak,0.5,2.7,1,Bengaluru South,Bengaluru West,Bengaluru South,Bengaluru West,13.02785,77.49806,12.87437,77.59688,50.05,0.0,40,90.05,Wallet,Prime SUV,4.0,Completed,Real-structure (Ola Bengaluru dataset)
TRIP000663,Uber,Bengaluru,2026-01-03,07:06:00,07:17:36,Saturday,January,Off-Peak,3.83,11.6,1,Bengaluru North,Bengaluru Central,Bengaluru North,Bengaluru Central,12.98706,77.58787,13.00467,77.59107,103.36,0.0,60,163.36,Cash,eBike,4.4,Completed,Real-structure (Ola Bengaluru dataset)
TRIP000664,Local Fleet,Bengaluru,2025-12-25,08:20:00,08:30:42,Thursday,December,Peak,3.03,10.7,1,Bengaluru East,Bengaluru East,Bengaluru East,Bengaluru East,13.0058,77.58785,12.94535,77.55811,92.41,0.0,0,92.41,UPI,Prime Sedan,3.7,Completed,Real-structure (Ola Bengaluru dataset)
TRIP000665,Ola,Bengaluru,2025-12-28,11:35:00,11:52:18,Sunday,December,Off-Peak,5.0,17.3,4,Bengaluru Central,Bengaluru Central,Bengaluru Central,Bengaluru Central,12.9232,77.55958,13.0146,77.59927,125.95,0.0,0,125.95,UPI,Prime SUV,4.2,Completed,Real-structure (Ola Bengaluru dataset)
TRIP000666,Local Fleet,Bengaluru,2026-02-23,01:24:00,01:51:48,Monday,February,Off-Peak,6.07,27.8,3,Bengaluru North,Bengaluru Central,Bengaluru North,Bengaluru Central,12.88135,77.59717,12.92683,77.54665,154.54,0.0,40,194.54,UPI,eBike,4.6,Completed,Real-structure (Ola Bengaluru dataset)
TRIP000667,Uber,Bengaluru,2026-02-12,19:00:00,19:02:36,Thursday,February,Peak,0.67,2.6,3,Bengaluru South,Bengaluru East,Bengaluru South,Bengaluru East,12.94754,77.60355,13.05941,77.61002,51.94,5.19,0,57.13,UPI,eBike,3.7,Completed,Real-structure (Ola Bengaluru dataset)
TRIP000668,Local Fleet,Bengaluru,2026-01-15,03:49:00,04:26:36,Thursday,January,Off-Peak,6.45,37.6,4,Bengaluru East,Bengaluru Central,Bengaluru East,Bengaluru Central,13.06972,77.59231,13.0345,77.49933,173.8,0.0,0,173.8,UPI,Bike,4.9,Completed,Real-structure (Ola Bengaluru dataset)
TRIP000669,Rapido,Bengaluru,2026-01-13,02:18:00,02:23:18,Tuesday,January,Off-Peak,1.02,5.3,1,Bengaluru South,Bengaluru West,Bengaluru South,Bengaluru West,12.97338,77.67802,12.99858,77.58658,60.19,0.0,0,60.19,Cash,Mini,3.6,Completed,Real-structure (Ola Bengaluru dataset)
TRIP000670,Ola,Bengaluru,2025-12-13,12:43:00,13:11:36,Saturday,December,Off-Peak,7.3,28.6,1,Bengaluru Central,Bengaluru Central,Bengaluru Central,Bengaluru Central,12.9965,77.67828,12.95045,77.66887,170.5,0.0,0,170.5,Card,eBike,4.6,Completed,Real-structure (Ola Bengaluru dataset)
TRIP000671,Rapido,Bengaluru,2025-12-28,20:10:00,20:12:48,Sunday,December,Off-Peak,0.84,2.8,4,Bengaluru West,Bengaluru West,Bengaluru West,Bengaluru West,13.06848,77.54824,12.91332,77.58683,54.28,0.0,0,54.28,UPI,eBike,3.5,Completed,Real-structure (Ola Bengaluru dataset)
TRIP000672,Local Fleet,Bengaluru,2025-12-10,15:20:00,15:42:06,Wednesday,December,Off-Peak,6.96,22.1,4,Bengaluru East,Bengaluru North,Bengaluru East,Bengaluru North,12.95637,77.49495,13.01566,77.68297,156.67,0.0,0,156.67,UPI,Bike,4.3,Completed,Real-structure (Ola Bengaluru dataset)
TRIP000673,Local Fleet,Bengaluru,2026-01-14,18:52:00,19:08:30,Wednesday,January,Peak,4.56,16.5,2,Bengaluru Central,Bengaluru West,Bengaluru Central,Bengaluru West,12.8924,77.55997,12.90277,77.62471,119.47,5.97,60,185.44,Cash,Bike,3.9,Completed,Real-structure (Ola Bengaluru dataset)
TRIP000674,Local Fleet,Bengaluru,2026-02-17,06:07:00,06:12:18,Tuesday,February,Off-Peak,0.92,5.3,1,Bengaluru South,Bengaluru East,Bengaluru South,Bengaluru East,13.04441,77.52222,12.92078,77.5214,58.99,0.0,0,58.99,UPI,Mini,3.6,Cancelled by Driver,Real-structure (Ola Bengaluru dataset)
TRIP000675,Rapido,Bengaluru,2026-02-19,22:17:00,23:15:18,Thursday,February,Off-Peak,10.53,58.3,2,Bengaluru North,Bengaluru West,Bengaluru North,Bengaluru West,13.06004,77.50883,13.02362,77.5307,253.81,0.0,0,253.81,UPI,Bike,4.9,Completed,Real-structure (Ola Bengaluru dataset)
TRIP000676,Rapido,Bengaluru,2026-02-05,12:39:00,12:49:30,Thursday,February,Off-Peak,3.01,10.5,2,Bengaluru Central,Bengaluru South,Bengaluru Central,Bengaluru South,13.02719,77.50814,12.98631,77.56518,91.87,0.0,40,131.87,UPI,Auto,4.0,Incomplete,Real-structure (Ola Bengaluru dataset)
TRIP000677,Local Fleet,Bengaluru,2026-02-12,06:14:00,06:18:12,Thursday,February,Off-Peak,1.34,4.2,1,Bengaluru South,Bengaluru East,Bengaluru South,Bengaluru East,13.01305,77.53602,13.03075,77.58597,62.38,0.0,0,62.38,Cash,eBike,3.9,Completed,Real-structure (Ola Bengaluru dataset)
TRIP000678,Local Fleet,Bengaluru,2026-01-16,23:53:00,23:58:06,Friday,January,Off-Peak,1.0,5.1,4,Bengaluru North,Bengaluru North,Bengaluru North,Bengaluru North,12.9638,77.51682,13.00239,77.53631,59.65,0.0,0,59.65,UPI,Prime SUV,3.5,Completed,Real-structure (Ola Bengaluru dataset)
TRIP000679,Rapido,Bengaluru,2026-02-01,13:14:00,13:29:30,Sunday,February,Off-Peak,5.06,15.5,3,Bengaluru North,Bengaluru West,Bengaluru North,Bengaluru West,13.06531,77.50283,12.88401,77.60902,123.97,0.0,0,123.97,UPI,Prime SUV,3.7,Completed,Real-structure (Ola Bengaluru dataset)
TRIP000680,Rapido,Bengaluru,2026-02-09,10:21:00,10:37:06,Monday,February,Off-Peak,2.81,16.1,1,Bengaluru Central,Bengaluru South,Bengaluru Central,Bengaluru South,12.88612,77.67146,12.89412,77.63641,97.87,9.79,0,107.66,UPI,Prime SUV,3.5,Completed,Real-structure (Ola Bengaluru dataset)
TRIP000681,Rapido,Bengaluru,2026-01-12,06:37:00,07:24:54,Monday,January,Off-Peak,12.0,47.9,4,Bengaluru Central,Bengaluru East,Bengaluru Central,Bengaluru East,13.03982,77.66273,12.96668,77.53715,255.85,0.0,0,255.85,Card,Mini,4.1,Cancelled by Customer,Real-structure (Ola Bengaluru dataset)
TRIP000682,Ola,Bengaluru,2026-01-09,01:45:00,01:47:18,Friday,January,Off-Peak,0.5,2.3,1,Bengaluru Central,Bengaluru East,Bengaluru Central,Bengaluru East,12.99943,77.53661,12.92305,77.55283,49.45,0.0,0,49.45,Card,Mini,4.8,Completed,Real-structure (Ola Bengaluru dataset)
TRIP000683,Ola,Bengaluru,2026-02-05,10:50:00,10:55:18,Thursday,February,Off-Peak,1.07,5.3,1,Bengaluru East,Bengaluru Central,Bengaluru East,Bengaluru Central,12.89297,77.53926,12.93114,77.63936,60.79,0.0,0,60.79,Cash,Prime SUV,4.3,Incomplete,Real-structure (Ola Bengaluru dataset)
TRIP000684,Rapido,Bengaluru,2026-02-12,14:45:00,14:48:18,Thursday,February,Off-Peak,0.57,3.3,1,Bengaluru East,Bengaluru East,Bengaluru East,Bengaluru East,12.90217,77.6786,12.95703,77.61302,51.79,2.59,0,54.38,UPI,Prime Sedan,4.6,Completed,Real-structure (Ola Bengaluru dataset)
TRIP000685,Rapido,Bengaluru,2025-12-29,17:22:00,17:29:42,Monday,December,Off-Peak,2.48,7.7,4,Bengaluru North,Bengaluru Central,Bengaluru North,Bengaluru Central,12.97022,77.65142,12.92337,77.60213,81.31,0.0,0,81.31,UPI,Prime Sedan,4.7,Completed,Real-structure (Ola Bengaluru dataset)
TRIP000686,Ola,Bengaluru,2026-01-01,06:11:00,06:46:30,Thursday,January,Off-Peak,10.18,35.5,3,Bengaluru South,Bengaluru South,Bengaluru South,Bengaluru South,13.04923,77.50654,12.88436,77.6327,215.41,0.0,0,215.41,UPI,Bike,3.9,Cancelled by Customer,Real-structure (Ola Bengaluru dataset)
TRIP000687,Ola,Bengaluru,2026-02-22,04:45:00,05:06:36,Sunday,February,Off-Peak,7.07,21.6,3,Bengaluru North,Bengaluru Central,Bengaluru North,Bengaluru Central,12.91003,77.53537,12.98499,77.68347,157.24,0.0,0,157.24,Wallet,Bike,4.9,Completed,Real-structure (Ola Bengaluru dataset)
TRIP000688,Ola,Bengaluru,2026-02-16,10:58:00,11:16:24,Monday,February,Off-Peak,6.02,18.4,1,Bengaluru South,Bengaluru West,Bengaluru South,Bengaluru West,12.95139,77.55184,12.9464,77.58962,139.84,0.0,0,139.84,Cash,Bike,4.9,Cancelled by Driver,Real-structure (Ola Bengaluru dataset)
TRIP000689,Ola,Bengaluru,2025-12-02,21:08:00,21:14:36,Tuesday,December,Off-Peak,1.48,6.6,2,Bengaluru Central,Bengaluru North,Bengaluru Central,Bengaluru North,13.04557,77.62304,12.99581,77.5286,67.66,0.0,0,67.66,UPI,Prime Sedan,4.6,Completed,Real-structure (Ola Bengaluru dataset)
TRIP000690,Local Fleet,Bengaluru,2026-01-14,09:58:00,10:25:48,Wednesday,January,Peak,4.8,27.8,1,Bengaluru West,Bengaluru North,Bengaluru West,Bengaluru North,12.97608,77.58517,13.03966,77.60262,139.3,13.93,0,153.23,Cash,Bike,4.2,Completed,Real-structure (Ola Bengaluru dataset)
TRIP000691,Ola,Bengaluru,2025-12-06,11:56:00,12:58:42,Saturday,December,Off-Peak,15.15,62.7,2,Bengaluru North,Bengaluru West,Bengaluru North,Bengaluru West,12.89297,77.50168,13.05612,77.64984,315.85,0.0,0,315.85,UPI,Auto,4.4,Completed,Real-structure (Ola Bengaluru dataset)
TRIP000692,Ola,Bengaluru,2025-12-31,05:53:00,06:00:36,Wednesday,December,Off-Peak,1.93,7.6,4,Bengaluru West,Bengaluru East,Bengaluru West,Bengaluru East,13.03653,77.58716,12.91848,77.62478,74.56,0.0,0,74.56,Cash,Mini,4.1,Completed,Real-structure (Ola Bengaluru dataset)
TRIP000693,Uber,Bengaluru,2026-01-01,23:28:00,23:44:54,Thursday,January,Off-Peak,2.9,16.9,2,Bengaluru North,Bengaluru North,Bengaluru North,Bengaluru North,12.95573,77.67153,12.98378,77.58518,100.15,0.0,0,100.15,UPI,Prime Sedan,4.4,Cancelled by Driver,Real-structure (Ola Bengaluru dataset)
TRIP000694,Ola,Bengaluru,2026-02-17,14:28:00,14:30:48,Tuesday,February,Off-Peak,0.5,2.8,1,Bengaluru North,Bengaluru South,Bengaluru North,Bengaluru South,12.91962,77.49087,12.87531,77.56155,50.2,0.0,0,50.2,UPI,eBike,4.4,Completed,Real-structure (Ola Bengaluru dataset)
TRIP000695,Uber,Bengaluru,2026-01-29,03:46:00,04:07:06,Thursday,January,Off-Peak,4.35,21.1,3,Bengaluru North,Bengaluru North,Bengaluru North,Bengaluru North,13.06442,77.54415,12.90824,77.53414,123.85,0.0,0,123.85,Cash,Auto,4.3,Completed,Real-structure (Ola Bengaluru dataset)
TRIP000696,Uber,Bengaluru,2026-02-17,06:01:00,06:30:48,Tuesday,February,Off-Peak,6.98,29.8,1,Bengaluru East,Bengaluru South,Bengaluru East,Bengaluru South,12.98381,77.51441,12.94397,77.64685,168.46,0.0,0,168.46,UPI,Prime Sedan,4.3,Completed,Real-structure (Ola Bengaluru dataset)
TRIP000697,Rapido,Bengaluru,2025-12-29,13:50:00,13:55:42,Monday,December,Off-Peak,1.37,5.7,2,Bengaluru South,Bengaluru North,Bengaluru South,Bengaluru North,13.01666,77.54855,12.92199,77.65425,64.99,0.0,0,64.99,Cash,Prime Sedan,4.7,Completed,Real-structure (Ola Bengaluru dataset)
TRIP000698,Ola,Bengaluru,2026-02-15,10:27:00,10:42:18,Sunday,February,Off-Peak,3.53,15.3,2,Bengaluru West,Bengaluru South,Bengaluru West,Bengaluru South,13.00155,77.68034,13.02548,77.58383,105.31,0.0,0,105.31,UPI,Prime SUV,3.8,Completed,Real-structure (Ola Bengaluru dataset)
TRIP000699,Local Fleet,Bengaluru,2026-01-09,04:22:00,05:00:00,Friday,January,Off-Peak,7.42,38.0,4,Bengaluru South,Bengaluru East,Bengaluru South,Bengaluru East,13.04294,77.60035,12.91929,77.53178,186.04,0.0,40,226.04,Card,Prime Sedan,4.0,Completed,Real-structure (Ola Bengaluru dataset)
TRIP000700,Local Fleet,Bengaluru,2025-12-29,04:53:00,05:02:24,Monday,December,Off-Peak,2.03,9.4,1,Bengaluru West,Bengaluru West,Bengaluru West,Bengaluru West,12.9366,77.63997,13.00036,77.67365,78.46,0.0,0,78.46,Cash,Mini,4.6,Completed,Real-structure (Ola Bengaluru dataset)
TRIP000701,Rapido,Bengaluru,2026-01-03,22:11:00,22:17:06,Saturday,January,Off-Peak,1.43,6.1,3,Bengaluru North,Bengaluru West,Bengaluru North,Bengaluru West,12.87496,77.67433,12.98115,77.51236,66.31,0.0,0,66.31,UPI,Prime SUV,5.0,Completed,Real-structure (Ola Bengaluru dataset)
TRIP000702,Ola,Bengaluru,2026-02-08,10:16:00,10:24:30,Sunday,February,Off-Peak,2.13,8.5,2,Bengaluru West,Bengaluru North,Bengaluru West,Bengaluru North,12.88779,77.49701,13.04292,77.55266,78.31,0.0,0,78.31,UPI,Mini,4.7,Completed,Real-structure (Ola Bengaluru dataset)
TRIP000703,Ola,Bengaluru,2026-01-14,04:33:00,05:00:12,Wednesday,January,Off-Peak,4.62,27.2,4,Bengaluru West,Bengaluru Central,Bengaluru West,Bengaluru Central,12.9447,77.56669,13.06341,77.63378,136.24,0.0,0,136.24,Cash,eBike,4.7,Cancelled by Customer,Real-structure (Ola Bengaluru dataset)
TRIP000704,Rapido,Bengaluru,2025-12-17,08:32:00,08:39:24,Wednesday,December,Peak,1.93,7.4,3,Bengaluru East,Bengaluru West,Bengaluru East,Bengaluru West,12.9971,77.56864,13.01422,77.60839,74.26,7.43,0,81.69,Card,Prime Sedan,4.0,Completed,Real-structure (Ola Bengaluru dataset)
TRIP000705,Rapido,Bengaluru,2026-02-01,22:17:00,22:19:18,Sunday,February,Off-Peak,0.57,2.3,1,Bengaluru South,Bengaluru West,Bengaluru South,Bengaluru West,12.87337,77.63085,12.94337,77.53595,50.29,0.0,0,50.29,UPI,Prime SUV,4.5,Cancelled by Driver,Real-structure (Ola Bengaluru dataset)
TRIP000706,Ola,Bengaluru,2026-01-09,20:51:00,21:31:12,Friday,January,Off-Peak,12.84,40.2,1,Bengaluru South,Bengaluru South,Bengaluru South,Bengaluru South,13.04047,77.62592,12.92818,77.49339,254.38,12.72,0,267.1,Wallet,Auto,4.3,Completed,Real-structure (Ola Bengaluru dataset)
TRIP000707,Uber,Bengaluru,2025-12-26,09:05:00,09:31:12,Friday,December,Peak,4.8,26.2,3,Bengaluru West,Bengaluru Central,Bengaluru West,Bengaluru Central,12.96948,77.66158,12.96747,77.58639,136.9,0.0,0,136.9,Cash,eBike,4.9,Completed,Real-structure (Ola Bengaluru dataset)
TRIP000708,Local Fleet,Bengaluru,2026-02-23,21:35:00,21:37:06,Monday,February,Off-Peak,0.5,2.1,1,Bengaluru South,Bengaluru West,Bengaluru South,Bengaluru West,13.02547,77.5768,12.91375,77.5346,49.15,0.0,0,49.15,Wallet,Auto,3.6,Cancelled by Customer,Real-structure (Ola Bengaluru dataset)
TRIP000709,Rapido,Bengaluru,2026-02-14,14:15:00,14:16:54,Saturday,February,Off-Peak,0.5,1.9,1,Bengaluru Central,Bengaluru Central,Bengaluru Central,Bengaluru Central,13.03652,77.49832,12.92248,77.64261,48.85,0.0,0,48.85,Wallet,Bike,4.9,Completed,Real-structure (Ola Bengaluru dataset)
TRIP000710,Local Fleet,Bengaluru,2025-12-23,13:10:00,13:16:36,Tuesday,December,Off-Peak,1.14,6.6,1,Bengaluru North,Bengaluru Central,Bengaluru North,Bengaluru Central,12.90868,77.53529,12.88683,77.52131,63.58,0.0,60,123.58,Cash,Mini,4.6,Completed,Real-structure (Ola Bengaluru dataset)
TRIP000711,Ola,Bengaluru,2025-12-05,04:55:00,04:56:36,Friday,December,Off-Peak,0.5,1.6,1,Bengaluru Central,Bengaluru East,Bengaluru Central,Bengaluru East,12.92393,77.49269,12.97189,77.58513,48.4,0.0,0,48.4,UPI,Bike,3.8,Completed,Real-structure (Ola Bengaluru dataset)
TRIP000712,Local Fleet,Bengaluru,2025-12-10,18:40:00,18:45:48,Wednesday,December,Peak,1.29,5.8,2,Bengaluru Central,Bengaluru South,Bengaluru Central,Bengaluru South,13.05292,77.51662,13.04401,77.56048,64.18,0.0,0,64.18,UPI,eBike,3.8,Cancelled by Driver,Real-structure (Ola Bengaluru dataset)
TRIP000713,Ola,Bengaluru,2025-12-21,06:41:00,07:24:30,Sunday,December,Off-Peak,8.89,43.5,2,Bengaluru West,Bengaluru North,Bengaluru West,Bengaluru North,13.02934,77.49013,13.01041,77.5433,211.93,0.0,60,271.93,UPI,Prime Sedan,5.0,Cancelled by Driver,Real-structure (Ola Bengaluru dataset)
TRIP000714,Ola,Bengaluru,2026-01-12,23:35:00,23:48:36,Monday,January,Off-Peak,3.7,13.6,1,Bengaluru South,Bengaluru West,Bengaluru South,Bengaluru West,12.89889,77.52379,12.96687,77.58262,104.8,0.0,0,104.8,UPI,Mini,4.0,Completed,Real-structure (Ola Bengaluru dataset)
TRIP000715,Rapido,Bengaluru,2026-01-10,03:31:00,03:34:42,Saturday,January,Off-Peak,0.86,3.7,2,Bengaluru South,Bengaluru South,Bengaluru South,Bengaluru South,13.02864,77.62107,12.93966,77.67382,55.87,0.0,0,55.87,UPI,Auto,3.5,Completed,Real-structure (Ola Bengaluru dataset)
TRIP000716,Uber,Bengaluru,2026-01-07,17:22:00,17:42:00,Wednesday,January,Off-Peak,3.6,20.0,4,Bengaluru Central,Bengaluru South,Bengaluru Central,Bengaluru South,12.9485,77.60332,12.88007,77.52066,113.2,11.32,0,124.52,UPI,Mini,4.8,Completed,Real-structure (Ola Bengaluru dataset)
TRIP000717,Ola,Bengaluru,2026-02-01,08:56:00,09:02:48,Sunday,February,Peak,1.4,6.8,1,Bengaluru South,Bengaluru West,Bengaluru South,Bengaluru West,12.90531,77.64173,12.98769,77.6325,67.0,0.0,0,67.0,Wallet,Mini,3.8,Completed,Real-structure (Ola Bengaluru dataset)
TRIP000718,Local Fleet,Bengaluru,2025-12-31,10:35:00,10:36:42,Wednesday,December,Off-Peak,0.5,1.7,2,Bengaluru East,Bengaluru West,Bengaluru East,Bengaluru West,12.89527,77.58714,12.88923,77.54403,48.55,0.0,0,48.55,UPI,Auto,4.9,Completed,Real-structure (Ola Bengaluru dataset)
TRIP000719,Uber,Bengaluru,2026-01-04,13:08:00,13:20:48,Sunday,January,Off-Peak,2.51,12.8,1,Bengaluru South,Bengaluru West,Bengaluru South,Bengaluru West,12.92918,77.58739,12.8744,77.67138,89.32,0.0,0,89.32,UPI,eBike,4.0,Incomplete,Real-structure (Ola Bengaluru dataset)
TRIP000720,Local Fleet,Bengaluru,2026-01-21,13:31:00,14:23:48,Wednesday,January,Off-Peak,9.69,52.8,1,Bengaluru East,Bengaluru South,Bengaluru East,Bengaluru South,13.02731,77.58811,12.92343,77.60499,235.48,0.0,0,235.48,UPI,eBike,4.2,Completed,Real-structure (Ola Bengaluru dataset)
TRIP000721,Rapido,Bengaluru,2026-02-02,21:48:00,22:07:18,Monday,February,Off-Peak,4.3,19.3,4,Bengaluru North,Bengaluru East,Bengaluru North,Bengaluru East,13.03634,77.55527,12.95237,77.64874,120.55,0.0,0,120.55,Cash,Prime SUV,3.9,Completed,Real-structure (Ola Bengaluru dataset)
TRIP000722,Uber,Bengaluru,2026-01-19,00:12:00,00:15:30,Monday,January,Off-Peak,0.65,3.5,1,Bengaluru West,Bengaluru South,Bengaluru West,Bengaluru South,12.8972,77.53783,13.04348,77.51119,53.05,0.0,0,53.05,Wallet,Bike,4.5,Cancelled by Driver,Real-structure (Ola Bengaluru dataset)
TRIP000723,Uber,Bengaluru,2026-01-24,01:53:00,01:56:12,Saturday,January,Off-Peak,0.99,3.2,4,Bengaluru West,Bengaluru West,Bengaluru West,Bengaluru West,12.89321,77.50329,12.89306,77.66509,56.68,2.83,0,59.51,UPI,eBike,4.7,Completed,Real-structure (Ola Bengaluru dataset)
TRIP000724,Rapido,Bengaluru,2025-12-27,00:32:00,00:34:06,Saturday,December,Off-Peak,0.5,2.1,4,Bengaluru Central,Bengaluru South,Bengaluru Central,Bengaluru South,13.0611,77.64714,12.93666,77.56529,49.15,0.0,0,49.15,UPI,Prime Sedan,4.7,Completed,Real-structure (Ola Bengaluru dataset)
TRIP000725,Uber,Bengaluru,2025-12-17,11:08:00,11:09:36,Wednesday,December,Off-Peak,0.5,1.6,3,Bengaluru East,Bengaluru East,Bengaluru East,Bengaluru East,12.99522,77.61402,12.96741,77.49159,48.4,4.84,0,53.24,UPI,eBike,3.7,Completed,Real-structure (Ola Bengaluru dataset)
TRIP000726,Rapido,Bengaluru,2026-02-19,20:37:00,20:52:30,Thursday,February,Off-Peak,4.12,15.5,4,Bengaluru East,Bengaluru South,Bengaluru East,Bengaluru South,13.02475,77.52023,12.89645,77.66815,112.69,0.0,0,112.69,Card,Prime Sedan,4.9,Completed,Real-structure (Ola Bengaluru dataset)
TRIP000727,Rapido,Bengaluru,2025-12-11,13:02:00,13:04:06,Thursday,December,Off-Peak,0.5,2.1,1,Bengaluru North,Bengaluru North,Bengaluru North,Bengaluru North,12.91485,77.5572,12.95246,77.60892,49.15,4.92,0,54.07,Card,eBike,3.8,Incomplete,Real-structure (Ola Bengaluru dataset)
TRIP000728,Rapido,Bengaluru,2025-12-20,23:02:00,23:11:54,Saturday,December,Off-Peak,2.88,9.9,4,Bengaluru East,Bengaluru West,Bengaluru East,Bengaluru West,13.06605,77.6747,13.04433,77.50551,89.41,0.0,0,89.41,Card,eBike,4.3,Completed,Real-structure (Ola Bengaluru dataset)
TRIP000729,Local Fleet,Bengaluru,2026-02-10,08:41:00,09:24:00,Tuesday,February,Peak,13.77,43.0,1,Bengaluru North,Bengaluru North,Bengaluru North,Bengaluru North,12.97189,77.53651,13.04908,77.68001,269.74,0.0,0,269.74,UPI,Mini,3.7,Completed,Real-structure (Ola Bengaluru dataset)
TRIP000730,Rapido,Bengaluru,2026-01-25,13:54:00,14:48:30,Sunday,January,Off-Peak,10.35,54.5,1,Bengaluru North,Bengaluru Central,Bengaluru North,Bengaluru Central,12.92978,77.50896,12.89527,77.52613,245.95,0.0,0,245.95,UPI,Mini,4.4,Completed,Real-structure (Ola Bengaluru dataset)
TRIP000731,Uber,Bengaluru,2025-12-21,10:49:00,10:59:18,Sunday,December,Off-Peak,3.12,10.3,1,Bengaluru West,Bengaluru Central,Bengaluru West,Bengaluru Central,13.04282,77.50858,12.90489,77.57347,92.89,9.29,0,102.18,Cash,eBike,4.7,Completed,Real-structure (Ola Bengaluru dataset)
TRIP000732,Ola,Bengaluru,2026-02-12,06:41:00,07:05:30,Thursday,February,Off-Peak,4.17,24.5,3,Bengaluru West,Bengaluru South,Bengaluru West,Bengaluru South,13.04779,77.55474,12.92402,77.49957,126.79,12.68,0,139.47,UPI,Mini,4.9,Completed,Real-structure (Ola Bengaluru dataset)
TRIP000733,Uber,Bengaluru,2025-12-02,06:40:00,06:42:12,Tuesday,December,Off-Peak,0.5,2.2,4,Bengaluru North,Bengaluru Central,Bengaluru North,Bengaluru Central,13.03569,77.55006,12.99709,77.51158,49.3,0.0,0,49.3,Wallet,Mini,4.3,Completed,Real-structure (Ola Bengaluru dataset)
TRIP000734,Rapido,Bengaluru,2025-12-19,05:29:00,05:31:12,Friday,December,Off-Peak,0.52,2.2,1,Bengaluru South,Bengaluru West,Bengaluru South,Bengaluru West,12.95442,77.50318,12.96469,77.56083,49.54,0.0,0,49.54,Cash,Prime SUV,5.0,Cancelled by Driver,Real-structure (Ola Bengaluru dataset)
TRIP000735,Uber,Bengaluru,2026-02-22,11:10:00,11:13:48,Sunday,February,Off-Peak,0.77,3.8,3,Bengaluru North,Bengaluru North,Bengaluru North,Bengaluru North,13.06304,77.55672,12.95798,77.64838,54.94,5.49,0,60.43,Cash,Mini,4.1,Completed,Real-structure (Ola Bengaluru dataset)
TRIP000736,Ola,Bengaluru,2026-01-12,16:10:00,16:37:54,Monday,January,Off-Peak,5.46,27.9,2,Bengaluru East,Bengaluru Central,Bengaluru East,Bengaluru Central,12.94579,77.49832,13.04069,77.58754,147.37,0.0,0,147.37,Cash,Auto,4.5,Completed,Real-structure (Ola Bengaluru dataset)
TRIP000737,Rapido,Bengaluru,2025-12-26,21:34:00,21:40:48,Friday,December,Off-Peak,1.82,6.8,1,Bengaluru North,Bengaluru South,Bengaluru North,Bengaluru South,13.00413,77.52459,13.02602,77.67461,72.04,7.2,60,139.24,Wallet,Prime Sedan,3.8,Completed,Real-structure (Ola Bengaluru dataset)
TRIP000738,Local Fleet,Bengaluru,2026-01-14,07:27:00,07:31:36,Wednesday,January,Off-Peak,1.39,4.6,1,Bengaluru North,Bengaluru Central,Bengaluru North,Bengaluru Central,13.06938,77.54967,13.01437,77.6188,63.58,0.0,40,103.58,UPI,Prime SUV,4.9,Completed,Real-structure (Ola Bengaluru dataset)
TRIP000739,Uber,Bengaluru,2025-12-25,16:11:00,16:13:42,Thursday,December,Off-Peak,0.5,2.7,4,Bengaluru North,Bengaluru Central,Bengaluru North,Bengaluru Central,12.96684,77.6659,13.03289,77.68287,50.05,0.0,60,110.05,Cash,eBike,4.5,Completed,Real-structure (Ola Bengaluru dataset)
TRIP000740,Ola,Bengaluru,2026-02-04,02:00:00,02:04:42,Wednesday,February,Off-Peak,1.39,4.7,3,Bengaluru North,Bengaluru Central,Bengaluru North,Bengaluru Central,12.99027,77.60342,12.97066,77.54921,63.73,0.0,0,63.73,UPI,Mini,3.9,Completed,Real-structure (Ola Bengaluru dataset)
TRIP000741,Uber,Bengaluru,2025-12-24,14:27:00,14:30:18,Wednesday,December,Off-Peak,0.86,3.3,1,Bengaluru West,Bengaluru North,Bengaluru West,Bengaluru North,13.00581,77.57235,13.05105,77.59559,55.27,2.76,0,58.03,UPI,eBike,4.1,Completed,Real-structure (Ola Bengaluru dataset)
TRIP000742,Uber,Bengaluru,2025-12-09,01:45:00,02:13:42,Tuesday,December,Off-Peak,6.32,28.7,2,Bengaluru South,Bengaluru West,Bengaluru South,Bengaluru West,13.06918,77.64619,12.89905,77.55451,158.89,0.0,0,158.89,UPI,Prime Sedan,4.7,Completed,Real-structure (Ola Bengaluru dataset)
TRIP000743,Local Fleet,Bengaluru,2025-12-03,09:58:00,10:07:30,Wednesday,December,Peak,2.96,9.5,3,Bengaluru West,Bengaluru West,Bengaluru West,Bengaluru West,12.9984,77.62641,13.01591,77.6287,89.77,0.0,0,89.77,Cash,Prime SUV,4.3,Completed,Real-structure (Ola Bengaluru dataset)
TRIP000744,Uber,Bengaluru,2026-01-04,06:01:00,06:03:36,Sunday,January,Off-Peak,0.5,2.6,1,Bengaluru North,Bengaluru East,Bengaluru North,Bengaluru East,12.93235,77.50722,13.05481,77.61319,49.9,0.0,0,49.9,UPI,Prime Sedan,5.0,Completed,Real-structure (Ola Bengaluru dataset)
TRIP000745,Uber,Bengaluru,2026-02-10,09:36:00,10:33:06,Tuesday,February,Peak,10.26,57.1,3,Bengaluru East,Bengaluru West,Bengaluru East,Bengaluru West,12.98742,77.65691,12.96177,77.51244,248.77,0.0,0,248.77,Wallet,Prime SUV,4.4,Completed,Real-structure (Ola Bengaluru dataset)
TRIP000746,Ola,Bengaluru,2026-02-17,20:21:00,20:42:42,Tuesday,February,Off-Peak,6.49,21.7,4,Bengaluru West,Bengaluru East,Bengaluru West,Bengaluru East,12.99296,77.64524,13.03114,77.54602,150.43,0.0,0,150.43,UPI,eBike,4.8,Cancelled by Driver,Real-structure (Ola Bengaluru dataset)
TRIP000747,Ola,Bengaluru,2026-01-02,04:57:00,05:02:30,Friday,January,Off-Peak,1.49,5.5,1,Bengaluru South,Bengaluru North,Bengaluru South,Bengaluru North,13.03116,77.49292,12.89487,77.57468,66.13,0.0,40,106.13,UPI,Mini,4.1,Completed,Real-structure (Ola Bengaluru dataset)
TRIP000748,Rapido,Bengaluru,2025-12-23,18:39:00,19:02:12,Tuesday,December,Peak,3.97,23.2,1,Bengaluru North,Bengaluru Central,Bengaluru North,Bengaluru Central,12.96538,77.61958,12.91004,77.50773,122.44,0.0,0,122.44,UPI,Auto,4.5,Completed,Real-structure (Ola Bengaluru dataset)
TRIP000749,Rapido,Bengaluru,2026-01-14,06:08:00,06:30:00,Wednesday,January,Off-Peak,4.54,22.0,1,Bengaluru East,Bengaluru West,Bengaluru East,Bengaluru West,13.05976,77.68586,13.00231,77.67896,127.48,0.0,0,127.48,UPI,Prime SUV,4.0,Completed,Real-structure (Ola Bengaluru dataset)
TRIP000750,Uber,Bengaluru,2026-01-18,23:20:00,23:27:12,Sunday,January,Off-Peak,1.51,7.2,1,Bengaluru East,Bengaluru North,Bengaluru East,Bengaluru North,12.99311,77.65611,13.03206,77.67637,68.92,0.0,0,68.92,UPI,Prime Sedan,4.0,Completed,Real-structure (Ola Bengaluru dataset)
TRIP000751,Rapido,Bengaluru,2025-12-01,08:23:00,09:23:36,Monday,December,Peak,12.67,60.6,1,Bengaluru North,Bengaluru Central,Bengaluru North,Bengaluru Central,13.06838,77.57481,13.05547,77.63485,282.94,0.0,0,282.94,UPI,Prime Sedan,4.9,Completed,Real-structure (Ola Bengaluru dataset)
TRIP000752,Uber,Bengaluru,2026-01-27,17:46:00,17:52:18,Tuesday,January,Off-Peak,1.52,6.3,1,Bengaluru West,Bengaluru East,Bengaluru West,Bengaluru East,13.00593,77.66868,12.90811,77.54933,67.69,3.38,0,71.07,UPI,Mini,4.0,Completed,Real-structure (Ola Bengaluru dataset)
TRIP000753,Rapido,Bengaluru,2025-12-28,19:26:00,19:28:30,Sunday,December,Peak,0.5,2.5,3,Bengaluru East,Bengaluru East,Bengaluru East,Bengaluru East,12.91066,77.54476,12.99473,77.51921,49.75,0.0,0,49.75,Cash,eBike,3.7,Cancelled by Driver,Real-structure (Ola Bengaluru dataset)
TRIP000754,Rapido,Bengaluru,2026-02-11,10:56:00,11:06:42,Wednesday,February,Off-Peak,1.9,10.7,1,Bengaluru South,Bengaluru West,Bengaluru South,Bengaluru West,12.95818,77.59085,12.99686,77.54488,78.85,0.0,0,78.85,Cash,Prime SUV,3.7,Completed,Real-structure (Ola Bengaluru dataset)
TRIP000755,Local Fleet,Bengaluru,2026-02-27,22:25:00,22:27:36,Friday,February,Off-Peak,0.5,2.6,1,Bengaluru East,Bengaluru East,Bengaluru East,Bengaluru East,13.02405,77.68892,13.02404,77.56032,49.9,0.0,0,49.9,Cash,Bike,4.6,Completed,Real-structure (Ola Bengaluru dataset)
TRIP000756,Local Fleet,Bengaluru,2025-12-19,06:43:00,07:17:48,Friday,December,Off-Peak,6.08,34.8,2,Bengaluru West,Bengaluru East,Bengaluru West,Bengaluru East,12.95798,77.65137,13.0641,77.52412,165.16,0.0,0,165.16,UPI,Mini,4.3,Completed,Real-structure (Ola Bengaluru dataset)
TRIP000757,Local Fleet,Bengaluru,2026-02-12,00:26:00,00:41:30,Thursday,February,Off-Peak,4.18,15.5,1,Bengaluru East,Bengaluru South,Bengaluru East,Bengaluru South,13.04596,77.58627,12.98456,77.61443,113.41,0.0,0,113.41,UPI,eBike,4.0,Completed,Real-structure (Ola Bengaluru dataset)
TRIP000758,Local Fleet,Bengaluru,2026-01-04,09:22:00,09:53:42,Sunday,January,Peak,6.14,31.7,3,Bengaluru South,Bengaluru East,Bengaluru South,Bengaluru East,13.007,77.567,13.0229,77.50371,161.23,0.0,60,221.23,UPI,Prime SUV,4.6,Completed,Real-structure (Ola Bengaluru dataset)
TRIP000759,Local Fleet,Bengaluru,2026-02-08,04:06:00,04:18:36,Sunday,February,Off-Peak,2.21,12.6,1,Bengaluru North,Bengaluru South,Bengaluru North,Bengaluru South,12.92837,77.56889,13.06698,77.64195,85.42,4.27,0,89.69,UPI,Auto,4.7,Cancelled by Driver,Real-structure (Ola Bengaluru dataset)
TRIP000760,Rapido,Bengaluru,2026-02-07,15:56:00,16:08:54,Saturday,February,Off-Peak,4.26,12.9,1,Bengaluru South,Bengaluru North,Bengaluru South,Bengaluru North,13.02952,77.5014,12.95041,77.62921,110.47,0.0,0,110.47,UPI,Prime Sedan,4.0,Completed,Real-structure (Ola Bengaluru dataset)
TRIP000761,Rapido,Bengaluru,2026-01-09,05:48:00,06:08:18,Friday,January,Off-Peak,3.48,20.3,1,Bengaluru North,Bengaluru North,Bengaluru North,Bengaluru North,13.03184,77.55464,13.06815,77.64632,112.21,5.61,60,177.82,Card,Prime SUV,4.0,Completed,Real-structure (Ola Bengaluru dataset)
TRIP000762,Local Fleet,Bengaluru,2025-12-07,16:07:00,16:33:42,Sunday,December,Off-Peak,6.13,26.7,4,Bengaluru South,Bengaluru North,Bengaluru South,Bengaluru North,12.89777,77.55076,13.02131,77.61106,153.61,0.0,0,153.61,Cash,Prime Sedan,4.5,Completed,Real-structure (Ola Bengaluru dataset)
TRIP000763,Ola,Bengaluru,2026-02-27,00:30:00,00:55:06,Friday,February,Off-Peak,4.66,25.1,1,Bengaluru North,Bengaluru East,Bengaluru North,Bengaluru East,13.0468,77.61872,12.99013,77.58399,133.57,0.0,0,133.57,UPI,Mini,3.8,Completed,Real-structure (Ola Bengaluru dataset)
TRIP000764,Uber,Bengaluru,2025-12-19,18:12:00,18:44:24,Friday,December,Peak,7.17,32.4,3,Bengaluru North,Bengaluru East,Bengaluru North,Bengaluru East,12.92093,77.52345,12.96914,77.58629,174.64,0.0,0,174.64,UPI,Prime Sedan,3.8,Completed,Real-structure (Ola Bengaluru dataset)
TRIP000765,Rapido,Bengaluru,2025-12-16,17:10:00,17:17:12,Tuesday,December,Off-Peak,1.23,7.2,1,Bengaluru West,Bengaluru East,Bengaluru West,Bengaluru East,12.95861,77.50625,12.98898,77.57377,65.56,6.56,0,72.12,UPI,Prime SUV,4.0,Completed,Real-structure (Ola Bengaluru dataset)
TRIP000766,Rapido,Bengaluru,2025-12-15,21:10:00,21:46:42,Monday,December,Off-Peak,6.31,36.7,1,Bengaluru East,Bengaluru Central,Bengaluru East,Bengaluru Central,12.97824,77.63367,13.02919,77.62337,170.77,0.0,0,170.77,UPI,Mini,3.6,Completed,Real-structure (Ola Bengaluru dataset)
TRIP000767,Ola,Bengaluru,2025-12-22,02:13:00,02:15:06,Monday,December,Off-Peak,0.5,2.1,1,Bengaluru South,Bengaluru Central,Bengaluru South,Bengaluru Central,12.97338,77.56116,12.93864,77.54308,49.15,0.0,0,49.15,UPI,Prime Sedan,3.8,Completed,Real-structure (Ola Bengaluru dataset)
TRIP000768,Local Fleet,Bengaluru,2025-12-04,22:24:00,22:32:18,Thursday,December,Off-Peak,2.26,8.3,4,Bengaluru North,Bengaluru Central,Bengaluru North,Bengaluru Central,13.02501,77.55956,12.87634,77.62531,79.57,0.0,0,79.57,Card,Prime Sedan,3.8,Completed,Real-structure (Ola Bengaluru dataset)
TRIP000769,Uber,Bengaluru,2026-01-03,01:22:00,02:02:24,Saturday,January,Off-Peak,12.26,40.4,1,Bengaluru West,Bengaluru North,Bengaluru West,Bengaluru North,13.02537,77.58204,13.04654,77.57035,247.72,0.0,0,247.72,Wallet,Prime SUV,3.9,Cancelled by Driver,Real-structure (Ola Bengaluru dataset)
TRIP000770,Ola,Bengaluru,2026-01-01,18:25:00,19:56:30,Thursday,January,Peak,17.86,91.5,1,Bengaluru Central,Bengaluru West,Bengaluru Central,Bengaluru West,12.91787,77.58541,12.92927,77.57417,391.57,0.0,0,391.57,Card,Bike,4.1,Completed,Real-structure (Ola Bengaluru dataset)
TRIP000771,Rapido,Bengaluru,2025-12-14,03:44:00,03:54:48,Sunday,December,Off-Peak,2.64,10.8,4,Bengaluru East,Bengaluru Central,Bengaluru East,Bengaluru Central,12.92241,77.67282,12.99073,77.59816,87.88,0.0,0,87.88,UPI,Prime Sedan,4.5,Cancelled by Customer,Real-structure (Ola Bengaluru dataset)
TRIP000772,Rapido,Bengaluru,2026-01-11,20:39:00,21:07:12,Sunday,January,Off-Peak,4.84,28.2,1,Bengaluru Central,Bengaluru South,Bengaluru Central,Bengaluru South,12.89993,77.55086,12.88919,77.52564,140.38,0.0,60,200.38,UPI,Auto,3.7,Completed,Real-structure (Ola Bengaluru dataset)
TRIP000773,Uber,Bengaluru,2026-01-08,22:52:00,23:14:48,Thursday,January,Off-Peak,7.5,22.8,2,Bengaluru West,Bengaluru South,Bengaluru West,Bengaluru South,13.04937,77.54011,12.95204,77.65489,164.2,0.0,0,164.2,Card,Auto,4.4,Completed,Real-structure (Ola Bengaluru dataset)
TRIP000774,Local Fleet,Bengaluru,2025-12-03,11:53:00,12:17:06,Wednesday,December,Off-Peak,6.12,24.1,1,Bengaluru East,Bengaluru West,Bengaluru East,Bengaluru West,12.92022,77.59082,12.94718,77.5051,149.59,0.0,0,149.59,UPI,Mini,4.4,Incomplete,Real-structure (Ola Bengaluru dataset)
TRIP000775,Local Fleet,Bengaluru,2026-02-16,04:42:00,04:55:24,Monday,February,Off-Peak,2.95,13.4,2,Bengaluru Central,Bengaluru Central,Bengaluru Central,Bengaluru Central,12.9257,77.67563,12.97739,77.60586,95.5,0.0,0,95.5,Cash,Bike,3.6,Completed,Real-structure (Ola Bengaluru dataset)
TRIP000776,Local Fleet,Bengaluru,2025-12-13,07:05:00,07:13:42,Saturday,December,Off-Peak,1.46,8.7,3,Bengaluru East,Bengaluru East,Bengaluru East,Bengaluru East,12.91725,77.52709,13.02311,77.6687,70.57,7.06,0,77.63,UPI,Auto,5.0,Completed,Real-structure (Ola Bengaluru dataset)
TRIP000777,Local Fleet,Bengaluru,2025-12-11,15:49:00,16:09:24,Thursday,December,Off-Peak,3.58,20.4,1,Bengaluru Central,Bengaluru North,Bengaluru Central,Bengaluru North,12.99301,77.65573,13.00159,77.56309,113.56,11.36,0,124.92,UPI,eBike,4.7,Completed,Real-structure (Ola Bengaluru dataset)
TRIP000778,Rapido,Bengaluru,2026-01-16,18:56:00,18:58:24,Friday,January,Peak,0.5,2.4,3,Bengaluru Central,Bengaluru South,Bengaluru Central,Bengaluru South,13.03265,77.57001,12.95613,77.55959,49.6,0.0,40,89.6,UPI,Prime SUV,3.5,Completed,Real-structure (Ola Bengaluru dataset)
TRIP000779,Ola,Bengaluru,2025-12-06,19:56:00,20:09:12,Saturday,December,Peak,2.43,13.2,1,Bengaluru South,Bengaluru North,Bengaluru South,Bengaluru North,13.02159,77.60356,12.94734,77.56119,88.96,0.0,0,88.96,UPI,eBike,3.5,Completed,Real-structure (Ola Bengaluru dataset)
TRIP000780,Rapido,Bengaluru,2026-01-30,03:04:00,03:06:48,Friday,January,Off-Peak,0.5,2.8,2,Bengaluru North,Bengaluru South,Bengaluru North,Bengaluru South,12.87856,77.63784,12.95567,77.54532,50.2,0.0,0,50.2,UPI,eBike,3.5,Completed,Real-structure (Ola Bengaluru dataset)
TRIP000781,Ola,Bengaluru,2026-02-25,23:44:00,23:46:12,Wednesday,February,Off-Peak,0.5,2.2,2,Bengaluru East,Bengaluru West,Bengaluru East,Bengaluru West,12.92986,77.55004,13.06839,77.55524,49.3,0.0,0,49.3,UPI,Auto,4.5,Cancelled by Customer,Real-structure (Ola Bengaluru dataset)
TRIP000782,Local Fleet,Bengaluru,2026-02-10,08:16:00,08:33:18,Tuesday,February,Peak,3.62,17.3,1,Bengaluru South,Bengaluru East,Bengaluru South,Bengaluru East,13.02342,77.60673,13.02106,77.62068,109.39,0.0,0,109.39,UPI,Bike,4.9,Completed,Real-structure (Ola Bengaluru dataset)
TRIP000783,Ola,Bengaluru,2025-12-01,15:36:00,16:12:30,Monday,December,Off-Peak,10.25,36.5,3,Bengaluru East,Bengaluru East,Bengaluru East,Bengaluru East,12.92032,77.67847,12.96726,77.65954,217.75,0.0,0,217.75,UPI,Prime Sedan,4.6,Completed,Real-structure (Ola Bengaluru dataset)
TRIP000784,Uber,Bengaluru,2025-12-16,07:25:00,07:27:54,Tuesday,December,Off-Peak,0.5,2.9,2,Bengaluru Central,Bengaluru West,Bengaluru Central,Bengaluru West,13.02544,77.5241,12.889,77.59375,50.35,0.0,0,50.35,Cash,Prime Sedan,4.2,Completed,Real-structure (Ola Bengaluru dataset)
TRIP000785,Uber,Bengaluru,2025-12-21,23:12:00,23:22:12,Sunday,December,Off-Peak,2.58,10.2,1,Bengaluru South,Bengaluru South,Bengaluru South,Bengaluru South,13.06683,77.68383,13.05275,77.57706,86.26,0.0,0,86.26,UPI,Prime Sedan,5.0,Cancelled by Customer,Real-structure (Ola Bengaluru dataset)
TRIP000786,Uber,Bengaluru,2026-02-06,14:53:00,14:56:30,Friday,February,Off-Peak,0.8,3.5,4,Bengaluru East,Bengaluru Central,Bengaluru East,Bengaluru Central,12.99792,77.56516,12.97731,77.68111,54.85,0.0,0,54.85,UPI,Mini,3.8,Cancelled by Driver,Real-structure (Ola Bengaluru dataset)
TRIP000787,Uber,Bengaluru,2025-12-23,15:33:00,15:35:48,Tuesday,December,Off-Peak,0.5,2.8,1,Bengaluru Central,Bengaluru South,Bengaluru Central,Bengaluru South,12.92641,77.67573,12.91756,77.54055,50.2,0.0,0,50.2,UPI,eBike,4.0,Completed,Real-structure (Ola Bengaluru dataset)
TRIP000788,Ola,Bengaluru,2026-01-16,03:53:00,04:15:00,Friday,January,Off-Peak,6.02,22.0,4,Bengaluru Central,Bengaluru North,Bengaluru Central,Bengaluru North,13.01069,77.66612,12.885,77.57918,145.24,14.52,0,159.76,Cash,Auto,5.0,Completed,Real-structure (Ola Bengaluru dataset)
TRIP000789,Rapido,Bengaluru,2025-12-02,19:53:00,19:54:36,Tuesday,December,Peak,0.5,1.6,4,Bengaluru West,Bengaluru East,Bengaluru West,Bengaluru East,12.88886,77.59803,12.92922,77.62347,48.4,0.0,0,48.4,UPI,Mini,4.6,Completed,Real-structure (Ola Bengaluru dataset)
TRIP000790,Uber,Bengaluru,2026-01-10,12:54:00,13:00:48,Saturday,January,Off-Peak,1.84,6.8,3,Bengaluru North,Bengaluru North,Bengaluru North,Bengaluru North,12.98402,77.52952,13.04424,77.68306,72.28,3.61,0,75.89,UPI,Bike,4.7,Completed,Real-structure (Ola Bengaluru dataset)
TRIP000791,Uber,Bengaluru,2026-02-28,16:16:00,16:19:42,Saturday,February,Off-Peak,1.08,3.7,4,Bengaluru Central,Bengaluru Central,Bengaluru Central,Bengaluru Central,12.92899,77.4914,13.02352,77.52569,58.51,0.0,0,58.51,UPI,Mini,3.9,Completed,Real-structure (Ola Bengaluru dataset)
TRIP000792,Ola,Bengaluru,2026-01-17,12:04:00,12:47:42,Saturday,January,Off-Peak,9.43,43.7,4,Bengaluru Central,Bengaluru West,Bengaluru Central,Bengaluru West,12.97951,77.58584,13.06923,77.55751,218.71,0.0,0,218.71,UPI,eBike,3.9,Completed,Real-structure (Ola Bengaluru dataset)
TRIP000793,Ola,Bengaluru,2026-01-06,17:02:00,17:38:24,Tuesday,January,Off-Peak,6.17,36.4,1,Bengaluru South,Bengaluru North,Bengaluru South,Bengaluru North,13.02051,77.65452,12.92665,77.63249,168.64,0.0,0,168.64,Card,Prime SUV,4.9,Completed,Real-structure (Ola Bengaluru dataset)
TRIP000794,Uber,Bengaluru,2026-02-18,06:34:00,06:36:06,Wednesday,February,Off-Peak,0.5,2.1,1,Bengaluru Central,Bengaluru South,Bengaluru Central,Bengaluru South,13.01805,77.58945,12.95208,77.4985,49.15,0.0,0,49.15,UPI,Prime SUV,5.0,Cancelled by Customer,Real-structure (Ola Bengaluru dataset)
TRIP000795,Local Fleet,Bengaluru,2026-02-20,17:00:00,17:04:42,Friday,February,Off-Peak,1.21,4.7,1,Bengaluru North,Bengaluru East,Bengaluru North,Bengaluru East,13.05329,77.67404,12.87269,77.67006,61.57,0.0,0,61.57,Wallet,Mini,4.0,Completed,Real-structure (Ola Bengaluru dataset)
TRIP000796,Local Fleet,Bengaluru,2025-12-05,05:31:00,05:54:12,Friday,December,Off-Peak,5.69,23.2,1,Bengaluru North,Bengaluru North,Bengaluru North,Bengaluru North,13.02548,77.57699,13.06961,77.62914,143.08,14.31,60,217.39,Wallet,Auto,4.9,Completed,Real-structure (Ola Bengaluru dataset)
TRIP000797,Rapido,Bengaluru,2026-02-12,23:43:00,00:02:54,Thursday,February,Off-Peak,3.8,19.9,2,Bengaluru West,Bengaluru West,Bengaluru West,Bengaluru West,12.95715,77.59934,13.01757,77.54656,115.45,0.0,0,115.45,UPI,Bike,5.0,Completed,Real-structure (Ola Bengaluru dataset)
TRIP000798,Local Fleet,Bengaluru,2026-01-24,20:32:00,21:03:54,Saturday,January,Off-Peak,8.06,31.9,1,Bengaluru North,Bengaluru West,Bengaluru North,Bengaluru West,12.92768,77.68016,12.92318,77.52624,184.57,0.0,0,184.57,Card,Prime Sedan,4.7,Completed,Real-structure (Ola Bengaluru dataset)
TRIP000799,Rapido,Bengaluru,2025-12-23,15:35:00,15:57:06,Tuesday,December,Off-Peak,4.54,22.1,3,Bengaluru North,Bengaluru East,Bengaluru North,Bengaluru East,13.03709,77.4979,12.99959,77.51099,127.63,0.0,0,127.63,UPI,Prime SUV,3.9,Completed,Real-structure (Ola Bengaluru dataset)
TRIP000800,Local Fleet,Bengaluru,2026-01-08,02:19:00,03:32:12,Thursday,January,Off-Peak,17.77,73.2,3,Bengaluru South,Bengaluru West,Bengaluru South,Bengaluru West,13.00047,77.56648,12.91387,77.53794,363.04,0.0,0,363.04,Card,eBike,4.1,Cancelled by Driver,Real-structure (Ola Bengaluru dataset)
TRIP000801,Local Fleet,Hyderabad,2026-01-23,15:50:00,16:06:06,Friday,January,Off-Peak,2.82,16.1,2,Hyderabad East,Hyderabad Central,Hyderabad East,Hyderabad Central,17.37648,78.5752,17.39039,78.50035,97.99,0.0,0,97.99,UPI,Bike,4.9,Completed,Synthetic proxy (no real dataset exists for this city)
TRIP000802,Local Fleet,Hyderabad,2026-01-01,15:55:00,16:34:18,Thursday,January,Off-Peak,10.33,39.3,1,Hyderabad West,Hyderabad South,Hyderabad West,Hyderabad South,17.31315,78.43225,17.30947,78.44513,222.91,0.0,0,222.91,Wallet,eBike,3.9,Completed,Synthetic proxy (no real dataset exists for this city)
TRIP000803,Uber,Hyderabad,2025-12-02,11:58:00,12:02:30,Tuesday,December,Off-Peak,1.3,4.5,1,Hyderabad East,Hyderabad East,Hyderabad East,Hyderabad East,17.40143,78.53848,17.29027,78.40743,62.35,0.0,0,62.35,Card,Bike,4.0,Completed,Synthetic proxy (no real dataset exists for this city)
TRIP000804,Ola,Hyderabad,2025-12-28,21:50:00,22:12:24,Sunday,December,Off-Peak,5.95,22.4,1,Hyderabad Central,Hyderabad North,Hyderabad Central,Hyderabad North,17.39979,78.48073,17.31442,78.52316,145.0,0.0,0,145.0,UPI,Prime Sedan,3.9,Cancelled by Customer,Synthetic proxy (no real dataset exists for this city)
TRIP000805,Local Fleet,Hyderabad,2025-12-25,11:22:00,11:23:48,Thursday,December,Off-Peak,0.6,1.8,1,Hyderabad Central,Hyderabad East,Hyderabad Central,Hyderabad East,17.29074,78.43473,17.42402,78.46971,49.9,0.0,0,49.9,Card,Prime SUV,4.4,Completed,Synthetic proxy (no real dataset exists for this city)
TRIP000806,Uber,Hyderabad,2026-01-18,11:05:00,11:13:24,Sunday,January,Off-Peak,2.16,8.4,1,Hyderabad North,Hyderabad South,Hyderabad North,Hyderabad South,17.4463,78.46427,17.42041,78.45084,78.52,3.93,0,82.45,Cash,eBike,5.0,Completed,Synthetic proxy (no real dataset exists for this city)
TRIP000807,Ola,Hyderabad,2026-01-30,13:05:00,13:19:12,Friday,January,Off-Peak,2.37,14.2,1,Hyderabad South,Hyderabad West,Hyderabad South,Hyderabad West,17.42818,78.54763,17.45863,78.55426,89.74,0.0,0,89.74,Card,Bike,4.1,Completed,Synthetic proxy (no real dataset exists for this city)
TRIP000808,Uber,Hyderabad,2026-01-07,21:04:00,21:09:42,Wednesday,January,Off-Peak,1.41,5.7,1,Hyderabad North,Hyderabad South,Hyderabad North,Hyderabad South,17.31657,78.42953,17.40539,78.44711,65.47,0.0,0,65.47,UPI,Prime Sedan,5.0,Completed,Synthetic proxy (no real dataset exists for this city)
TRIP000809,Ola,Hyderabad,2026-02-04,12:07:00,12:50:00,Wednesday,February,Off-Peak,8.05,43.0,1,Hyderabad South,Hyderabad Central,Hyderabad South,Hyderabad Central,17.43557,78.52545,17.48948,78.54836,201.1,20.11,0,221.21,Wallet,Auto,4.6,Completed,Synthetic proxy (no real dataset exists for this city)
TRIP000810,Local Fleet,Hyderabad,2026-01-30,20:25:00,21:11:24,Friday,January,Off-Peak,8.66,46.4,1,Hyderabad South,Hyderabad South,Hyderabad South,Hyderabad South,17.40628,78.49728,17.47854,78.52895,213.52,0.0,0,213.52,UPI,Mini,4.5,Completed,Synthetic proxy (no real dataset exists for this city)
TRIP000811,Local Fleet,Hyderabad,2026-02-07,04:30:00,04:51:24,Saturday,February,Off-Peak,3.88,21.4,2,Hyderabad North,Hyderabad North,Hyderabad North,Hyderabad North,17.36481,78.54267,17.39198,78.5512,118.66,0.0,0,118.66,Card,Mini,4.9,Cancelled by Customer,Synthetic proxy (no real dataset exists for this city)
TRIP000812,Local Fleet,Hyderabad,2025-12-16,06:14:00,06:30:18,Tuesday,December,Off-Peak,3.41,16.3,2,Hyderabad South,Hyderabad South,Hyderabad South,Hyderabad South,17.48826,78.42828,17.46412,78.41925,105.37,0.0,0,105.37,Card,Prime Sedan,4.4,Cancelled by Customer,Synthetic proxy (no real dataset exists for this city)
TRIP000813,Rapido,Hyderabad,2026-01-18,09:54:00,09:58:54,Sunday,January,Peak,1.32,4.9,2,Hyderabad North,Hyderabad North,Hyderabad North,Hyderabad North,17.44628,78.58583,17.44156,78.43205,63.19,0.0,0,63.19,Card,Prime SUV,4.8,Completed,Synthetic proxy (no real dataset exists for this city)
TRIP000814,Ola,Hyderabad,2025-12-30,19:14:00,19:28:18,Tuesday,December,Peak,4.3,14.3,3,Hyderabad East,Hyderabad North,Hyderabad East,Hyderabad North,17.3738,78.46392,17.3446,78.39815,113.05,11.3,0,124.35,UPI,Mini,3.7,Completed,Synthetic proxy (no real dataset exists for this city)
TRIP000815,Uber,Hyderabad,2025-12-02,15:25:00,15:37:36,Tuesday,December,Off-Peak,3.23,12.6,1,Hyderabad West,Hyderabad West,Hyderabad West,Hyderabad West,17.37941,78.39828,17.3855,78.57578,97.66,0.0,60,157.66,UPI,Auto,4.4,Completed,Synthetic proxy (no real dataset exists for this city)
TRIP000816,Uber,Hyderabad,2026-01-30,17:56:00,17:58:42,Friday,January,Off-Peak,0.5,2.7,4,Hyderabad East,Hyderabad East,Hyderabad East,Hyderabad East,17.43116,78.42962,17.43322,78.53172,50.05,0.0,0,50.05,Wallet,Prime Sedan,4.8,Completed,Synthetic proxy (no real dataset exists for this city)
TRIP000817,Local Fleet,Hyderabad,2026-01-20,14:57:00,15:01:18,Tuesday,January,Off-Peak,0.77,4.3,1,Hyderabad Central,Hyderabad Central,Hyderabad Central,Hyderabad Central,17.29206,78.39522,17.30085,78.50881,55.69,2.78,0,58.47,UPI,eBike,4.3,Completed,Synthetic proxy (no real dataset exists for this city)
TRIP000818,Ola,Hyderabad,2026-01-23,15:46:00,16:17:24,Friday,January,Off-Peak,8.98,31.4,1,Hyderabad North,Hyderabad North,Hyderabad North,Hyderabad North,17.4001,78.43017,17.42455,78.53172,194.86,0.0,0,194.86,Card,eBike,3.6,Completed,Synthetic proxy (no real dataset exists for this city)
TRIP000819,Uber,Hyderabad,2025-12-14,04:58:00,05:47:12,Sunday,December,Off-Peak,9.2,49.2,1,Hyderabad West,Hyderabad Central,Hyderabad West,Hyderabad Central,17.40678,78.49145,17.34251,78.52103,224.2,22.42,60,306.62,UPI,Auto,4.4,Completed,Synthetic proxy (no real dataset exists for this city)
TRIP000820,Local Fleet,Hyderabad,2026-01-27,07:01:00,07:11:12,Tuesday,January,Off-Peak,1.84,10.2,3,Hyderabad Central,Hyderabad Central,Hyderabad Central,Hyderabad Central,17.37937,78.56308,17.36884,78.52079,77.38,0.0,0,77.38,UPI,Mini,4.5,Completed,Synthetic proxy (no real dataset exists for this city)
TRIP000821,Rapido,Hyderabad,2025-12-25,10:12:00,10:27:00,Thursday,December,Off-Peak,2.71,15.0,1,Hyderabad East,Hyderabad South,Hyderabad East,Hyderabad South,17.30734,78.43003,17.44223,78.39247,95.02,0.0,0,95.02,Wallet,Prime Sedan,4.9,Completed,Synthetic proxy (no real dataset exists for this city)
TRIP000822,Uber,Hyderabad,2026-01-29,06:14:00,06:17:06,Thursday,January,Off-Peak,0.68,3.1,1,Hyderabad South,Hyderabad East,Hyderabad South,Hyderabad East,17.42549,78.49478,17.31092,78.50309,52.81,0.0,0,52.81,Cash,Prime Sedan,3.9,Completed,Synthetic proxy (no real dataset exists for this city)
TRIP000823,Uber,Hyderabad,2026-01-02,12:09:00,12:25:00,Friday,January,Off-Peak,4.32,16.0,1,Hyderabad East,Hyderabad North,Hyderabad East,Hyderabad North,17.42969,78.56213,17.48176,78.43665,115.84,0.0,0,115.84,Cash,Prime SUV,4.3,Completed,Synthetic proxy (no real dataset exists for this city)
TRIP000824,Local Fleet,Hyderabad,2026-02-01,00:01:00,00:24:30,Sunday,February,Off-Peak,4.15,23.5,4,Hyderabad North,Hyderabad North,Hyderabad North,Hyderabad North,17.43237,78.53452,17.32543,78.52364,125.05,0.0,0,125.05,UPI,Prime SUV,4.7,Incomplete,Synthetic proxy (no real dataset exists for this city)
TRIP000825,Uber,Hyderabad,2026-01-01,09:47:00,09:55:00,Thursday,January,Peak,1.42,8.0,1,Hyderabad South,Hyderabad Central,Hyderabad South,Hyderabad Central,17.32966,78.56494,17.40177,78.3992,69.04,0.0,0,69.04,Card,eBike,4.0,Completed,Synthetic proxy (no real dataset exists for this city)
TRIP000826,Ola,Hyderabad,2025-12-31,05:42:00,05:43:48,Wednesday,December,Off-Peak,0.5,1.8,1,Hyderabad West,Hyderabad West,Hyderabad West,Hyderabad West,17.34052,78.45193,17.29286,78.57057,48.7,2.44,0,51.14,Cash,Mini,4.5,Completed,Synthetic proxy (no real dataset exists for this city)
TRIP000827,Local Fleet,Hyderabad,2025-12-30,16:06:00,16:24:42,Tuesday,December,Off-Peak,3.76,18.7,4,Hyderabad Central,Hyderabad West,Hyderabad Central,Hyderabad West,17.43808,78.57239,17.36288,78.50793,113.17,0.0,0,113.17,Cash,eBike,4.9,Completed,Synthetic proxy (no real dataset exists for this city)
TRIP000828,Ola,Hyderabad,2025-12-13,00:14:00,00:17:54,Saturday,December,Off-Peak,0.89,3.9,4,Hyderabad East,Hyderabad North,Hyderabad East,Hyderabad North,17.38143,78.54759,17.46075,78.47259,56.53,0.0,0,56.53,Card,Mini,3.6,Completed,Synthetic proxy (no real dataset exists for this city)
TRIP000829,Local Fleet,Hyderabad,2025-12-10,11:38:00,11:43:00,Wednesday,December,Off-Peak,1.65,5.0,1,Hyderabad West,Hyderabad Central,Hyderabad West,Hyderabad Central,17.33796,78.50174,17.33401,78.47868,67.3,6.73,0,74.03,UPI,Auto,3.7,Completed,Synthetic proxy (no real dataset exists for this city)
TRIP000830,Ola,Hyderabad,2026-01-07,08:30:00,09:08:54,Wednesday,January,Peak,8.22,38.9,3,Hyderabad North,Hyderabad East,Hyderabad North,Hyderabad East,17.41735,78.48295,17.36329,78.44014,196.99,0.0,60,256.99,UPI,Prime SUV,4.3,Completed,Synthetic proxy (no real dataset exists for this city)
TRIP000831,Rapido,Hyderabad,2025-12-23,04:26:00,04:29:30,Tuesday,December,Off-Peak,0.85,3.5,4,Hyderabad North,Hyderabad Central,Hyderabad North,Hyderabad Central,17.40117,78.44535,17.29855,78.42509,55.45,0.0,60,115.45,Cash,Prime SUV,3.8,Completed,Synthetic proxy (no real dataset exists for this city)
TRIP000832,Ola,Hyderabad,2026-02-03,05:15:00,05:23:54,Tuesday,February,Off-Peak,1.55,8.9,1,Hyderabad Central,Hyderabad South,Hyderabad Central,Hyderabad South,17.37016,78.43352,17.31891,78.54835,71.95,0.0,0,71.95,UPI,Auto,4.5,Completed,Synthetic proxy (no real dataset exists for this city)
TRIP000833,Ola,Hyderabad,2026-01-15,01:47:00,02:13:24,Thursday,January,Off-Peak,7.29,26.4,1,Hyderabad North,Hyderabad West,Hyderabad North,Hyderabad West,17.30485,78.55805,17.46698,78.4229,167.08,0.0,0,167.08,UPI,Prime SUV,3.5,Cancelled by Customer,Synthetic proxy (no real dataset exists for this city)
TRIP000834,Local Fleet,Hyderabad,2026-01-26,07:42:00,07:44:18,Monday,January,Off-Peak,0.5,2.3,1,Hyderabad South,Hyderabad East,Hyderabad South,Hyderabad East,17.31694,78.49265,17.30776,78.50163,49.45,4.94,0,54.39,UPI,Bike,4.8,Completed,Synthetic proxy (no real dataset exists for this city)
TRIP000835,Local Fleet,Hyderabad,2026-02-06,21:48:00,21:54:54,Friday,February,Off-Peak,1.18,6.9,3,Hyderabad South,Hyderabad South,Hyderabad South,Hyderabad South,17.45045,78.5242,17.32922,78.48606,64.51,0.0,0,64.51,Cash,Bike,3.6,Completed,Synthetic proxy (no real dataset exists for this city)
TRIP000836,Ola,Hyderabad,2026-02-17,17:26:00,17:34:30,Tuesday,February,Off-Peak,2.35,8.5,1,Hyderabad Central,Hyderabad West,Hyderabad Central,Hyderabad West,17.35239,78.3901,17.35482,78.40568,80.95,4.05,0,85.0,Wallet,eBike,4.9,Completed,Synthetic proxy (no real dataset exists for this city)
TRIP000837,Ola,Hyderabad,2026-02-03,12:01:00,12:02:42,Tuesday,February,Off-Peak,0.5,1.7,2,Hyderabad East,Hyderabad Central,Hyderabad East,Hyderabad Central,17.36151,78.39771,17.46554,78.57877,48.55,0.0,0,48.55,Cash,Mini,4.4,Completed,Synthetic proxy (no real dataset exists for this city)
TRIP000838,Rapido,Hyderabad,2026-02-15,16:49:00,16:55:18,Sunday,February,Off-Peak,1.08,6.3,1,Hyderabad Central,Hyderabad Central,Hyderabad Central,Hyderabad Central,17.35468,78.39655,17.31327,78.50018,62.41,0.0,0,62.41,Cash,Prime SUV,4.6,Completed,Synthetic proxy (no real dataset exists for this city)
TRIP000839,Local Fleet,Hyderabad,2026-01-01,01:31:00,01:47:48,Thursday,January,Off-Peak,2.89,16.8,1,Hyderabad South,Hyderabad East,Hyderabad South,Hyderabad East,17.42083,78.57179,17.34754,78.44386,99.88,0.0,0,99.88,Cash,Prime Sedan,4.8,Completed,Synthetic proxy (no real dataset exists for this city)
TRIP000840,Local Fleet,Hyderabad,2025-12-04,22:13:00,22:34:48,Thursday,December,Off-Peak,6.44,21.8,4,Hyderabad West,Hyderabad West,Hyderabad West,Hyderabad West,17.44869,78.52817,17.35518,78.48279,149.98,0.0,60,209.98,UPI,Prime Sedan,3.8,Completed,Synthetic proxy (no real dataset exists for this city)
TRIP000841,Rapido,Hyderabad,2025-12-03,20:49:00,21:06:48,Wednesday,December,Off-Peak,3.52,17.8,1,Hyderabad East,Hyderabad West,Hyderabad East,Hyderabad West,17.42566,78.40685,17.4514,78.58556,108.94,0.0,0,108.94,Cash,Prime SUV,4.5,Cancelled by Driver,Synthetic proxy (no real dataset exists for this city)
TRIP000842,Local Fleet,Hyderabad,2026-01-19,02:02:00,02:04:42,Monday,January,Off-Peak,0.5,2.7,1,Hyderabad East,Hyderabad Central,Hyderabad East,Hyderabad Central,17.42057,78.49015,17.46492,78.49381,50.05,0.0,0,50.05,UPI,Auto,4.1,Completed,Synthetic proxy (no real dataset exists for this city)
TRIP000843,Rapido,Hyderabad,2026-01-05,18:27:00,19:02:00,Monday,January,Peak,6.37,35.0,3,Hyderabad West,Hyderabad South,Hyderabad West,Hyderabad South,17.45855,78.58975,17.46986,78.54524,168.94,0.0,0,168.94,Cash,Mini,4.0,Completed,Synthetic proxy (no real dataset exists for this city)
TRIP000844,Local Fleet,Hyderabad,2026-01-03,01:46:00,02:19:36,Saturday,January,Off-Peak,5.84,33.6,1,Hyderabad Central,Hyderabad West,Hyderabad Central,Hyderabad West,17.44597,78.55265,17.46847,78.57022,160.48,0.0,0,160.48,UPI,Prime Sedan,4.7,Cancelled by Customer,Synthetic proxy (no real dataset exists for this city)
TRIP000845,Ola,Hyderabad,2025-12-07,04:31:00,04:42:30,Sunday,December,Off-Peak,2.99,11.5,2,Hyderabad Central,Hyderabad East,Hyderabad Central,Hyderabad East,17.39848,78.51092,17.45731,78.40635,93.13,0.0,0,93.13,UPI,Prime Sedan,4.0,Completed,Synthetic proxy (no real dataset exists for this city)
TRIP000846,Uber,Hyderabad,2026-01-13,13:03:00,13:05:24,Tuesday,January,Off-Peak,0.5,2.4,1,Hyderabad South,Hyderabad North,Hyderabad South,Hyderabad North,17.37109,78.44567,17.39163,78.44342,49.6,0.0,0,49.6,UPI,Prime SUV,4.7,Completed,Synthetic proxy (no real dataset exists for this city)
TRIP000847,Rapido,Hyderabad,2025-12-12,16:47:00,16:49:42,Friday,December,Off-Peak,0.5,2.7,1,Hyderabad South,Hyderabad South,Hyderabad South,Hyderabad South,17.46579,78.44918,17.43979,78.50968,50.05,0.0,0,50.05,UPI,Prime SUV,4.0,Completed,Synthetic proxy (no real dataset exists for this city)
TRIP000848,Local Fleet,Hyderabad,2026-02-13,00:23:00,00:44:48,Friday,February,Off-Peak,3.85,21.8,1,Hyderabad Central,Hyderabad West,Hyderabad Central,Hyderabad West,17.32219,78.48165,17.45895,78.57183,118.9,0.0,0,118.9,Cash,Auto,4.6,Completed,Synthetic proxy (no real dataset exists for this city)
TRIP000849,Rapido,Hyderabad,2025-12-14,14:08:00,14:11:24,Sunday,December,Off-Peak,0.89,3.4,3,Hyderabad West,Hyderabad East,Hyderabad West,Hyderabad East,17.42105,78.42029,17.30246,78.54195,55.78,2.79,0,58.57,UPI,eBike,4.2,Completed,Synthetic proxy (no real dataset exists for this city)
TRIP000850,Ola,Hyderabad,2026-01-31,05:19:00,05:40:30,Saturday,January,Off-Peak,6.87,21.5,1,Hyderabad Central,Hyderabad Central,Hyderabad Central,Hyderabad Central,17.48336,78.46812,17.40132,78.52982,154.69,0.0,0,154.69,Cash,Prime SUV,4.5,Completed,Synthetic proxy (no real dataset exists for this city)
TRIP000851,Ola,Hyderabad,2026-02-10,03:24:00,03:31:30,Tuesday,February,Off-Peak,1.44,7.5,2,Hyderabad North,Hyderabad West,Hyderabad North,Hyderabad West,17.45346,78.44821,17.44337,78.55292,68.53,0.0,0,68.53,Card,Bike,4.1,Completed,Synthetic proxy (no real dataset exists for this city)
TRIP000852,Local Fleet,Hyderabad,2025-12-02,06:55:00,06:57:36,Tuesday,December,Off-Peak,0.78,2.6,2,Hyderabad South,Hyderabad Central,Hyderabad South,Hyderabad Central,17.36332,78.47243,17.3709,78.55329,53.26,0.0,40,93.26,UPI,Prime Sedan,4.9,Completed,Synthetic proxy (no real dataset exists for this city)
TRIP000853,Uber,Hyderabad,2025-12-26,12:31:00,12:33:30,Friday,December,Off-Peak,0.55,2.5,1,Hyderabad East,Hyderabad North,Hyderabad East,Hyderabad North,17.39204,78.51066,17.40327,78.57934,50.35,5.04,0,55.39,Card,Bike,3.9,Incomplete,Synthetic proxy (no real dataset exists for this city)
TRIP000854,Local Fleet,Hyderabad,2025-12-03,21:19:00,21:20:36,Wednesday,December,Off-Peak,0.5,1.6,3,Hyderabad Central,Hyderabad South,Hyderabad Central,Hyderabad South,17.44774,78.44474,17.36657,78.42348,48.4,4.84,0,53.24,UPI,eBike,3.5,Completed,Synthetic proxy (no real dataset exists for this city)
TRIP000855,Local Fleet,Hyderabad,2025-12-25,22:18:00,22:39:48,Thursday,December,Off-Peak,4.7,21.8,2,Hyderabad West,Hyderabad East,Hyderabad West,Hyderabad East,17.47482,78.43052,17.37267,78.53646,129.1,0.0,0,129.1,Cash,Bike,3.8,Completed,Synthetic proxy (no real dataset exists for this city)
TRIP000856,Rapido,Hyderabad,2026-02-25,21:45:00,21:48:00,Wednesday,February,Off-Peak,0.65,3.0,2,Hyderabad West,Hyderabad East,Hyderabad West,Hyderabad East,17.31477,78.57753,17.36995,78.40871,52.3,2.62,0,54.92,UPI,eBike,4.6,Completed,Synthetic proxy (no real dataset exists for this city)
TRIP000857,Local Fleet,Hyderabad,2026-02-01,21:53:00,22:05:18,Sunday,February,Off-Peak,2.71,12.3,1,Hyderabad East,Hyderabad West,Hyderabad East,Hyderabad West,17.40428,78.49355,17.29599,78.50649,90.97,0.0,0,90.97,Cash,Prime Sedan,4.3,Completed,Synthetic proxy (no real dataset exists for this city)
TRIP000858,Local Fleet,Hyderabad,2025-12-09,05:28:00,05:54:24,Tuesday,December,Off-Peak,5.23,26.4,4,Hyderabad Central,Hyderabad West,Hyderabad Central,Hyderabad West,17.45288,78.3959,17.32807,78.44626,142.36,0.0,0,142.36,Wallet,Prime Sedan,4.2,Cancelled by Driver,Synthetic proxy (no real dataset exists for this city)
TRIP000859,Rapido,Hyderabad,2025-12-30,05:55:00,06:28:24,Tuesday,December,Off-Peak,6.18,33.4,1,Hyderabad North,Hyderabad West,Hyderabad North,Hyderabad West,17.48385,78.44461,17.35573,78.46022,164.26,16.43,0,180.69,Card,Prime SUV,4.3,Completed,Synthetic proxy (no real dataset exists for this city)
TRIP000860,Uber,Hyderabad,2026-01-12,18:37:00,18:48:54,Monday,January,Peak,3.31,11.9,1,Hyderabad South,Hyderabad West,Hyderabad South,Hyderabad West,17.44949,78.53602,17.38682,78.40764,97.57,0.0,0,97.57,UPI,Mini,3.6,Completed,Synthetic proxy (no real dataset exists for this city)
TRIP000861,Rapido,Hyderabad,2025-12-04,06:52:00,06:54:36,Thursday,December,Off-Peak,0.5,2.6,1,Hyderabad South,Hyderabad East,Hyderabad South,Hyderabad East,17.31228,78.5263,17.33334,78.48513,49.9,0.0,0,49.9,UPI,Prime Sedan,4.2,Incomplete,Synthetic proxy (no real dataset exists for this city)
TRIP000862,Ola,Hyderabad,2026-01-10,07:46:00,08:18:00,Saturday,January,Off-Peak,5.35,32.0,2,Hyderabad East,Hyderabad North,Hyderabad East,Hyderabad North,17.44424,78.49772,17.30228,78.39034,152.2,0.0,0,152.2,Wallet,Auto,3.6,Completed,Synthetic proxy (no real dataset exists for this city)
TRIP000863,Uber,Hyderabad,2025-12-29,22:36:00,22:55:24,Monday,December,Off-Peak,3.75,19.4,1,Hyderabad East,Hyderabad South,Hyderabad East,Hyderabad South,17.31116,78.43008,17.48638,78.4733,114.1,0.0,60,174.1,Wallet,eBike,3.9,Completed,Synthetic proxy (no real dataset exists for this city)
TRIP000864,Ola,Hyderabad,2026-02-14,05:50:00,05:52:48,Saturday,February,Off-Peak,0.5,2.8,1,Hyderabad South,Hyderabad Central,Hyderabad South,Hyderabad Central,17.41278,78.4305,17.31206,78.56198,50.2,0.0,0,50.2,UPI,Auto,3.8,Completed,Synthetic proxy (no real dataset exists for this city)
TRIP000865,Ola,Hyderabad,2026-01-26,07:01:00,07:40:18,Monday,January,Off-Peak,8.15,39.3,1,Hyderabad North,Hyderabad West,Hyderabad North,Hyderabad West,17.44526,78.55477,17.30467,78.5306,196.75,9.84,0,206.59,UPI,Bike,3.7,Completed,Synthetic proxy (no real dataset exists for this city)
TRIP000866,Ola,Hyderabad,2026-02-22,23:17:00,23:50:48,Sunday,February,Off-Peak,10.4,33.8,3,Hyderabad South,Hyderabad West,Hyderabad South,Hyderabad West,17.44253,78.5782,17.37369,78.39684,215.5,0.0,0,215.5,UPI,eBike,4.9,Cancelled by Driver,Synthetic proxy (no real dataset exists for this city)
TRIP000867,Uber,Hyderabad,2026-02-05,23:44:00,23:50:12,Thursday,February,Off-Peak,1.35,6.2,3,Hyderabad Central,Hyderabad South,Hyderabad Central,Hyderabad South,17.40319,78.48334,17.4279,78.57286,65.5,6.55,0,72.05,UPI,Prime Sedan,4.0,Completed,Synthetic proxy (no real dataset exists for this city)
TRIP000868,Rapido,Hyderabad,2025-12-09,12:07:00,12:42:12,Tuesday,December,Off-Peak,6.9,35.2,3,Hyderabad South,Hyderabad North,Hyderabad South,Hyderabad North,17.35166,78.41727,17.36593,78.47828,175.6,0.0,0,175.6,UPI,Bike,3.9,Completed,Synthetic proxy (no real dataset exists for this city)
TRIP000869,Uber,Hyderabad,2026-01-17,23:59:00,00:05:06,Saturday,January,Off-Peak,1.49,6.1,4,Hyderabad Central,Hyderabad North,Hyderabad Central,Hyderabad North,17.48599,78.58881,17.30443,78.5007,67.03,6.7,40,113.73,Cash,Prime Sedan,3.6,Cancelled by Driver,Synthetic proxy (no real dataset exists for this city)
TRIP000870,Uber,Hyderabad,2026-02-03,11:00:00,11:04:42,Tuesday,February,Off-Peak,1.43,4.7,4,Hyderabad North,Hyderabad North,Hyderabad North,Hyderabad North,17.44996,78.41561,17.29345,78.50628,64.21,6.42,0,70.63,Card,Prime SUV,4.4,Completed,Synthetic proxy (no real dataset exists for this city)
TRIP000871,Ola,Hyderabad,2026-01-02,21:44:00,22:10:36,Friday,January,Off-Peak,5.76,26.6,1,Hyderabad Central,Hyderabad East,Hyderabad Central,Hyderabad East,17.32944,78.58975,17.45094,78.55219,149.02,0.0,0,149.02,Cash,eBike,4.1,Completed,Synthetic proxy (no real dataset exists for this city)
TRIP000872,Local Fleet,Hyderabad,2025-12-16,10:35:00,10:53:54,Tuesday,December,Off-Peak,3.47,18.9,2,Hyderabad Central,Hyderabad North,Hyderabad Central,Hyderabad North,17.32453,78.46358,17.32237,78.46745,109.99,0.0,0,109.99,Cash,Bike,4.7,Completed,Synthetic proxy (no real dataset exists for this city)
TRIP000873,Rapido,Hyderabad,2026-01-15,03:51:00,04:00:18,Thursday,January,Off-Peak,2.23,9.3,1,Hyderabad South,Hyderabad West,Hyderabad South,Hyderabad West,17.34412,78.46682,17.34002,78.41702,80.71,0.0,60,140.71,UPI,Prime SUV,4.6,Incomplete,Synthetic proxy (no real dataset exists for this city)
TRIP000874,Local Fleet,Hyderabad,2026-01-14,10:42:00,10:59:00,Wednesday,January,Off-Peak,3.37,17.0,4,Hyderabad Central,Hyderabad West,Hyderabad Central,Hyderabad West,17.33013,78.4759,17.33751,78.46846,105.94,0.0,0,105.94,UPI,Prime SUV,3.6,Cancelled by Driver,Synthetic proxy (no real dataset exists for this city)
TRIP000875,Ola,Hyderabad,2025-12-15,13:24:00,13:26:36,Monday,December,Off-Peak,0.5,2.6,1,Hyderabad East,Hyderabad North,Hyderabad East,Hyderabad North,17.47234,78.52348,17.36366,78.47306,49.9,0.0,40,89.9,Cash,Mini,4.8,Completed,Synthetic proxy (no real dataset exists for this city)
TRIP000876,Rapido,Hyderabad,2026-01-28,20:21:00,20:37:54,Wednesday,January,Off-Peak,5.42,16.9,2,Hyderabad South,Hyderabad West,Hyderabad South,Hyderabad West,17.34198,78.40799,17.33112,78.57273,130.39,0.0,0,130.39,UPI,Bike,4.8,Completed,Synthetic proxy (no real dataset exists for this city)
TRIP000877,Ola,Hyderabad,2026-02-13,04:56:00,05:52:54,Friday,February,Off-Peak,10.22,56.9,1,Hyderabad South,Hyderabad West,Hyderabad South,Hyderabad West,17.48146,78.50405,17.4649,78.53693,247.99,0.0,0,247.99,UPI,Auto,3.9,Completed,Synthetic proxy (no real dataset exists for this city)
TRIP000878,Local Fleet,Hyderabad,2026-02-06,09:52:00,09:58:24,Friday,February,Peak,1.27,6.4,4,Hyderabad Central,Hyderabad East,Hyderabad Central,Hyderabad East,17.29427,78.46797,17.42505,78.44663,64.84,0.0,0,64.84,Wallet,Prime Sedan,4.4,Completed,Synthetic proxy (no real dataset exists for this city)
TRIP000879,Rapido,Hyderabad,2026-02-20,06:42:00,06:57:36,Friday,February,Off-Peak,2.62,15.6,1,Hyderabad Central,Hyderabad Central,Hyderabad Central,Hyderabad Central,17.32686,78.4524,17.37496,78.40031,94.84,9.48,0,104.32,UPI,eBike,3.8,Completed,Synthetic proxy (no real dataset exists for this city)
TRIP000880,Uber,Hyderabad,2025-12-20,21:11:00,21:13:54,Saturday,December,Off-Peak,0.5,2.9,1,Hyderabad East,Hyderabad North,Hyderabad East,Hyderabad North,17.4129,78.50377,17.30206,78.40241,50.35,0.0,0,50.35,UPI,Auto,4.9,Completed,Synthetic proxy (no real dataset exists for this city)
TRIP000881,Uber,Hyderabad,2025-12-11,04:59:00,05:48:36,Thursday,December,Off-Peak,11.55,49.6,1,Hyderabad Central,Hyderabad West,Hyderabad Central,Hyderabad West,17.42851,78.54345,17.37407,78.54851,253.0,0.0,0,253.0,UPI,Prime Sedan,5.0,Completed,Synthetic proxy (no real dataset exists for this city)
TRIP000882,Local Fleet,Hyderabad,2026-01-17,02:45:00,02:47:30,Saturday,January,Off-Peak,0.5,2.5,3,Hyderabad Central,Hyderabad South,Hyderabad Central,Hyderabad South,17.43138,78.48064,17.45226,78.57166,49.75,0.0,0,49.75,Wallet,Mini,4.8,Completed,Synthetic proxy (no real dataset exists for this city)
TRIP000883,Rapido,Hyderabad,2025-12-17,20:13:00,20:15:06,Wednesday,December,Off-Peak,0.65,2.1,1,Hyderabad East,Hyderabad East,Hyderabad East,Hyderabad East,17.3729,78.49327,17.30377,78.42023,50.95,0.0,0,50.95,Wallet,Prime SUV,4.3,Completed,Synthetic proxy (no real dataset exists for this city)
TRIP000884,Ola,Hyderabad,2026-02-05,18:09:00,18:15:18,Thursday,February,Peak,1.3,6.3,4,Hyderabad Central,Hyderabad West,Hyderabad Central,Hyderabad West,17.46676,78.49175,17.41205,78.56288,65.05,0.0,0,65.05,UPI,Mini,4.8,Completed,Synthetic proxy (no real dataset exists for this city)
TRIP000885,Rapido,Hyderabad,2026-02-25,03:15:00,03:30:12,Wednesday,February,Off-Peak,3.32,15.2,4,Hyderabad Central,Hyderabad North,Hyderabad Central,Hyderabad North,17.34419,78.54612,17.44542,78.58149,102.64,0.0,0,102.64,UPI,Bike,4.6,Completed,Synthetic proxy (no real dataset exists for this city)
TRIP000886,Uber,Hyderabad,2025-12-23,04:20:00,04:25:06,Tuesday,December,Off-Peak,1.29,5.1,1,Hyderabad South,Hyderabad North,Hyderabad South,Hyderabad North,17.36056,78.42913,17.35769,78.49666,63.13,0.0,0,63.13,Wallet,Bike,3.9,Cancelled by Customer,Synthetic proxy (no real dataset exists for this city)
TRIP000887,Local Fleet,Hyderabad,2026-01-21,20:51:00,21:26:24,Wednesday,January,Off-Peak,6.92,35.4,3,Hyderabad West,Hyderabad West,Hyderabad West,Hyderabad West,17.31442,78.44924,17.34182,78.53567,176.14,17.61,0,193.75,Cash,eBike,4.2,Completed,Synthetic proxy (no real dataset exists for this city)
TRIP000888,Rapido,Hyderabad,2025-12-26,23:42:00,00:13:30,Friday,December,Off-Peak,7.53,31.5,4,Hyderabad North,Hyderabad North,Hyderabad North,Hyderabad North,17.44165,78.4253,17.43972,78.4063,177.61,0.0,0,177.61,UPI,Auto,4.7,Completed,Synthetic proxy (no real dataset exists for this city)
TRIP000889,Ola,Hyderabad,2025-12-04,22:50:00,22:55:30,Thursday,December,Off-Peak,1.17,5.5,1,Hyderabad East,Hyderabad Central,Hyderabad East,Hyderabad Central,17.41786,78.44455,17.32736,78.51953,62.29,0.0,0,62.29,Cash,Auto,4.9,Completed,Synthetic proxy (no real dataset exists for this city)
TRIP000890,Rapido,Hyderabad,2026-01-15,11:01:00,11:33:12,Thursday,January,Off-Peak,7.44,32.2,1,Hyderabad South,Hyderabad Central,Hyderabad South,Hyderabad Central,17.45779,78.53525,17.48049,78.50804,177.58,0.0,0,177.58,UPI,eBike,4.0,Completed,Synthetic proxy (no real dataset exists for this city)
TRIP000891,Local Fleet,Hyderabad,2026-02-13,20:22:00,20:26:30,Friday,February,Off-Peak,0.94,4.5,1,Hyderabad West,Hyderabad Central,Hyderabad West,Hyderabad Central,17.39553,78.50161,17.46311,78.54626,58.03,0.0,0,58.03,UPI,Bike,4.4,Completed,Synthetic proxy (no real dataset exists for this city)
TRIP000892,Ola,Hyderabad,2026-01-13,03:09:00,03:29:42,Tuesday,January,Off-Peak,5.12,20.7,1,Hyderabad North,Hyderabad Central,Hyderabad North,Hyderabad Central,17.4163,78.52547,17.40157,78.57717,132.49,0.0,0,132.49,Cash,Prime SUV,4.7,Completed,Synthetic proxy (no real dataset exists for this city)
TRIP000893,Ola,Hyderabad,2025-12-05,15:31:00,15:36:18,Friday,December,Off-Peak,1.71,5.3,3,Hyderabad North,Hyderabad East,Hyderabad North,Hyderabad East,17.40156,78.58533,17.41854,78.49009,68.47,0.0,0,68.47,UPI,Auto,4.8,Completed,Synthetic proxy (no real dataset exists for this city)
TRIP000894,Rapido,Hyderabad,2025-12-19,16:36:00,16:45:42,Friday,December,Off-Peak,3.09,9.7,1,Hyderabad East,Hyderabad Central,Hyderabad East,Hyderabad Central,17.41083,78.43111,17.37972,78.49245,91.63,0.0,0,91.63,UPI,Prime Sedan,4.2,Completed,Synthetic proxy (no real dataset exists for this city)
TRIP000895,Rapido,Hyderabad,2025-12-10,07:12:00,07:33:42,Wednesday,December,Off-Peak,6.23,21.7,3,Hyderabad West,Hyderabad West,Hyderabad West,Hyderabad West,17.33273,78.43615,17.35014,78.41512,147.31,0.0,0,147.31,UPI,Auto,4.1,Completed,Synthetic proxy (no real dataset exists for this city)
TRIP000896,Local Fleet,Hyderabad,2026-01-15,10:12:00,10:27:18,Thursday,January,Off-Peak,2.77,15.3,4,Hyderabad East,Hyderabad East,Hyderabad East,Hyderabad East,17.46552,78.56328,17.30146,78.46219,96.19,0.0,0,96.19,Cash,Prime SUV,4.6,Completed,Synthetic proxy (no real dataset exists for this city)
TRIP000897,Rapido,Hyderabad,2026-02-14,06:11:00,06:36:30,Saturday,February,Off-Peak,5.77,25.5,1,Hyderabad Central,Hyderabad South,Hyderabad Central,Hyderabad South,17.36018,78.39696,17.42753,78.44455,147.49,0.0,0,147.49,Card,Bike,3.8,Completed,Synthetic proxy (no real dataset exists for this city)
TRIP000898,Ola,Hyderabad,2026-02-21,11:18:00,11:25:06,Saturday,February,Off-Peak,1.74,7.1,1,Hyderabad South,Hyderabad Central,Hyderabad South,Hyderabad Central,17.29196,78.53208,17.44293,78.55299,71.53,0.0,0,71.53,Cash,Bike,3.6,Completed,Synthetic proxy (no real dataset exists for this city)
TRIP000899,Local Fleet,Hyderabad,2026-02-14,08:40:00,09:49:30,Saturday,February,Peak,14.89,69.5,2,Hyderabad East,Hyderabad Central,Hyderabad East,Hyderabad Central,17.46707,78.48425,17.33861,78.43453,322.93,16.15,0,339.08,Card,eBike,5.0,Completed,Synthetic proxy (no real dataset exists for this city)
TRIP000900,Rapido,Hyderabad,2026-02-18,06:20:00,06:33:12,Wednesday,February,Off-Peak,3.02,13.2,1,Hyderabad North,Hyderabad North,Hyderabad North,Hyderabad North,17.37255,78.41992,17.48961,78.49631,96.04,0.0,0,96.04,UPI,Auto,3.5,Completed,Synthetic proxy (no real dataset exists for this city)
TRIP000901,Ola,Hyderabad,2026-02-28,07:52:00,07:56:30,Saturday,February,Off-Peak,0.97,4.5,1,Hyderabad North,Hyderabad East,Hyderabad North,Hyderabad East,17.46979,78.50715,17.33527,78.54086,58.39,0.0,0,58.39,Wallet,Mini,5.0,Incomplete,Synthetic proxy (no real dataset exists for this city)
TRIP000902,Rapido,Hyderabad,2025-12-04,14:19:00,14:25:36,Thursday,December,Off-Peak,1.65,6.6,1,Hyderabad West,Hyderabad South,Hyderabad West,Hyderabad South,17.31137,78.47366,17.48715,78.52077,69.7,0.0,0,69.7,UPI,Auto,4.1,Completed,Synthetic proxy (no real dataset exists for this city)
TRIP000903,Local Fleet,Hyderabad,2025-12-08,12:57:00,13:16:42,Monday,December,Off-Peak,4.64,19.7,1,Hyderabad South,Hyderabad South,Hyderabad South,Hyderabad South,17.42131,78.47145,17.39789,78.47202,125.23,12.52,0,137.75,Cash,Bike,3.7,Completed,Synthetic proxy (no real dataset exists for this city)
TRIP000904,Rapido,Hyderabad,2026-02-16,15:30:00,15:44:36,Monday,February,Off-Peak,3.44,14.6,1,Hyderabad South,Hyderabad South,Hyderabad South,Hyderabad South,17.47389,78.55728,17.3653,78.5358,103.18,0.0,0,103.18,Card,Bike,4.8,Completed,Synthetic proxy (no real dataset exists for this city)
TRIP000905,Ola,Hyderabad,2026-01-11,22:08:00,22:35:30,Sunday,January,Off-Peak,5.97,27.5,4,Hyderabad West,Hyderabad South,Hyderabad West,Hyderabad South,17.3381,78.42179,17.42333,78.49728,152.89,0.0,0,152.89,Card,eBike,4.0,Completed,Synthetic proxy (no real dataset exists for this city)
TRIP000906,Local Fleet,Hyderabad,2026-02-17,14:31:00,14:47:54,Tuesday,February,Off-Peak,4.94,16.9,2,Hyderabad West,Hyderabad Central,Hyderabad West,Hyderabad Central,17.30397,78.55626,17.3148,78.39593,124.63,0.0,0,124.63,UPI,eBike,3.8,Completed,Synthetic proxy (no real dataset exists for this city)
TRIP000907,Uber,Hyderabad,2026-01-19,18:52:00,19:45:06,Monday,January,Peak,10.07,53.1,1,Hyderabad West,Hyderabad East,Hyderabad West,Hyderabad East,17.47431,78.53246,17.35728,78.40419,240.49,0.0,0,240.49,UPI,Prime SUV,4.3,Completed,Synthetic proxy (no real dataset exists for this city)
TRIP000908,Rapido,Hyderabad,2026-02-13,02:08:00,02:38:42,Friday,February,Off-Peak,8.68,30.7,1,Hyderabad West,Hyderabad Central,Hyderabad West,Hyderabad Central,17.40433,78.46336,17.38604,78.51162,190.21,0.0,0,190.21,UPI,Bike,5.0,Completed,Synthetic proxy (no real dataset exists for this city)
TRIP000909,Uber,Hyderabad,2026-01-14,12:39:00,13:03:42,Wednesday,January,Off-Peak,5.93,24.7,1,Hyderabad Central,Hyderabad North,Hyderabad Central,Hyderabad North,17.42589,78.40678,17.35289,78.39108,148.21,0.0,0,148.21,UPI,Prime Sedan,4.2,Completed,Synthetic proxy (no real dataset exists for this city)
TRIP000910,Local Fleet,Hyderabad,2025-12-19,07:59:00,08:22:00,Friday,December,Off-Peak,4.7,23.0,2,Hyderabad East,Hyderabad South,Hyderabad East,Hyderabad South,17.32238,78.52899,17.43615,78.55026,130.9,0.0,0,130.9,Card,eBike,4.0,Completed,Synthetic proxy (no real dataset exists for this city)
TRIP000911,Rapido,Hyderabad,2025-12-05,01:41:00,01:55:18,Friday,December,Off-Peak,3.28,14.3,1,Hyderabad East,Hyderabad North,Hyderabad East,Hyderabad North,17.36478,78.44788,17.48176,78.43198,100.81,0.0,0,100.81,Card,Prime SUV,4.8,Completed,Synthetic proxy (no real dataset exists for this city)
TRIP000912,Local Fleet,Hyderabad,2026-01-02,01:49:00,02:49:00,Friday,January,Off-Peak,10.16,60.0,1,Hyderabad North,Hyderabad South,Hyderabad North,Hyderabad South,17.35616,78.50299,17.32667,78.50268,251.92,0.0,0,251.92,Cash,Auto,3.9,Completed,Synthetic proxy (no real dataset exists for this city)
TRIP000913,Ola,Hyderabad,2025-12-20,15:20:00,15:25:54,Saturday,December,Off-Peak,1.61,5.9,2,Hyderabad South,Hyderabad West,Hyderabad South,Hyderabad West,17.47391,78.50425,17.33589,78.52016,68.17,0.0,0,68.17,Cash,eBike,4.8,Completed,Synthetic proxy (no real dataset exists for this city)
TRIP000914,Uber,Hyderabad,2026-01-25,19:55:00,19:58:36,Sunday,January,Peak,0.63,3.6,1,Hyderabad Central,Hyderabad Central,Hyderabad Central,Hyderabad Central,17.37213,78.453,17.30553,78.39747,52.96,0.0,0,52.96,UPI,Prime Sedan,3.9,Incomplete,Synthetic proxy (no real dataset exists for this city)
TRIP000915,Local Fleet,Hyderabad,2026-02-09,21:16:00,21:26:36,Monday,February,Off-Peak,2.05,10.6,1,Hyderabad East,Hyderabad East,Hyderabad East,Hyderabad East,17.45477,78.47803,17.39231,78.44502,80.5,0.0,0,80.5,UPI,eBike,4.9,Completed,Synthetic proxy (no real dataset exists for this city)
TRIP000916,Uber,Hyderabad,2026-01-23,13:13:00,13:27:00,Friday,January,Off-Peak,3.92,14.0,1,Hyderabad Central,Hyderabad South,Hyderabad Central,Hyderabad South,17.43211,78.43471,17.45383,78.4519,108.04,0.0,0,108.04,UPI,eBike,3.6,Completed,Synthetic proxy (no real dataset exists for this city)
TRIP000917,Uber,Hyderabad,2026-02-17,20:22:00,20:24:36,Tuesday,February,Off-Peak,0.73,2.6,1,Hyderabad North,Hyderabad West,Hyderabad North,Hyderabad West,17.36231,78.57981,17.3698,78.45725,52.66,0.0,0,52.66,UPI,eBike,4.3,Completed,Synthetic proxy (no real dataset exists for this city)
TRIP000918,Rapido,Hyderabad,2026-02-17,08:05:00,08:26:30,Tuesday,February,Peak,3.83,21.5,4,Hyderabad West,Hyderabad Central,Hyderabad West,Hyderabad Central,17.44368,78.39575,17.34789,78.41584,118.21,0.0,0,118.21,Card,eBike,3.5,Incomplete,Synthetic proxy (no real dataset exists for this city)
TRIP000919,Local Fleet,Hyderabad,2026-01-13,16:15:00,16:21:06,Tuesday,January,Off-Peak,1.29,6.1,1,Hyderabad West,Hyderabad East,Hyderabad West,Hyderabad East,17.29205,78.56489,17.40215,78.43754,64.63,6.46,0,71.09,Cash,Bike,4.9,Cancelled by Driver,Synthetic proxy (no real dataset exists for this city)
TRIP000920,Rapido,Hyderabad,2026-01-13,01:28:00,01:30:42,Tuesday,January,Off-Peak,0.5,2.7,1,Hyderabad Central,Hyderabad East,Hyderabad Central,Hyderabad East,17.32862,78.51159,17.46675,78.57359,50.05,0.0,0,50.05,Cash,Prime SUV,4.0,Cancelled by Customer,Synthetic proxy (no real dataset exists for this city)
TRIP000921,Local Fleet,Hyderabad,2025-12-22,04:52:00,04:55:48,Monday,December,Off-Peak,1.25,3.8,1,Hyderabad Central,Hyderabad North,Hyderabad Central,Hyderabad North,17.47795,78.57616,17.43366,78.44574,60.7,0.0,0,60.7,Cash,Prime SUV,4.6,Completed,Synthetic proxy (no real dataset exists for this city)
TRIP000922,Local Fleet,Hyderabad,2025-12-29,21:34:00,21:39:18,Monday,December,Off-Peak,1.23,5.3,4,Hyderabad Central,Hyderabad East,Hyderabad Central,Hyderabad East,17.485,78.47753,17.30663,78.52763,62.71,0.0,0,62.71,UPI,Prime Sedan,4.5,Completed,Synthetic proxy (no real dataset exists for this city)
TRIP000923,Local Fleet,Hyderabad,2026-02-21,19:09:00,19:37:12,Saturday,February,Peak,7.61,28.2,1,Hyderabad East,Hyderabad South,Hyderabad East,Hyderabad South,17.33003,78.45153,17.35497,78.58846,173.62,0.0,0,173.62,Card,Mini,4.9,Completed,Synthetic proxy (no real dataset exists for this city)
TRIP000924,Ola,Hyderabad,2026-01-12,19:01:00,19:06:00,Monday,January,Peak,0.88,5.0,1,Hyderabad West,Hyderabad West,Hyderabad West,Hyderabad West,17.43239,78.49615,17.39028,78.42601,58.06,0.0,60,118.06,UPI,Prime Sedan,4.8,Completed,Synthetic proxy (no real dataset exists for this city)
TRIP000925,Uber,Hyderabad,2026-01-01,21:28:00,21:30:36,Thursday,January,Off-Peak,0.63,2.6,1,Hyderabad West,Hyderabad East,Hyderabad West,Hyderabad East,17.46608,78.50381,17.43979,78.39903,51.46,0.0,0,51.46,UPI,Auto,3.8,Completed,Synthetic proxy (no real dataset exists for this city)
TRIP000926,Uber,Hyderabad,2026-02-07,16:39:00,16:48:36,Saturday,February,Off-Peak,2.73,9.6,3,Hyderabad Central,Hyderabad North,Hyderabad Central,Hyderabad North,17.30824,78.58337,17.38645,78.54508,87.16,0.0,0,87.16,Cash,Bike,4.3,Completed,Synthetic proxy (no real dataset exists for this city)
TRIP000927,Local Fleet,Hyderabad,2026-02-15,08:31:00,08:40:54,Sunday,February,Peak,2.81,9.9,4,Hyderabad West,Hyderabad North,Hyderabad West,Hyderabad North,17.48719,78.40787,17.31383,78.52988,88.57,8.86,0,97.43,Card,eBike,3.9,Completed,Synthetic proxy (no real dataset exists for this city)
TRIP000928,Rapido,Hyderabad,2025-12-06,02:22:00,02:24:06,Saturday,December,Off-Peak,0.5,2.1,3,Hyderabad East,Hyderabad North,Hyderabad East,Hyderabad North,17.42045,78.56641,17.46623,78.47175,49.15,0.0,0,49.15,UPI,Bike,4.7,Completed,Synthetic proxy (no real dataset exists for this city)
TRIP000929,Ola,Hyderabad,2026-02-06,08:16:00,08:18:42,Friday,February,Peak,0.5,2.7,1,Hyderabad Central,Hyderabad East,Hyderabad Central,Hyderabad East,17.44348,78.4728,17.35714,78.42456,50.05,0.0,0,50.05,Wallet,Prime Sedan,3.8,Cancelled by Driver,Synthetic proxy (no real dataset exists for this city)
TRIP000930,Ola,Hyderabad,2026-02-21,07:43:00,07:50:42,Saturday,February,Off-Peak,1.75,7.7,3,Hyderabad Central,Hyderabad South,Hyderabad Central,Hyderabad South,17.37433,78.40639,17.40498,78.46875,72.55,0.0,0,72.55,UPI,Mini,4.1,Completed,Synthetic proxy (no real dataset exists for this city)
TRIP000931,Ola,Hyderabad,2026-01-04,02:09:00,02:21:18,Sunday,January,Off-Peak,3.37,12.3,1,Hyderabad North,Hyderabad Central,Hyderabad North,Hyderabad Central,17.41556,78.50657,17.37542,78.51718,98.89,9.89,0,108.78,Card,Prime SUV,4.6,Completed,Synthetic proxy (no real dataset exists for this city)
TRIP000932,Local Fleet,Hyderabad,2025-12-28,12:24:00,12:27:54,Sunday,December,Off-Peak,1.11,3.9,1,Hyderabad South,Hyderabad South,Hyderabad South,Hyderabad South,17.47099,78.57183,17.41086,78.5307,59.17,0.0,0,59.17,UPI,eBike,4.5,Completed,Synthetic proxy (no real dataset exists for this city)
TRIP000933,Rapido,Hyderabad,2026-01-23,20:33:00,20:38:00,Friday,January,Off-Peak,0.88,5.0,4,Hyderabad West,Hyderabad South,Hyderabad West,Hyderabad South,17.3204,78.47707,17.30143,78.46467,58.06,5.81,0,63.87,Card,Prime Sedan,3.6,Completed,Synthetic proxy (no real dataset exists for this city)
TRIP000934,Local Fleet,Hyderabad,2025-12-27,15:01:00,15:32:12,Saturday,December,Off-Peak,5.3,31.2,3,Hyderabad West,Hyderabad Central,Hyderabad West,Hyderabad Central,17.33113,78.45979,17.3936,78.41524,150.4,0.0,0,150.4,Cash,Prime SUV,3.5,Completed,Synthetic proxy (no real dataset exists for this city)
TRIP000935,Uber,Hyderabad,2025-12-11,18:38:00,18:45:54,Thursday,December,Peak,2.39,7.9,1,Hyderabad East,Hyderabad South,Hyderabad East,Hyderabad South,17.38558,78.56837,17.45124,78.54637,80.53,4.03,0,84.56,UPI,eBike,4.4,Completed,Synthetic proxy (no real dataset exists for this city)
TRIP000936,Ola,Hyderabad,2026-02-20,21:52:00,22:01:42,Friday,February,Off-Peak,2.11,9.7,1,Hyderabad East,Hyderabad North,Hyderabad East,Hyderabad North,17.39512,78.5444,17.30028,78.54984,79.87,0.0,0,79.87,UPI,Auto,3.7,Completed,Synthetic proxy (no real dataset exists for this city)
TRIP000937,Ola,Hyderabad,2026-01-17,02:09:00,02:10:36,Saturday,January,Off-Peak,0.54,1.6,2,Hyderabad East,Hyderabad West,Hyderabad East,Hyderabad West,17.39068,78.46344,17.38899,78.47547,48.88,0.0,0,48.88,Card,Bike,4.2,Completed,Synthetic proxy (no real dataset exists for this city)
TRIP000938,Ola,Hyderabad,2026-01-15,13:42:00,13:44:42,Thursday,January,Off-Peak,0.5,2.7,1,Hyderabad Central,Hyderabad Central,Hyderabad Central,Hyderabad Central,17.42272,78.4302,17.37954,78.53087,50.05,0.0,0,50.05,UPI,eBike,4.6,Completed,Synthetic proxy (no real dataset exists for this city)
TRIP000939,Ola,Hyderabad,2026-02-09,13:00:00,13:07:18,Monday,February,Off-Peak,1.27,7.3,4,Hyderabad South,Hyderabad East,Hyderabad South,Hyderabad East,17.45924,78.57693,17.34379,78.51148,66.19,0.0,40,106.19,Cash,Auto,4.0,Completed,Synthetic proxy (no real dataset exists for this city)
TRIP000940,Rapido,Hyderabad,2026-02-13,23:38:00,00:22:54,Friday,February,Off-Peak,7.97,44.9,1,Hyderabad West,Hyderabad West,Hyderabad West,Hyderabad West,17.3172,78.47193,17.3973,78.40064,202.99,0.0,0,202.99,UPI,Prime SUV,4.8,Completed,Synthetic proxy (no real dataset exists for this city)
TRIP000941,Uber,Hyderabad,2026-02-28,16:54:00,16:57:30,Saturday,February,Off-Peak,0.66,3.5,2,Hyderabad East,Hyderabad South,Hyderabad East,Hyderabad South,17.47171,78.44729,17.31721,78.4165,53.17,0.0,0,53.17,Wallet,Prime SUV,4.7,Completed,Synthetic proxy (no real dataset exists for this city)
TRIP000942,Rapido,Hyderabad,2026-01-12,01:31:00,01:35:18,Monday,January,Off-Peak,1.26,4.3,1,Hyderabad North,Hyderabad Central,Hyderabad North,Hyderabad Central,17.29735,78.53506,17.36473,78.50984,61.57,0.0,40,101.57,Card,Prime SUV,4.0,Completed,Synthetic proxy (no real dataset exists for this city)
TRIP000943,Uber,Hyderabad,2026-01-14,10:03:00,10:15:06,Wednesday,January,Off-Peak,2.08,12.1,2,Hyderabad West,Hyderabad East,Hyderabad West,Hyderabad East,17.36424,78.42474,17.40681,78.49885,83.11,0.0,0,83.11,Wallet,eBike,4.5,Incomplete,Synthetic proxy (no real dataset exists for this city)
TRIP000944,Uber,Hyderabad,2026-01-07,15:20:00,15:23:30,Wednesday,January,Off-Peak,1.14,3.5,1,Hyderabad East,Hyderabad South,Hyderabad East,Hyderabad South,17.3672,78.44212,17.44985,78.45019,58.93,0.0,0,58.93,UPI,Bike,3.7,Completed,Synthetic proxy (no real dataset exists for this city)
TRIP000945,Rapido,Hyderabad,2025-12-17,20:47:00,21:24:54,Wednesday,December,Off-Peak,8.93,37.9,2,Hyderabad South,Hyderabad North,Hyderabad South,Hyderabad North,17.2904,78.50015,17.46445,78.47611,204.01,0.0,0,204.01,UPI,eBike,4.2,Completed,Synthetic proxy (no real dataset exists for this city)
TRIP000946,Ola,Hyderabad,2026-02-16,18:44:00,19:17:00,Monday,February,Peak,6.13,33.0,1,Hyderabad West,Hyderabad East,Hyderabad West,Hyderabad East,17.31267,78.40283,17.48556,78.51847,163.06,0.0,40,203.06,UPI,Auto,4.9,Completed,Synthetic proxy (no real dataset exists for this city)
TRIP000947,Rapido,Hyderabad,2026-02-12,15:23:00,15:32:06,Thursday,February,Off-Peak,2.41,9.1,3,Hyderabad Central,Hyderabad West,Hyderabad Central,Hyderabad West,17.3787,78.43967,17.37425,78.40544,82.57,8.26,0,90.83,Card,Prime Sedan,3.9,Completed,Synthetic proxy (no real dataset exists for this city)
TRIP000948,Ola,Hyderabad,2026-01-09,12:59:00,13:02:42,Friday,January,Off-Peak,0.93,3.7,1,Hyderabad East,Hyderabad North,Hyderabad East,Hyderabad North,17.42038,78.39316,17.47898,78.58422,56.71,0.0,0,56.71,Wallet,Bike,4.9,Completed,Synthetic proxy (no real dataset exists for this city)
TRIP000949,Local Fleet,Hyderabad,2026-02-04,21:37:00,21:46:42,Wednesday,February,Off-Peak,1.9,9.7,1,Hyderabad South,Hyderabad East,Hyderabad South,Hyderabad East,17.44809,78.55127,17.47026,78.48948,77.35,0.0,0,77.35,Wallet,Mini,4.4,Completed,Synthetic proxy (no real dataset exists for this city)
TRIP000950,Uber,Hyderabad,2026-02-17,08:02:00,08:16:54,Tuesday,February,Peak,4.62,14.9,4,Hyderabad East,Hyderabad North,Hyderabad East,Hyderabad North,17.39432,78.56055,17.31069,78.41763,117.79,0.0,0,117.79,Cash,Prime Sedan,3.6,Completed,Synthetic proxy (no real dataset exists for this city)
TRIP000951,Uber,Hyderabad,2026-01-26,15:22:00,15:24:18,Monday,January,Off-Peak,0.5,2.3,1,Hyderabad East,Hyderabad West,Hyderabad East,Hyderabad West,17.3778,78.40737,17.40047,78.4592,49.45,0.0,0,49.45,UPI,Bike,4.4,Completed,Synthetic proxy (no real dataset exists for this city)
TRIP000952,Rapido,Hyderabad,2026-02-05,11:45:00,12:06:36,Thursday,February,Off-Peak,3.91,21.6,1,Hyderabad Central,Hyderabad North,Hyderabad Central,Hyderabad North,17.30872,78.50825,17.38833,78.52417,119.32,5.97,0,125.29,Wallet,Prime SUV,4.8,Completed,Synthetic proxy (no real dataset exists for this city)
TRIP000953,Uber,Hyderabad,2026-02-11,06:47:00,06:52:06,Wednesday,February,Off-Peak,1.63,5.1,1,Hyderabad Central,Hyderabad North,Hyderabad Central,Hyderabad North,17.44469,78.52268,17.35029,78.41541,67.21,0.0,0,67.21,Card,eBike,4.2,Completed,Synthetic proxy (no real dataset exists for this city)
TRIP000954,Uber,Hyderabad,2025-12-24,11:42:00,11:44:54,Wednesday,December,Off-Peak,0.73,2.9,1,Hyderabad North,Hyderabad East,Hyderabad North,Hyderabad East,17.4273,78.41467,17.46161,78.48603,53.11,0.0,0,53.11,Wallet,Bike,3.7,Completed,Synthetic proxy (no real dataset exists for this city)
TRIP000955,Rapido,Hyderabad,2026-02-25,02:42:00,03:19:42,Wednesday,February,Off-Peak,6.75,37.7,1,Hyderabad West,Hyderabad South,Hyderabad West,Hyderabad South,17.30455,78.567,17.31453,78.52937,177.55,0.0,0,177.55,UPI,Bike,3.8,Completed,Synthetic proxy (no real dataset exists for this city)
TRIP000956,Ola,Hyderabad,2025-12-09,14:31:00,14:33:12,Tuesday,December,Off-Peak,0.5,2.2,2,Hyderabad South,Hyderabad East,Hyderabad South,Hyderabad East,17.35313,78.53569,17.43716,78.39002,49.3,4.93,40,94.23,Card,Auto,4.9,Cancelled by Driver,Synthetic proxy (no real dataset exists for this city)
TRIP000957,Local Fleet,Hyderabad,2025-12-04,15:02:00,15:47:12,Thursday,December,Off-Peak,7.6,45.2,1,Hyderabad East,Hyderabad South,Hyderabad East,Hyderabad South,17.38946,78.40771,17.43817,78.43391,199.0,0.0,0,199.0,UPI,Auto,4.6,Cancelled by Customer,Synthetic proxy (no real dataset exists for this city)
TRIP000958,Uber,Hyderabad,2025-12-12,13:56:00,14:14:48,Friday,December,Off-Peak,3.74,18.8,1,Hyderabad East,Hyderabad North,Hyderabad East,Hyderabad North,17.43404,78.51476,17.4407,78.48999,113.08,5.65,0,118.73,UPI,Prime Sedan,3.5,Completed,Synthetic proxy (no real dataset exists for this city)
TRIP000959,Uber,Hyderabad,2026-01-23,07:32:00,07:42:06,Friday,January,Off-Peak,3.35,10.1,1,Hyderabad Central,Hyderabad East,Hyderabad Central,Hyderabad East,17.36583,78.51896,17.41734,78.40078,95.35,0.0,0,95.35,Wallet,Prime Sedan,3.6,Completed,Synthetic proxy (no real dataset exists for this city)
TRIP000960,Ola,Hyderabad,2026-01-18,00:26:00,00:36:24,Sunday,January,Off-Peak,1.77,10.4,1,Hyderabad South,Hyderabad South,Hyderabad South,Hyderabad South,17.4607,78.46694,17.39496,78.40317,76.84,0.0,0,76.84,UPI,Bike,3.9,Cancelled by Driver,Synthetic proxy (no real dataset exists for this city)
TRIP000961,Rapido,Hyderabad,2025-12-26,13:39:00,15:09:54,Friday,December,Off-Peak,16.12,90.9,1,Hyderabad North,Hyderabad West,Hyderabad North,Hyderabad West,17.41864,78.58145,17.43579,78.47368,369.79,36.98,0,406.77,Cash,eBike,3.6,Completed,Synthetic proxy (no real dataset exists for this city)
TRIP000962,Local Fleet,Hyderabad,2026-01-08,01:12:00,01:38:30,Thursday,January,Off-Peak,6.83,26.5,4,Hyderabad North,Hyderabad North,Hyderabad North,Hyderabad North,17.35956,78.41925,17.3037,78.45436,161.71,16.17,0,177.88,UPI,Prime SUV,4.3,Completed,Synthetic proxy (no real dataset exists for this city)
TRIP000963,Uber,Hyderabad,2025-12-26,11:36:00,11:38:54,Friday,December,Off-Peak,0.5,2.9,3,Hyderabad East,Hyderabad West,Hyderabad East,Hyderabad West,17.37925,78.45855,17.46212,78.54898,50.35,0.0,0,50.35,Wallet,Bike,4.4,Cancelled by Customer,Synthetic proxy (no real dataset exists for this city)
TRIP000964,Local Fleet,Hyderabad,2026-02-20,11:47:00,12:04:48,Friday,February,Off-Peak,5.55,17.8,1,Hyderabad South,Hyderabad Central,Hyderabad South,Hyderabad Central,17.4302,78.52279,17.39374,78.41656,133.3,0.0,60,193.3,Cash,Auto,4.3,Completed,Synthetic proxy (no real dataset exists for this city)
TRIP000965,Uber,Hyderabad,2025-12-05,09:08:00,09:10:12,Friday,December,Peak,0.54,2.2,2,Hyderabad West,Hyderabad East,Hyderabad West,Hyderabad East,17.36962,78.50704,17.44433,78.41551,49.78,4.98,0,54.76,Wallet,Prime SUV,4.8,Completed,Synthetic proxy (no real dataset exists for this city)
TRIP000966,Rapido,Hyderabad,2026-01-04,09:22:00,09:29:12,Sunday,January,Peak,1.92,7.2,1,Hyderabad North,Hyderabad South,Hyderabad North,Hyderabad South,17.36862,78.45728,17.38302,78.56132,73.84,7.38,0,81.22,UPI,eBike,3.6,Completed,Synthetic proxy (no real dataset exists for this city)
TRIP000967,Rapido,Hyderabad,2026-02-24,21:56:00,22:04:54,Tuesday,February,Off-Peak,1.49,8.9,3,Hyderabad South,Hyderabad East,Hyderabad South,Hyderabad East,17.461,78.42135,17.37043,78.46085,71.23,0.0,0,71.23,Cash,Prime Sedan,3.9,Cancelled by Driver,Synthetic proxy (no real dataset exists for this city)
TRIP000968,Local Fleet,Hyderabad,2025-12-01,05:54:00,06:00:12,Monday,December,Off-Peak,1.3,6.2,4,Hyderabad North,Hyderabad South,Hyderabad North,Hyderabad South,17.48855,78.44434,17.38244,78.54214,64.9,0.0,0,64.9,Wallet,eBike,3.8,Completed,Synthetic proxy (no real dataset exists for this city)
TRIP000969,Rapido,Hyderabad,2026-01-15,21:19:00,21:21:48,Thursday,January,Off-Peak,0.5,2.8,1,Hyderabad East,Hyderabad North,Hyderabad East,Hyderabad North,17.43258,78.46298,17.35976,78.4288,50.2,0.0,0,50.2,Cash,Mini,4.1,Completed,Synthetic proxy (no real dataset exists for this city)
TRIP000970,Rapido,Hyderabad,2026-02-25,17:02:00,17:04:12,Wednesday,February,Off-Peak,0.5,2.2,3,Hyderabad West,Hyderabad North,Hyderabad West,Hyderabad North,17.43182,78.48853,17.41686,78.39904,49.3,0.0,40,89.3,UPI,Bike,3.8,Completed,Synthetic proxy (no real dataset exists for this city)
TRIP000971,Uber,Hyderabad,2026-02-09,15:44:00,15:56:42,Monday,February,Off-Peak,3.99,12.7,1,Hyderabad North,Hyderabad East,Hyderabad North,Hyderabad East,17.36547,78.52038,17.46009,78.53488,106.93,0.0,0,106.93,Cash,Mini,4.2,Completed,Synthetic proxy (no real dataset exists for this city)
TRIP000972,Local Fleet,Hyderabad,2026-02-28,09:50:00,10:02:54,Saturday,February,Peak,3.28,12.9,4,Hyderabad East,Hyderabad East,Hyderabad East,Hyderabad East,17.42288,78.50856,17.42688,78.44339,98.71,0.0,0,98.71,UPI,eBike,4.5,Completed,Synthetic proxy (no real dataset exists for this city)
TRIP000973,Ola,Hyderabad,2026-01-01,03:40:00,03:45:00,Thursday,January,Off-Peak,1.15,5.0,1,Hyderabad West,Hyderabad Central,Hyderabad West,Hyderabad Central,17.294,78.49346,17.4047,78.54225,61.3,0.0,0,61.3,Card,eBike,4.2,Completed,Synthetic proxy (no real dataset exists for this city)
TRIP000974,Rapido,Hyderabad,2025-12-04,23:39:00,23:46:30,Thursday,December,Off-Peak,1.69,7.5,3,Hyderabad North,Hyderabad Central,Hyderabad North,Hyderabad Central,17.38917,78.47475,17.29963,78.5098,71.53,0.0,0,71.53,Cash,Prime Sedan,4.8,Completed,Synthetic proxy (no real dataset exists for this city)
TRIP000975,Local Fleet,Hyderabad,2026-02-25,19:56:00,20:02:06,Wednesday,February,Peak,1.53,6.1,4,Hyderabad Central,Hyderabad South,Hyderabad Central,Hyderabad South,17.33432,78.44819,17.32649,78.42958,67.51,0.0,0,67.51,UPI,Mini,4.4,Completed,Synthetic proxy (no real dataset exists for this city)
TRIP000976,Rapido,Hyderabad,2026-01-27,12:26:00,12:40:24,Tuesday,January,Off-Peak,4.51,14.4,1,Hyderabad East,Hyderabad North,Hyderabad East,Hyderabad North,17.48736,78.55506,17.40074,78.40703,115.72,0.0,0,115.72,UPI,Mini,3.8,Completed,Synthetic proxy (no real dataset exists for this city)
TRIP000977,Ola,Hyderabad,2026-02-08,01:14:00,01:39:06,Sunday,February,Off-Peak,7.26,25.1,4,Hyderabad South,Hyderabad West,Hyderabad South,Hyderabad West,17.33886,78.57852,17.37402,78.41282,164.77,0.0,0,164.77,UPI,Prime Sedan,4.8,Completed,Synthetic proxy (no real dataset exists for this city)
TRIP000978,Ola,Hyderabad,2025-12-07,19:06:00,19:31:24,Sunday,December,Peak,5.52,25.4,1,Hyderabad South,Hyderabad East,Hyderabad South,Hyderabad East,17.4014,78.3982,17.4209,78.53852,144.34,0.0,0,144.34,Card,Bike,3.7,Cancelled by Customer,Synthetic proxy (no real dataset exists for this city)
TRIP000979,Ola,Hyderabad,2026-02-03,23:13:00,23:44:54,Tuesday,February,Off-Peak,5.8,31.9,1,Hyderabad East,Hyderabad West,Hyderabad East,Hyderabad West,17.331,78.39191,17.31078,78.5667,157.45,0.0,0,157.45,UPI,Bike,4.2,Completed,Synthetic proxy (no real dataset exists for this city)
TRIP000980,Local Fleet,Hyderabad,2025-12-12,00:55:00,03:17:18,Friday,December,Off-Peak,25.59,142.3,1,Hyderabad East,Hyderabad North,Hyderabad East,Hyderabad North,17.41806,78.43334,17.46593,78.51484,560.53,0.0,0,560.53,UPI,Prime Sedan,3.8,Completed,Synthetic proxy (no real dataset exists for this city)
TRIP000981,Uber,Hyderabad,2025-12-14,12:33:00,12:45:12,Sunday,December,Off-Peak,2.57,12.2,4,Hyderabad Central,Hyderabad Central,Hyderabad Central,Hyderabad Central,17.45049,78.43829,17.47292,78.4342,89.14,0.0,40,129.14,Card,Bike,4.3,Completed,Synthetic proxy (no real dataset exists for this city)
TRIP000982,Uber,Hyderabad,2025-12-21,05:40:00,05:49:54,Sunday,December,Off-Peak,2.23,9.9,1,Hyderabad East,Hyderabad West,Hyderabad East,Hyderabad West,17.44051,78.39457,17.45242,78.58799,81.61,0.0,0,81.61,Wallet,Bike,4.3,Cancelled by Driver,Synthetic proxy (no real dataset exists for this city)
TRIP000983,Ola,Hyderabad,2026-02-01,03:31:00,03:49:18,Sunday,February,Off-Peak,4.76,18.3,4,Hyderabad Central,Hyderabad South,Hyderabad Central,Hyderabad South,17.31649,78.3919,17.31747,78.42414,124.57,0.0,0,124.57,UPI,Auto,4.1,Cancelled by Driver,Synthetic proxy (no real dataset exists for this city)
TRIP000984,Rapido,Hyderabad,2025-12-10,01:44:00,02:14:12,Wednesday,December,Off-Peak,5.35,30.2,1,Hyderabad Central,Hyderabad South,Hyderabad Central,Hyderabad South,17.36859,78.57732,17.41799,78.5575,149.5,0.0,0,149.5,Cash,Prime SUV,3.7,Completed,Synthetic proxy (no real dataset exists for this city)
TRIP000985,Ola,Hyderabad,2026-01-11,20:31:00,20:40:00,Sunday,January,Off-Peak,1.94,9.0,4,Hyderabad Central,Hyderabad South,Hyderabad Central,Hyderabad South,17.47856,78.45327,17.41383,78.41215,76.78,0.0,60,136.78,UPI,Bike,4.8,Completed,Synthetic proxy (no real dataset exists for this city)
TRIP000986,Ola,Hyderabad,2026-01-10,05:35:00,05:47:12,Saturday,January,Off-Peak,3.88,12.2,3,Hyderabad North,Hyderabad North,Hyderabad North,Hyderabad North,17.3299,78.44132,17.35353,78.51101,104.86,5.24,0,110.1,Cash,Prime Sedan,3.8,Cancelled by Customer,Synthetic proxy (no real dataset exists for this city)
TRIP000987,Uber,Hyderabad,2026-02-01,16:25:00,16:26:48,Sunday,February,Off-Peak,0.5,1.8,1,Hyderabad East,Hyderabad West,Hyderabad East,Hyderabad West,17.40958,78.57591,17.30248,78.46662,48.7,0.0,0,48.7,UPI,Prime Sedan,4.4,Completed,Synthetic proxy (no real dataset exists for this city)
TRIP000988,Ola,Hyderabad,2026-01-15,22:18:00,22:36:48,Thursday,January,Off-Peak,5.53,18.8,2,Hyderabad South,Hyderabad Central,Hyderabad South,Hyderabad Central,17.31528,78.52543,17.3877,78.55403,134.56,0.0,0,134.56,UPI,Auto,4.5,Completed,Synthetic proxy (no real dataset exists for this city)
TRIP000989,Ola,Hyderabad,2025-12-30,06:24:00,06:26:54,Tuesday,December,Off-Peak,0.5,2.9,1,Hyderabad South,Hyderabad Central,Hyderabad South,Hyderabad Central,17.46698,78.58936,17.33782,78.53862,50.35,0.0,0,50.35,UPI,Mini,4.2,Cancelled by Driver,Synthetic proxy (no real dataset exists for this city)
TRIP000990,Uber,Hyderabad,2025-12-26,03:37:00,03:39:06,Friday,December,Off-Peak,0.5,2.1,1,Hyderabad West,Hyderabad South,Hyderabad West,Hyderabad South,17.31802,78.48771,17.47402,78.53964,49.15,0.0,0,49.15,Card,eBike,4.2,Completed,Synthetic proxy (no real dataset exists for this city)
TRIP000991,Uber,Hyderabad,2025-12-22,09:51:00,09:56:06,Monday,December,Peak,0.92,5.1,1,Hyderabad North,Hyderabad South,Hyderabad North,Hyderabad South,17.40035,78.43248,17.38646,78.47003,58.69,0.0,0,58.69,Wallet,eBike,4.9,Completed,Synthetic proxy (no real dataset exists for this city)
TRIP000992,Uber,Hyderabad,2026-02-26,06:05:00,06:07:18,Thursday,February,Off-Peak,0.58,2.3,1,Hyderabad North,Hyderabad East,Hyderabad North,Hyderabad East,17.41403,78.51576,17.39458,78.56171,50.41,0.0,0,50.41,Card,eBike,3.5,Completed,Synthetic proxy (no real dataset exists for this city)
TRIP000993,Rapido,Hyderabad,2025-12-15,14:08:00,14:13:18,Monday,December,Off-Peak,1.18,5.3,4,Hyderabad East,Hyderabad North,Hyderabad East,Hyderabad North,17.37267,78.45377,17.30794,78.3993,62.11,0.0,0,62.11,UPI,Prime Sedan,4.7,Completed,Synthetic proxy (no real dataset exists for this city)
TRIP000994,Uber,Hyderabad,2025-12-25,21:40:00,21:55:18,Thursday,December,Off-Peak,2.74,15.3,1,Hyderabad West,Hyderabad North,Hyderabad West,Hyderabad North,17.32752,78.41706,17.36888,78.55528,95.83,0.0,0,95.83,Card,Bike,4.5,Completed,Synthetic proxy (no real dataset exists for this city)
TRIP000995,Ola,Hyderabad,2026-02-08,05:36:00,05:46:00,Sunday,February,Off-Peak,2.44,10.0,4,Hyderabad North,Hyderabad North,Hyderabad North,Hyderabad North,17.31242,78.5261,17.40094,78.50133,84.28,8.43,40,132.71,UPI,Bike,4.3,Completed,Synthetic proxy (no real dataset exists for this city)
TRIP000996,Rapido,Hyderabad,2026-01-30,14:41:00,14:48:48,Friday,January,Off-Peak,2.33,7.8,1,Hyderabad East,Hyderabad South,Hyderabad East,Hyderabad South,17.34472,78.52045,17.3256,78.55327,79.66,0.0,0,79.66,Card,Prime SUV,4.8,Completed,Synthetic proxy (no real dataset exists for this city)
TRIP000997,Local Fleet,Hyderabad,2025-12-01,08:01:00,08:38:06,Monday,December,Peak,6.37,37.1,3,Hyderabad South,Hyderabad Central,Hyderabad South,Hyderabad Central,17.40313,78.39088,17.34374,78.5243,172.09,0.0,0,172.09,Cash,Mini,4.4,Completed,Synthetic proxy (no real dataset exists for this city)
TRIP000998,Ola,Hyderabad,2026-02-18,22:55:00,23:12:36,Wednesday,February,Off-Peak,4.42,17.6,4,Hyderabad East,Hyderabad Central,Hyderabad East,Hyderabad Central,17.41621,78.47296,17.42854,78.48859,119.44,0.0,0,119.44,UPI,eBike,3.5,Completed,Synthetic proxy (no real dataset exists for this city)
TRIP000999,Local Fleet,Hyderabad,2026-01-08,02:34:00,02:37:30,Thursday,January,Off-Peak,0.7,3.5,1,Hyderabad South,Hyderabad East,Hyderabad South,Hyderabad East,17.48558,78.58624,17.48608,78.53239,53.65,0.0,0,53.65,Cash,Mini,4.7,Completed,Synthetic proxy (no real dataset exists for this city)
TRIP001000,Local Fleet,Hyderabad,2025-12-15,00:10:00,00:26:18,Monday,December,Off-Peak,3.12,16.3,1,Hyderabad North,Hyderabad West,Hyderabad North,Hyderabad West,17.44297,78.41095,17.45151,78.5118,101.89,0.0,60,161.89,Cash,Prime Sedan,4.7,Completed,Synthetic proxy (no real dataset exists for this city)
TRIP001001,Uber,Chennai,2026-02-13,17:57:00,17:58:42,Friday,February,Off-Peak,0.5,1.7,1,Chennai East,Chennai Central,Chennai East,Chennai Central,12.99407,80.33264,13.10482,80.28225,48.55,0.0,0,48.55,Cash,eBike,4.6,Completed,Synthetic proxy (no real dataset exists for this city)
TRIP001002,Ola,Chennai,2026-01-21,10:10:00,10:19:06,Wednesday,January,Off-Peak,2.58,9.1,4,Chennai Central,Chennai West,Chennai Central,Chennai West,13.11141,80.35718,13.04963,80.24115,84.61,0.0,0,84.61,Cash,Prime SUV,4.0,Completed,Synthetic proxy (no real dataset exists for this city)
TRIP001003,Local Fleet,Chennai,2025-12-02,15:00:00,15:12:18,Tuesday,December,Off-Peak,2.4,12.3,4,Chennai West,Chennai South,Chennai West,Chennai South,13.06931,80.2119,13.16069,80.34707,87.25,0.0,0,87.25,Card,Mini,4.5,Completed,Synthetic proxy (no real dataset exists for this city)
TRIP001004,Local Fleet,Chennai,2026-01-29,10:55:00,10:57:36,Thursday,January,Off-Peak,0.53,2.6,1,Chennai South,Chennai East,Chennai South,Chennai East,13.0989,80.21951,12.99031,80.25159,50.26,5.03,0,55.29,Card,Prime SUV,4.6,Completed,Synthetic proxy (no real dataset exists for this city)
TRIP001005,Ola,Chennai,2026-01-09,17:12:00,17:37:30,Friday,January,Off-Peak,4.88,25.5,1,Chennai Central,Chennai West,Chennai Central,Chennai West,13.10587,80.29515,13.01973,80.36968,136.81,0.0,0,136.81,UPI,Mini,3.6,Completed,Synthetic proxy (no real dataset exists for this city)
TRIP001006,Rapido,Chennai,2026-02-04,02:28:00,02:31:54,Wednesday,February,Off-Peak,1.17,3.9,1,Chennai South,Chennai South,Chennai South,Chennai South,13.09529,80.17144,13.177,80.21608,59.89,0.0,0,59.89,UPI,Mini,4.5,Completed,Synthetic proxy (no real dataset exists for this city)
TRIP001007,Uber,Chennai,2026-02-08,10:41:00,10:56:12,Sunday,February,Off-Peak,2.6,15.2,3,Chennai Central,Chennai North,Chennai Central,Chennai North,13.06493,80.30365,13.11311,80.17458,94.0,0.0,0,94.0,UPI,Auto,3.6,Cancelled by Customer,Synthetic proxy (no real dataset exists for this city)
TRIP001008,Uber,Chennai,2026-02-08,06:39:00,06:43:24,Sunday,February,Off-Peak,1.18,4.4,2,Chennai North,Chennai East,Chennai North,Chennai East,13.02328,80.34682,13.07213,80.19541,60.76,0.0,0,60.76,UPI,eBike,3.6,Completed,Synthetic proxy (no real dataset exists for this city)
TRIP001009,Local Fleet,Chennai,2026-02-05,23:51:00,00:23:36,Thursday,February,Off-Peak,9.87,32.6,4,Chennai West,Chennai North,Chennai West,Chennai North,13.12127,80.25311,13.1672,80.31645,207.34,0.0,0,207.34,UPI,Bike,3.6,Completed,Synthetic proxy (no real dataset exists for this city)
TRIP001010,Rapido,Chennai,2026-02-20,11:55:00,13:11:12,Friday,February,Off-Peak,21.68,76.2,2,Chennai Central,Chennai West,Chennai Central,Chennai West,13.1528,80.30647,13.05203,80.2945,414.46,0.0,0,414.46,UPI,Prime Sedan,4.7,Completed,Synthetic proxy (no real dataset exists for this city)
TRIP001011,Local Fleet,Chennai,2026-02-21,05:19:00,05:51:12,Saturday,February,Off-Peak,8.31,32.2,2,Chennai South,Chennai Central,Chennai South,Chennai Central,13.06566,80.25175,13.16326,80.23795,188.02,0.0,0,188.02,UPI,eBike,4.4,Completed,Synthetic proxy (no real dataset exists for this city)
TRIP001012,Rapido,Chennai,2025-12-15,05:27:00,05:32:12,Monday,December,Off-Peak,1.61,5.2,1,Chennai South,Chennai North,Chennai South,Chennai North,13.14141,80.29237,13.07841,80.33676,67.12,6.71,0,73.83,Card,Auto,3.8,Completed,Synthetic proxy (no real dataset exists for this city)
TRIP001013,Uber,Chennai,2026-02-14,02:50:00,02:55:00,Saturday,February,Off-Peak,1.0,5.0,3,Chennai West,Chennai South,Chennai West,Chennai South,13.06398,80.35338,12.9819,80.1807,59.5,0.0,0,59.5,UPI,Bike,3.9,Completed,Synthetic proxy (no real dataset exists for this city)
TRIP001014,Ola,Chennai,2026-01-28,20:31:00,21:05:30,Wednesday,January,Off-Peak,8.4,34.5,1,Chennai North,Chennai North,Chennai North,Chennai North,13.08337,80.21082,13.04001,80.22017,192.55,0.0,0,192.55,UPI,Prime SUV,3.9,Completed,Synthetic proxy (no real dataset exists for this city)
TRIP001015,Rapido,Chennai,2026-02-20,13:31:00,13:45:00,Friday,February,Off-Peak,3.55,14.0,1,Chennai North,Chennai West,Chennai North,Chennai West,13.06868,80.17417,12.99487,80.32951,103.6,5.18,0,108.78,UPI,Bike,4.6,Incomplete,Synthetic proxy (no real dataset exists for this city)
TRIP001016,Rapido,Chennai,2025-12-16,00:52:00,01:10:00,Tuesday,December,Off-Peak,3.94,18.0,2,Chennai East,Chennai South,Chennai East,Chennai South,13.04115,80.22586,13.15195,80.30649,114.28,11.43,0,125.71,Card,eBike,4.8,Cancelled by Customer,Synthetic proxy (no real dataset exists for this city)
TRIP001017,Ola,Chennai,2026-01-14,02:03:00,02:10:36,Wednesday,January,Off-Peak,1.93,7.6,1,Chennai North,Chennai Central,Chennai North,Chennai Central,13.00921,80.24899,13.12452,80.24337,74.56,7.46,0,82.02,UPI,Auto,3.9,Completed,Synthetic proxy (no real dataset exists for this city)
TRIP001018,Uber,Chennai,2026-01-20,09:35:00,10:35:36,Tuesday,January,Peak,11.22,60.6,4,Chennai South,Chennai Central,Chennai South,Chennai Central,13.02283,80.28729,13.08525,80.27164,265.54,26.55,0,292.09,UPI,Auto,3.7,Completed,Synthetic proxy (no real dataset exists for this city)
TRIP001019,Rapido,Chennai,2026-02-23,12:50:00,12:52:24,Monday,February,Off-Peak,0.5,2.4,1,Chennai West,Chennai West,Chennai West,Chennai West,13.05009,80.29854,13.02352,80.36557,49.6,2.48,0,52.08,UPI,Mini,3.8,Completed,Synthetic proxy (no real dataset exists for this city)
TRIP001020,Ola,Chennai,2025-12-19,03:58:00,04:03:30,Friday,December,Off-Peak,1.46,5.5,1,Chennai Central,Chennai East,Chennai Central,Chennai East,13.07701,80.18445,13.01309,80.34858,65.77,0.0,0,65.77,Cash,Mini,4.2,Cancelled by Customer,Synthetic proxy (no real dataset exists for this city)
TRIP001021,Uber,Chennai,2025-12-22,06:11:00,06:43:48,Monday,December,Off-Peak,8.45,32.8,1,Chennai West,Chennai East,Chennai West,Chennai East,13.03594,80.35781,13.13172,80.23998,190.6,9.53,0,200.13,UPI,Prime Sedan,4.5,Completed,Synthetic proxy (no real dataset exists for this city)
TRIP001022,Ola,Chennai,2026-02-06,13:31:00,13:43:36,Friday,February,Off-Peak,3.85,12.6,4,Chennai Central,Chennai South,Chennai Central,Chennai South,13.07406,80.35392,13.03281,80.27837,105.1,5.26,0,110.36,UPI,Prime SUV,4.6,Completed,Synthetic proxy (no real dataset exists for this city)
TRIP001023,Ola,Chennai,2025-12-03,07:24:00,07:48:00,Wednesday,December,Off-Peak,7.6,24.0,1,Chennai South,Chennai East,Chennai South,Chennai East,13.10054,80.25397,13.10585,80.18852,167.2,0.0,60,227.2,Card,Auto,4.9,Completed,Synthetic proxy (no real dataset exists for this city)
TRIP001024,Ola,Chennai,2026-02-15,13:11:00,13:35:36,Sunday,February,Off-Peak,5.47,24.6,4,Chennai North,Chennai South,Chennai North,Chennai South,13.14546,80.27942,13.14759,80.32808,142.54,0.0,60,202.54,Card,Bike,4.7,Completed,Synthetic proxy (no real dataset exists for this city)
TRIP001025,Ola,Chennai,2026-02-27,05:10:00,05:24:42,Friday,February,Off-Peak,4.42,14.7,3,Chennai North,Chennai West,Chennai North,Chennai West,13.05351,80.30679,13.13376,80.20743,115.09,0.0,0,115.09,Wallet,Auto,4.0,Completed,Synthetic proxy (no real dataset exists for this city)
TRIP001026,Local Fleet,Chennai,2026-01-31,21:53:00,21:55:12,Saturday,January,Off-Peak,0.5,2.2,4,Chennai West,Chennai Central,Chennai West,Chennai Central,13.17871,80.26256,13.04332,80.30756,49.3,0.0,0,49.3,UPI,Mini,3.8,Completed,Synthetic proxy (no real dataset exists for this city)
TRIP001027,Uber,Chennai,2026-02-18,13:51:00,14:25:42,Wednesday,February,Off-Peak,7.71,34.7,1,Chennai Central,Chennai South,Chennai Central,Chennai South,13.09238,80.30051,13.13477,80.32678,184.57,0.0,0,184.57,Cash,Auto,4.3,Completed,Synthetic proxy (no real dataset exists for this city)
TRIP001028,Ola,Chennai,2026-01-06,15:52:00,16:02:18,Tuesday,January,Off-Peak,2.1,10.3,1,Chennai Central,Chennai West,Chennai Central,Chennai West,13.15166,80.20801,13.05018,80.22222,80.65,8.07,0,88.72,UPI,Prime SUV,3.7,Completed,Synthetic proxy (no real dataset exists for this city)
TRIP001029,Ola,Chennai,2025-12-22,04:58:00,05:14:30,Monday,December,Off-Peak,3.84,16.5,1,Chennai East,Chennai East,Chennai East,Chennai East,13.00081,80.28942,13.1046,80.32307,110.83,0.0,0,110.83,Wallet,Prime Sedan,4.0,Completed,Synthetic proxy (no real dataset exists for this city)
TRIP001030,Rapido,Chennai,2025-12-13,09:48:00,10:51:30,Saturday,December,Peak,11.37,63.5,1,Chennai Central,Chennai Central,Chennai Central,Chennai Central,13.0763,80.19561,13.08106,80.20463,271.69,0.0,0,271.69,UPI,Prime Sedan,4.6,Completed,Synthetic proxy (no real dataset exists for this city)
TRIP001031,Uber,Chennai,2025-12-15,20:20:00,20:44:12,Monday,December,Off-Peak,5.5,24.2,4,Chennai South,Chennai South,Chennai South,Chennai South,13.14777,80.19746,13.04807,80.24273,142.3,0.0,0,142.3,UPI,eBike,4.4,Completed,Synthetic proxy (no real dataset exists for this city)
TRIP001032,Ola,Chennai,2026-02-22,05:08:00,05:12:42,Sunday,February,Off-Peak,1.27,4.7,2,Chennai South,Chennai North,Chennai South,Chennai North,13.02065,80.33192,13.07109,80.36117,62.29,0.0,0,62.29,UPI,Bike,4.8,Cancelled by Driver,Synthetic proxy (no real dataset exists for this city)
TRIP001033,Ola,Chennai,2026-01-03,19:00:00,19:20:30,Saturday,January,Peak,4.29,20.5,2,Chennai South,Chennai Central,Chennai South,Chennai Central,13.17375,80.23927,12.99461,80.22828,122.23,12.22,0,134.45,Card,eBike,3.9,Completed,Synthetic proxy (no real dataset exists for this city)
TRIP001034,Uber,Chennai,2025-12-12,13:07:00,13:11:48,Friday,December,Off-Peak,1.07,4.8,1,Chennai East,Chennai West,Chennai East,Chennai West,13.06078,80.17989,13.02792,80.19037,60.04,0.0,0,60.04,UPI,Auto,4.7,Completed,Synthetic proxy (no real dataset exists for this city)
TRIP001035,Rapido,Chennai,2025-12-27,05:42:00,05:44:06,Saturday,December,Off-Peak,0.56,2.1,1,Chennai South,Chennai Central,Chennai South,Chennai Central,13.05456,80.20671,13.09235,80.31586,49.87,0.0,0,49.87,Cash,Prime Sedan,3.7,Cancelled by Driver,Synthetic proxy (no real dataset exists for this city)
TRIP001036,Uber,Chennai,2026-01-30,21:22:00,21:41:06,Friday,January,Off-Peak,5.81,19.1,1,Chennai South,Chennai West,Chennai South,Chennai West,13.14815,80.23923,13.12225,80.27678,138.37,0.0,0,138.37,Card,Prime SUV,4.2,Completed,Synthetic proxy (no real dataset exists for this city)
TRIP001037,Rapido,Chennai,2025-12-04,10:52:00,11:49:42,Thursday,December,Off-Peak,10.57,57.7,2,Chennai West,Chennai Central,Chennai West,Chennai Central,12.98088,80.20079,12.98117,80.28952,253.39,0.0,0,253.39,Cash,Prime SUV,3.8,Completed,Synthetic proxy (no real dataset exists for this city)
TRIP001038,Ola,Chennai,2026-02-14,21:03:00,21:56:36,Saturday,February,Off-Peak,9.16,53.6,2,Chennai South,Chennai West,Chennai South,Chennai West,13.16364,80.31284,13.15706,80.36192,230.32,0.0,0,230.32,UPI,Bike,4.2,Completed,Synthetic proxy (no real dataset exists for this city)
TRIP001039,Ola,Chennai,2026-02-21,12:00:00,12:23:00,Saturday,February,Off-Peak,3.97,23.0,2,Chennai North,Chennai East,Chennai North,Chennai East,13.01405,80.21024,13.09788,80.19576,122.14,0.0,60,182.14,Cash,Prime SUV,3.7,Completed,Synthetic proxy (no real dataset exists for this city)
TRIP001040,Local Fleet,Chennai,2026-01-22,22:02:00,22:04:24,Thursday,January,Off-Peak,0.5,2.4,1,Chennai West,Chennai Central,Chennai West,Chennai Central,13.03278,80.27772,13.13867,80.17375,49.6,0.0,0,49.6,Cash,Auto,4.0,Completed,Synthetic proxy (no real dataset exists for this city)
TRIP001041,Ola,Chennai,2026-02-25,19:35:00,20:10:48,Wednesday,February,Peak,6.89,35.8,1,Chennai Central,Chennai South,Chennai Central,Chennai South,13.14498,80.21223,13.00607,80.30779,176.38,0.0,0,176.38,UPI,Auto,3.9,Completed,Synthetic proxy (no real dataset exists for this city)
TRIP001042,Local Fleet,Chennai,2026-02-15,00:18:00,00:19:48,Sunday,February,Off-Peak,0.51,1.8,3,Chennai East,Chennai West,Chennai East,Chennai West,12.98687,80.18998,13.12755,80.32067,48.82,0.0,0,48.82,Cash,Bike,4.8,Completed,Synthetic proxy (no real dataset exists for this city)
TRIP001043,Uber,Chennai,2026-01-29,11:35:00,11:38:18,Thursday,January,Off-Peak,0.59,3.3,1,Chennai North,Chennai West,Chennai North,Chennai West,13.12085,80.21017,13.1037,80.21036,52.03,5.2,60,117.23,Cash,Prime Sedan,4.2,Completed,Synthetic proxy (no real dataset exists for this city)
TRIP001044,Rapido,Chennai,2026-01-08,07:41:00,07:52:54,Thursday,January,Off-Peak,2.56,11.9,2,Chennai West,Chennai East,Chennai West,Chennai East,13.17167,80.23801,13.10592,80.30709,88.57,4.43,0,93.0,UPI,Prime SUV,4.0,Cancelled by Driver,Synthetic proxy (no real dataset exists for this city)
TRIP001045,Ola,Chennai,2025-12-03,12:20:00,12:43:48,Wednesday,December,Off-Peak,4.68,23.8,1,Chennai Central,Chennai West,Chennai Central,Chennai West,13.10798,80.18375,12.9863,80.2663,131.86,0.0,60,191.86,Card,Mini,4.1,Completed,Synthetic proxy (no real dataset exists for this city)
TRIP001046,Uber,Chennai,2026-01-07,01:53:00,02:06:18,Wednesday,January,Off-Peak,2.69,13.3,1,Chennai West,Chennai East,Chennai West,Chennai East,13.00039,80.32607,13.09587,80.26993,92.23,0.0,0,92.23,Card,eBike,4.9,Completed,Synthetic proxy (no real dataset exists for this city)
TRIP001047,Uber,Chennai,2026-02-27,01:30:00,01:32:18,Friday,February,Off-Peak,0.5,2.3,2,Chennai South,Chennai Central,Chennai South,Chennai Central,13.0383,80.32506,13.00572,80.33459,49.45,0.0,40,89.45,Cash,eBike,3.8,Completed,Synthetic proxy (no real dataset exists for this city)
TRIP001048,Rapido,Chennai,2025-12-06,04:37:00,04:54:42,Saturday,December,Off-Peak,3.8,17.7,1,Chennai East,Chennai North,Chennai East,Chennai North,13.13448,80.34056,13.1783,80.21752,112.15,0.0,0,112.15,UPI,Auto,3.8,Completed,Synthetic proxy (no real dataset exists for this city)
TRIP001049,Local Fleet,Chennai,2026-02-05,08:25:00,09:04:42,Thursday,February,Peak,10.41,39.7,2,Chennai East,Chennai North,Chennai East,Chennai North,13.09226,80.29084,13.13658,80.18625,224.47,0.0,0,224.47,Cash,Bike,3.6,Cancelled by Driver,Synthetic proxy (no real dataset exists for this city)
TRIP001050,Rapido,Chennai,2025-12-24,01:55:00,02:01:12,Wednesday,December,Off-Peak,1.13,6.2,4,Chennai East,Chennai North,Chennai East,Chennai North,13.17927,80.28717,13.00992,80.30351,62.86,0.0,0,62.86,Wallet,Auto,4.9,Completed,Synthetic proxy (no real dataset exists for this city)
TRIP001051,Rapido,Chennai,2026-01-07,20:17:00,20:34:00,Wednesday,January,Off-Peak,3.23,17.0,4,Chennai West,Chennai West,Chennai West,Chennai West,13.13563,80.28119,13.11225,80.22614,104.26,5.21,0,109.47,UPI,eBike,3.8,Completed,Synthetic proxy (no real dataset exists for this city)
TRIP001052,Local Fleet,Chennai,2025-12-11,17:43:00,18:17:30,Thursday,December,Off-Peak,5.96,34.5,1,Chennai South,Chennai South,Chennai South,Chennai South,13.07125,80.28223,13.0427,80.27477,163.27,0.0,0,163.27,Card,Auto,4.3,Completed,Synthetic proxy (no real dataset exists for this city)
TRIP001053,Rapido,Chennai,2026-01-10,06:31:00,06:57:54,Saturday,January,Off-Peak,5.88,26.9,2,Chennai West,Chennai East,Chennai West,Chennai East,13.04957,80.23249,13.15262,80.34465,150.91,0.0,40,190.91,UPI,Mini,4.4,Cancelled by Driver,Synthetic proxy (no real dataset exists for this city)
TRIP001054,Local Fleet,Chennai,2026-02-25,15:08:00,15:10:12,Wednesday,February,Off-Peak,0.5,2.2,4,Chennai West,Chennai East,Chennai West,Chennai East,13.03077,80.24161,13.11084,80.3335,49.3,4.93,60,114.23,UPI,Prime SUV,4.2,Completed,Synthetic proxy (no real dataset exists for this city)
TRIP001055,Rapido,Chennai,2026-01-28,11:47:00,11:50:42,Wednesday,January,Off-Peak,1.1,3.7,2,Chennai West,Chennai West,Chennai West,Chennai West,13.09049,80.29547,12.99313,80.33297,58.75,0.0,0,58.75,Card,Auto,4.3,Completed,Synthetic proxy (no real dataset exists for this city)
TRIP001056,Rapido,Chennai,2025-12-13,21:29:00,21:56:18,Saturday,December,Off-Peak,4.58,27.3,1,Chennai South,Chennai Central,Chennai South,Chennai Central,13.10387,80.25982,13.02054,80.28784,135.91,0.0,0,135.91,Cash,Prime Sedan,3.6,Cancelled by Customer,Synthetic proxy (no real dataset exists for this city)
TRIP001057,Uber,Chennai,2026-01-10,11:19:00,11:33:54,Saturday,January,Off-Peak,2.93,14.9,1,Chennai North,Chennai East,Chennai North,Chennai East,13.12648,80.29053,13.01447,80.28728,97.51,0.0,0,97.51,Card,Auto,4.7,Completed,Synthetic proxy (no real dataset exists for this city)
TRIP001058,Uber,Chennai,2026-01-29,22:52:00,23:03:54,Thursday,January,Off-Peak,3.1,11.9,2,Chennai North,Chennai North,Chennai North,Chennai North,12.98314,80.30785,13.14589,80.18705,95.05,0.0,0,95.05,UPI,Auto,4.8,Completed,Synthetic proxy (no real dataset exists for this city)
TRIP001059,Ola,Chennai,2025-12-07,14:20:00,14:25:12,Sunday,December,Off-Peak,1.53,5.2,4,Chennai West,Chennai Central,Chennai West,Chennai Central,13.00574,80.34592,12.9915,80.18864,66.16,0.0,0,66.16,Card,Mini,4.3,Completed,Synthetic proxy (no real dataset exists for this city)
TRIP001060,Rapido,Chennai,2026-01-27,18:27:00,18:54:54,Tuesday,January,Peak,4.71,27.9,1,Chennai North,Chennai South,Chennai North,Chennai South,13.03098,80.24627,13.07632,80.20396,138.37,0.0,0,138.37,UPI,eBike,4.8,Completed,Synthetic proxy (no real dataset exists for this city)
TRIP001061,Ola,Chennai,2026-01-13,03:04:00,03:32:06,Tuesday,January,Off-Peak,7.28,28.1,1,Chennai West,Chennai West,Chennai West,Chennai West,12.99064,80.36432,12.99163,80.20577,169.51,0.0,0,169.51,Cash,Bike,5.0,Cancelled by Driver,Synthetic proxy (no real dataset exists for this city)
TRIP001062,Ola,Chennai,2026-02-18,22:27:00,22:34:18,Wednesday,February,Off-Peak,1.55,7.3,4,Chennai Central,Chennai North,Chennai Central,Chennai North,13.09159,80.25547,13.12967,80.22644,69.55,0.0,0,69.55,UPI,Prime SUV,4.5,Completed,Synthetic proxy (no real dataset exists for this city)
TRIP001063,Rapido,Chennai,2026-01-07,21:17:00,22:12:12,Wednesday,January,Off-Peak,16.67,55.2,1,Chennai West,Chennai East,Chennai West,Chennai East,13.05125,80.35584,13.04285,80.22011,322.84,0.0,0,322.84,UPI,Mini,4.3,Completed,Synthetic proxy (no real dataset exists for this city)
TRIP001064,Ola,Chennai,2026-01-31,00:35:00,00:43:42,Saturday,January,Off-Peak,2.7,8.7,3,Chennai East,Chennai South,Chennai East,Chennai South,13.08259,80.21892,13.16439,80.26979,85.45,4.27,0,89.72,Wallet,Prime SUV,4.7,Completed,Synthetic proxy (no real dataset exists for this city)
TRIP001065,Uber,Chennai,2025-12-05,08:21:00,08:33:12,Friday,December,Peak,2.09,12.2,3,Chennai North,Chennai South,Chennai North,Chennai South,13.00566,80.31527,13.08558,80.24717,83.38,0.0,0,83.38,Cash,Mini,3.6,Completed,Synthetic proxy (no real dataset exists for this city)
TRIP001066,Rapido,Chennai,2026-02-27,12:11:00,14:01:00,Friday,February,Off-Peak,21.62,110.0,4,Chennai Central,Chennai North,Chennai Central,Chennai North,13.14806,80.29235,13.14417,80.31334,464.44,0.0,0,464.44,Cash,Prime Sedan,3.9,Completed,Synthetic proxy (no real dataset exists for this city)
TRIP001067,Ola,Chennai,2025-12-06,12:25:00,12:33:42,Saturday,December,Off-Peak,2.36,8.7,2,Chennai East,Chennai West,Chennai East,Chennai West,12.98208,80.30539,13.14272,80.22531,81.37,0.0,0,81.37,UPI,eBike,4.6,Cancelled by Driver,Synthetic proxy (no real dataset exists for this city)
TRIP001068,Ola,Chennai,2026-02-23,22:11:00,22:18:12,Monday,February,Off-Peak,2.21,7.2,1,Chennai South,Chennai Central,Chennai South,Chennai Central,13.09313,80.20209,13.05418,80.19082,77.32,0.0,0,77.32,UPI,Prime Sedan,4.2,Cancelled by Driver,Synthetic proxy (no real dataset exists for this city)
TRIP001069,Uber,Chennai,2026-01-15,20:18:00,20:54:12,Thursday,January,Off-Peak,11.42,36.2,4,Chennai East,Chennai East,Chennai East,Chennai East,13.04616,80.18973,13.05245,80.17887,231.34,0.0,0,231.34,UPI,eBike,3.6,Completed,Synthetic proxy (no real dataset exists for this city)
TRIP001070,Uber,Chennai,2026-01-07,20:14:00,20:17:24,Wednesday,January,Off-Peak,1.04,3.4,2,Chennai North,Chennai West,Chennai North,Chennai West,13.12473,80.23402,13.14653,80.21776,57.58,0.0,0,57.58,Cash,Mini,4.6,Incomplete,Synthetic proxy (no real dataset exists for this city)
TRIP001071,Ola,Chennai,2026-01-27,10:56:00,11:43:24,Tuesday,January,Off-Peak,8.03,47.4,1,Chennai Central,Chennai South,Chennai Central,Chennai South,13.14796,80.32358,13.07965,80.27263,207.46,0.0,0,207.46,UPI,Prime SUV,4.5,Completed,Synthetic proxy (no real dataset exists for this city)
TRIP001072,Local Fleet,Chennai,2026-02-26,18:28:00,18:32:54,Thursday,February,Peak,1.28,4.9,1,Chennai West,Chennai West,Chennai West,Chennai West,13.12967,80.19108,13.05261,80.22279,62.71,0.0,0,62.71,UPI,Auto,4.6,Completed,Synthetic proxy (no real dataset exists for this city)
TRIP001073,Rapido,Chennai,2026-02-10,08:36:00,09:01:00,Tuesday,February,Peak,5.76,25.0,1,Chennai Central,Chennai West,Chennai Central,Chennai West,13.02974,80.35922,13.13436,80.18751,146.62,0.0,0,146.62,UPI,Mini,4.1,Completed,Synthetic proxy (no real dataset exists for this city)
TRIP001074,Rapido,Chennai,2026-02-04,12:01:00,12:05:36,Wednesday,February,Off-Peak,1.17,4.6,1,Chennai Central,Chennai North,Chennai Central,Chennai North,13.01319,80.35038,13.02548,80.18002,60.94,0.0,0,60.94,Cash,Prime SUV,4.4,Completed,Synthetic proxy (no real dataset exists for this city)
TRIP001075,Uber,Chennai,2025-12-01,00:28:00,00:41:12,Monday,December,Off-Peak,2.77,13.2,3,Chennai West,Chennai West,Chennai West,Chennai West,13.15966,80.30101,12.98337,80.36333,93.04,4.65,0,97.69,Cash,Auto,4.5,Completed,Synthetic proxy (no real dataset exists for this city)
TRIP001076,Uber,Chennai,2025-12-13,14:54:00,15:21:42,Saturday,December,Off-Peak,7.03,27.7,1,Chennai Central,Chennai West,Chennai Central,Chennai West,13.03723,80.3688,13.0968,80.25032,165.91,0.0,0,165.91,Card,Auto,4.1,Cancelled by Customer,Synthetic proxy (no real dataset exists for this city)
TRIP001077,Local Fleet,Chennai,2026-02-13,18:24:00,18:26:24,Friday,February,Peak,0.5,2.4,1,Chennai South,Chennai East,Chennai South,Chennai East,13.11121,80.30827,13.066,80.18487,49.6,0.0,60,109.6,Wallet,eBike,4.0,Completed,Synthetic proxy (no real dataset exists for this city)
TRIP001078,Local Fleet,Chennai,2026-02-05,14:44:00,14:57:54,Thursday,February,Off-Peak,3.28,13.9,4,Chennai Central,Chennai South,Chennai Central,Chennai South,13.16714,80.21179,13.00969,80.27703,100.21,10.02,0,110.23,UPI,Mini,4.6,Completed,Synthetic proxy (no real dataset exists for this city)
TRIP001079,Local Fleet,Chennai,2026-01-30,08:59:00,09:07:30,Friday,January,Peak,1.89,8.5,2,Chennai Central,Chennai North,Chennai Central,Chennai North,13.09038,80.28093,13.04407,80.29872,75.43,0.0,40,115.43,Cash,Mini,3.7,Cancelled by Customer,Synthetic proxy (no real dataset exists for this city)
TRIP001080,Local Fleet,Chennai,2026-02-02,07:42:00,07:57:24,Monday,February,Off-Peak,5.03,15.4,1,Chennai North,Chennai East,Chennai North,Chennai East,13.13387,80.18675,13.07367,80.35751,123.46,0.0,0,123.46,UPI,Bike,4.0,Completed,Synthetic proxy (no real dataset exists for this city)
TRIP001081,Rapido,Chennai,2026-02-25,01:48:00,02:21:54,Wednesday,February,Off-Peak,6.58,33.9,1,Chennai South,Chennai West,Chennai South,Chennai West,13.12795,80.31106,13.06422,80.18759,169.81,0.0,0,169.81,UPI,Mini,3.6,Cancelled by Customer,Synthetic proxy (no real dataset exists for this city)
TRIP001082,Ola,Chennai,2025-12-21,16:28:00,16:56:06,Sunday,December,Off-Peak,4.85,28.1,1,Chennai North,Chennai South,Chennai North,Chennai South,13.06489,80.36205,13.0931,80.29817,140.35,7.02,0,147.37,Card,eBike,3.8,Completed,Synthetic proxy (no real dataset exists for this city)
TRIP001083,Ola,Chennai,2025-12-21,05:37:00,06:04:24,Sunday,December,Off-Peak,4.89,27.4,3,Chennai North,Chennai Central,Chennai North,Chennai Central,13.1642,80.27632,13.06646,80.29002,139.78,0.0,0,139.78,UPI,Auto,4.1,Completed,Synthetic proxy (no real dataset exists for this city)
TRIP001084,Ola,Chennai,2026-01-14,12:56:00,13:08:12,Wednesday,January,Off-Peak,2.12,12.2,1,Chennai West,Chennai South,Chennai West,Chennai South,13.16528,80.30869,13.13651,80.35757,83.74,0.0,0,83.74,Cash,Auto,4.2,Cancelled by Driver,Synthetic proxy (no real dataset exists for this city)
TRIP001085,Uber,Chennai,2026-02-24,22:01:00,22:12:30,Tuesday,February,Off-Peak,3.69,11.5,3,Chennai Central,Chennai South,Chennai Central,Chennai South,13.15047,80.245,13.16822,80.33106,101.53,0.0,0,101.53,Card,Mini,4.9,Completed,Synthetic proxy (no real dataset exists for this city)
TRIP001086,Ola,Chennai,2026-02-05,23:45:00,23:50:54,Thursday,February,Off-Peak,1.2,5.9,1,Chennai North,Chennai Central,Chennai North,Chennai Central,13.01877,80.31371,13.1696,80.30233,63.25,0.0,0,63.25,Cash,eBike,4.8,Completed,Synthetic proxy (no real dataset exists for this city)
TRIP001087,Local Fleet,Chennai,2026-02-04,08:26:00,08:31:42,Wednesday,February,Peak,1.03,5.7,2,Chennai North,Chennai East,Chennai North,Chennai East,13.15469,80.35586,13.10666,80.32287,60.91,6.09,0,67.0,Cash,Bike,4.0,Cancelled by Driver,Synthetic proxy (no real dataset exists for this city)
TRIP001088,Rapido,Chennai,2026-01-03,01:12:00,01:14:12,Saturday,January,Off-Peak,0.5,2.2,3,Chennai West,Chennai East,Chennai West,Chennai East,13.12127,80.26472,13.03132,80.34808,49.3,0.0,0,49.3,UPI,eBike,3.7,Completed,Synthetic proxy (no real dataset exists for this city)
TRIP001089,Ola,Chennai,2026-01-13,06:51:00,06:54:42,Tuesday,January,Off-Peak,0.74,3.7,2,Chennai South,Chennai Central,Chennai South,Chennai Central,13.00115,80.31842,13.0488,80.17548,54.43,0.0,0,54.43,UPI,Prime Sedan,4.4,Completed,Synthetic proxy (no real dataset exists for this city)
TRIP001090,Ola,Chennai,2025-12-05,15:48:00,16:07:30,Friday,December,Off-Peak,4.67,19.5,3,Chennai East,Chennai West,Chennai East,Chennai West,13.05561,80.35071,13.07047,80.23499,125.29,0.0,0,125.29,Cash,Auto,3.5,Cancelled by Driver,Synthetic proxy (no real dataset exists for this city)
TRIP001091,Local Fleet,Chennai,2026-02-02,02:31:00,02:41:18,Monday,February,Off-Peak,1.94,10.3,1,Chennai East,Chennai Central,Chennai East,Chennai Central,13.01309,80.19527,13.04154,80.246,78.73,3.94,0,82.67,Card,eBike,4.6,Completed,Synthetic proxy (no real dataset exists for this city)
TRIP001092,Rapido,Chennai,2026-01-12,01:16:00,01:22:36,Monday,January,Off-Peak,2.04,6.6,1,Chennai West,Chennai East,Chennai West,Chennai East,13.06068,80.275,13.11257,80.25021,74.38,0.0,0,74.38,UPI,Prime Sedan,4.3,Completed,Synthetic proxy (no real dataset exists for this city)
TRIP001093,Ola,Chennai,2026-01-21,05:12:00,05:19:42,Wednesday,January,Off-Peak,2.4,7.7,4,Chennai East,Chennai Central,Chennai East,Chennai Central,13.05611,80.21273,13.00045,80.32435,80.35,0.0,0,80.35,UPI,Bike,3.8,Completed,Synthetic proxy (no real dataset exists for this city)
TRIP001094,Uber,Chennai,2026-02-26,07:05:00,07:58:12,Thursday,February,Off-Peak,9.68,53.2,3,Chennai Central,Chennai Central,Chennai Central,Chennai Central,13.16425,80.35292,13.09058,80.29639,235.96,0.0,0,235.96,Cash,Prime SUV,3.7,Completed,Synthetic proxy (no real dataset exists for this city)
TRIP001095,Rapido,Chennai,2026-01-14,09:34:00,09:50:12,Wednesday,January,Peak,5.15,16.2,1,Chennai West,Chennai East,Chennai West,Chennai East,13.09175,80.22878,13.01298,80.29385,126.1,0.0,0,126.1,Cash,Auto,4.0,Completed,Synthetic proxy (no real dataset exists for this city)
TRIP001096,Rapido,Chennai,2025-12-28,14:53:00,15:13:48,Sunday,December,Off-Peak,3.98,20.8,1,Chennai East,Chennai North,Chennai East,Chennai North,13.12366,80.22294,13.00311,80.33993,118.96,0.0,60,178.96,Cash,Prime Sedan,4.1,Completed,Synthetic proxy (no real dataset exists for this city)
TRIP001097,Rapido,Chennai,2025-12-27,19:35:00,20:23:18,Saturday,December,Peak,13.9,48.3,4,Chennai North,Chennai East,Chennai North,Chennai East,13.12903,80.18061,12.99591,80.30698,279.25,0.0,0,279.25,UPI,eBike,4.1,Completed,Synthetic proxy (no real dataset exists for this city)
TRIP001098,Rapido,Chennai,2026-02-14,16:17:00,16:19:00,Saturday,February,Off-Peak,0.5,2.0,1,Chennai West,Chennai Central,Chennai West,Chennai Central,12.98184,80.2506,13.03613,80.26592,49.0,0.0,0,49.0,UPI,Prime Sedan,4.9,Completed,Synthetic proxy (no real dataset exists for this city)
TRIP001099,Ola,Chennai,2025-12-09,19:19:00,19:28:48,Tuesday,December,Peak,2.84,9.8,1,Chennai Central,Chennai South,Chennai Central,Chennai South,13.16758,80.19898,13.15816,80.19487,88.78,0.0,0,88.78,Cash,eBike,4.8,Cancelled by Customer,Synthetic proxy (no real dataset exists for this city)
TRIP001100,Uber,Chennai,2026-02-24,10:09:00,10:10:36,Tuesday,February,Off-Peak,0.5,1.6,4,Chennai North,Chennai North,Chennai North,Chennai North,12.99319,80.19864,13.12642,80.21375,48.4,0.0,0,48.4,Cash,eBike,4.4,Completed,Synthetic proxy (no real dataset exists for this city)
TRIP001101,Uber,Chennai,2026-01-14,15:54:00,15:56:42,Wednesday,January,Off-Peak,0.74,2.7,2,Chennai West,Chennai North,Chennai West,Chennai North,13.07543,80.33171,13.11667,80.29633,52.93,0.0,0,52.93,UPI,Bike,4.8,Completed,Synthetic proxy (no real dataset exists for this city)
TRIP001102,Ola,Chennai,2025-12-20,16:03:00,16:25:30,Saturday,December,Off-Peak,3.99,22.5,3,Chennai South,Chennai Central,Chennai South,Chennai Central,13.16717,80.31473,13.00896,80.25739,121.63,0.0,0,121.63,UPI,Prime Sedan,3.6,Cancelled by Customer,Synthetic proxy (no real dataset exists for this city)
TRIP001103,Uber,Chennai,2026-01-10,15:29:00,15:36:24,Saturday,January,Off-Peak,1.55,7.4,4,Chennai South,Chennai East,Chennai South,Chennai East,13.02307,80.29264,13.05802,80.18707,69.7,0.0,0,69.7,UPI,eBike,4.5,Completed,Synthetic proxy (no real dataset exists for this city)
TRIP001104,Rapido,Chennai,2026-02-22,04:07:00,04:44:12,Sunday,February,Off-Peak,8.03,37.2,1,Chennai Central,Chennai Central,Chennai Central,Chennai Central,13.17643,80.21949,13.04464,80.25122,192.16,0.0,0,192.16,UPI,Mini,3.7,Cancelled by Customer,Synthetic proxy (no real dataset exists for this city)
TRIP001105,Uber,Chennai,2026-02-02,01:15:00,01:17:48,Monday,February,Off-Peak,0.55,2.8,3,Chennai Central,Chennai East,Chennai Central,Chennai East,13.13648,80.22219,13.1727,80.36228,50.8,2.54,0,53.34,Cash,Mini,5.0,Completed,Synthetic proxy (no real dataset exists for this city)
TRIP001106,Rapido,Chennai,2026-01-29,04:47:00,05:20:30,Thursday,January,Off-Peak,6.3,33.5,4,Chennai Central,Chennai West,Chennai Central,Chennai West,13.15717,80.20669,13.12796,80.25467,165.85,8.29,40,214.14,UPI,Prime Sedan,3.9,Completed,Synthetic proxy (no real dataset exists for this city)
TRIP001107,Rapido,Chennai,2025-12-18,20:51:00,20:56:48,Thursday,December,Off-Peak,1.16,5.8,1,Chennai North,Chennai East,Chennai North,Chennai East,13.10677,80.23482,13.05489,80.22811,62.62,6.26,0,68.88,UPI,eBike,4.9,Completed,Synthetic proxy (no real dataset exists for this city)
TRIP001108,Uber,Chennai,2025-12-30,05:00:00,05:22:30,Tuesday,December,Off-Peak,5.06,22.5,1,Chennai West,Chennai Central,Chennai West,Chennai Central,13.10645,80.31531,13.14479,80.24233,134.47,0.0,0,134.47,UPI,eBike,4.9,Completed,Synthetic proxy (no real dataset exists for this city)
TRIP001109,Local Fleet,Chennai,2026-01-09,21:58:00,22:34:30,Friday,January,Off-Peak,7.0,36.5,1,Chennai North,Chennai East,Chennai North,Chennai East,13.02055,80.36023,13.02895,80.19084,178.75,0.0,0,178.75,UPI,Prime Sedan,4.3,Completed,Synthetic proxy (no real dataset exists for this city)
TRIP001110,Rapido,Chennai,2026-02-10,21:31:00,21:36:24,Tuesday,February,Off-Peak,1.44,5.4,1,Chennai West,Chennai Central,Chennai West,Chennai Central,13.04915,80.34461,13.15297,80.34603,65.38,0.0,0,65.38,Cash,Bike,4.9,Completed,Synthetic proxy (no real dataset exists for this city)
TRIP001111,Local Fleet,Chennai,2026-02-13,02:48:00,03:55:06,Friday,February,Off-Peak,16.3,67.1,1,Chennai Central,Chennai North,Chennai Central,Chennai North,13.06278,80.18816,13.11019,80.17422,336.25,0.0,0,336.25,UPI,Bike,3.9,Completed,Synthetic proxy (no real dataset exists for this city)
TRIP001112,Local Fleet,Chennai,2025-12-08,18:25:00,18:27:54,Monday,December,Peak,0.7,2.9,1,Chennai East,Chennai South,Chennai East,Chennai South,13.09141,80.23608,13.12938,80.17394,52.75,0.0,0,52.75,UPI,Mini,4.4,Completed,Synthetic proxy (no real dataset exists for this city)
TRIP001113,Rapido,Chennai,2025-12-22,18:25:00,18:27:12,Monday,December,Peak,0.5,2.2,2,Chennai Central,Chennai North,Chennai Central,Chennai North,13.13847,80.27024,13.14992,80.29575,49.3,4.93,0,54.23,Cash,Bike,4.1,Completed,Synthetic proxy (no real dataset exists for this city)
TRIP001114,Ola,Chennai,2026-02-17,19:12:00,20:10:24,Tuesday,February,Peak,15.09,58.4,1,Chennai South,Chennai Central,Chennai South,Chennai Central,13.09156,80.29125,13.09676,80.26905,308.68,0.0,0,308.68,Card,Mini,4.3,Completed,Synthetic proxy (no real dataset exists for this city)
TRIP001115,Local Fleet,Chennai,2025-12-06,12:28:00,12:30:48,Saturday,December,Off-Peak,0.5,2.8,1,Chennai South,Chennai South,Chennai South,Chennai South,13.17063,80.3697,13.17742,80.24032,50.2,0.0,0,50.2,UPI,Auto,3.8,Completed,Synthetic proxy (no real dataset exists for this city)
TRIP001116,Uber,Chennai,2026-01-24,19:26:00,19:31:06,Saturday,January,Peak,1.05,5.1,4,Chennai South,Chennai West,Chennai South,Chennai West,13.01732,80.19934,13.10626,80.22109,60.25,0.0,0,60.25,UPI,eBike,3.7,Completed,Synthetic proxy (no real dataset exists for this city)
TRIP001117,Ola,Chennai,2025-12-21,07:03:00,07:57:00,Sunday,December,Off-Peak,12.02,54.0,2,Chennai North,Chennai South,Chennai North,Chennai South,13.12607,80.36149,13.09414,80.24609,265.24,0.0,0,265.24,Cash,Mini,4.2,Completed,Synthetic proxy (no real dataset exists for this city)
TRIP001118,Uber,Chennai,2025-12-11,07:08:00,07:14:54,Thursday,December,Off-Peak,1.72,6.9,2,Chennai West,Chennai Central,Chennai West,Chennai Central,13.16701,80.29242,13.08289,80.29384,70.99,0.0,0,70.99,Wallet,eBike,4.1,Completed,Synthetic proxy (no real dataset exists for this city)
TRIP001119,Uber,Chennai,2025-12-29,22:52:00,23:07:06,Monday,December,Off-Peak,3.35,15.1,1,Chennai West,Chennai South,Chennai West,Chennai South,13.06151,80.35818,13.17416,80.25975,102.85,0.0,0,102.85,Wallet,Auto,4.0,Completed,Synthetic proxy (no real dataset exists for this city)
TRIP001120,Ola,Chennai,2025-12-11,03:03:00,03:09:54,Thursday,December,Off-Peak,2.14,6.9,1,Chennai Central,Chennai West,Chennai Central,Chennai West,13.03897,80.32709,13.16705,80.18859,76.03,0.0,0,76.03,Card,Prime SUV,4.3,Completed,Synthetic proxy (no real dataset exists for this city)
TRIP001121,Uber,Chennai,2025-12-30,16:20:00,16:22:42,Tuesday,December,Off-Peak,0.61,2.7,1,Chennai South,Chennai East,Chennai South,Chennai East,13.02359,80.27101,13.00824,80.24663,51.37,0.0,0,51.37,UPI,Prime Sedan,4.5,Completed,Synthetic proxy (no real dataset exists for this city)
TRIP001122,Uber,Chennai,2026-01-12,01:49:00,01:57:30,Monday,January,Off-Peak,1.69,8.5,1,Chennai East,Chennai South,Chennai East,Chennai South,13.08149,80.35052,13.05614,80.27373,73.03,0.0,0,73.03,Cash,Bike,3.6,Completed,Synthetic proxy (no real dataset exists for this city)
TRIP001123,Ola,Chennai,2026-02-23,10:56:00,11:33:18,Monday,February,Off-Peak,6.36,37.3,1,Chennai South,Chennai West,Chennai South,Chennai West,13.00555,80.24438,13.06726,80.18659,172.27,0.0,0,172.27,Cash,Prime Sedan,3.9,Completed,Synthetic proxy (no real dataset exists for this city)
TRIP001124,Ola,Chennai,2026-01-22,13:26:00,13:30:06,Thursday,January,Off-Peak,1.33,4.1,1,Chennai West,Chennai Central,Chennai West,Chennai Central,13.03128,80.17267,13.1597,80.19701,62.11,0.0,0,62.11,Card,Bike,3.9,Cancelled by Customer,Synthetic proxy (no real dataset exists for this city)
TRIP001125,Ola,Chennai,2026-01-19,00:58:00,01:20:54,Monday,January,Off-Peak,5.7,22.9,4,Chennai East,Chennai North,Chennai East,Chennai North,13.01419,80.17908,13.01929,80.25758,142.75,0.0,0,142.75,UPI,eBike,4.2,Completed,Synthetic proxy (no real dataset exists for this city)
TRIP001126,Ola,Chennai,2025-12-26,21:18:00,21:29:36,Friday,December,Off-Peak,3.42,11.6,3,Chennai Central,Chennai South,Chennai Central,Chennai South,13.06251,80.32484,13.10145,80.28189,98.44,9.84,0,108.28,UPI,eBike,4.8,Completed,Synthetic proxy (no real dataset exists for this city)
TRIP001127,Local Fleet,Chennai,2025-12-22,02:18:00,02:28:30,Monday,December,Off-Peak,2.0,10.5,3,Chennai Central,Chennai South,Chennai Central,Chennai South,13.15822,80.26229,13.08157,80.35152,79.75,0.0,0,79.75,UPI,Mini,3.9,Completed,Synthetic proxy (no real dataset exists for this city)
TRIP001128,Rapido,Chennai,2026-02-26,03:04:00,03:12:18,Thursday,February,Off-Peak,2.37,8.3,1,Chennai Central,Chennai South,Chennai Central,Chennai South,13.08743,80.26016,13.16715,80.31042,80.89,0.0,0,80.89,Cash,Mini,4.8,Completed,Synthetic proxy (no real dataset exists for this city)
TRIP001129,Rapido,Chennai,2026-02-17,03:34:00,03:44:18,Tuesday,February,Off-Peak,2.08,10.3,1,Chennai East,Chennai Central,Chennai East,Chennai Central,13.05601,80.23546,12.99848,80.17629,80.41,0.0,0,80.41,UPI,Bike,4.4,Cancelled by Driver,Synthetic proxy (no real dataset exists for this city)
TRIP001130,Rapido,Chennai,2026-02-28,19:07:00,19:08:48,Saturday,February,Peak,0.5,1.8,3,Chennai Central,Chennai South,Chennai Central,Chennai South,13.06129,80.36137,13.15105,80.18465,48.7,0.0,0,48.7,UPI,Auto,4.8,Cancelled by Customer,Synthetic proxy (no real dataset exists for this city)
TRIP001131,Rapido,Chennai,2026-01-07,12:22:00,12:46:30,Wednesday,January,Off-Peak,4.47,24.5,2,Chennai West,Chennai South,Chennai West,Chennai South,13.13274,80.34053,13.0898,80.25276,130.39,0.0,0,130.39,Wallet,Auto,4.9,Completed,Synthetic proxy (no real dataset exists for this city)
TRIP001132,Rapido,Chennai,2026-02-01,20:44:00,21:05:30,Sunday,February,Off-Peak,5.05,21.5,2,Chennai West,Chennai South,Chennai West,Chennai South,13.0122,80.18797,13.08629,80.32264,132.85,13.28,0,146.13,UPI,Mini,3.8,Completed,Synthetic proxy (no real dataset exists for this city)
TRIP001133,Ola,Chennai,2026-01-01,18:53:00,19:11:42,Thursday,January,Peak,4.51,18.7,1,Chennai North,Chennai Central,Chennai North,Chennai Central,13.02528,80.32171,13.00422,80.19997,122.17,0.0,0,122.17,UPI,eBike,4.5,Completed,Synthetic proxy (no real dataset exists for this city)
TRIP001134,Ola,Chennai,2025-12-07,22:38:00,22:54:18,Sunday,December,Off-Peak,3.72,16.3,2,Chennai East,Chennai North,Chennai East,Chennai North,12.9918,80.33967,13.15202,80.33924,109.09,0.0,0,109.09,Card,Mini,4.2,Cancelled by Driver,Synthetic proxy (no real dataset exists for this city)
TRIP001135,Rapido,Chennai,2026-02-03,04:43:00,04:50:30,Tuesday,February,Off-Peak,2.46,7.5,3,Chennai East,Chennai West,Chennai East,Chennai West,13.0525,80.26813,13.14348,80.22993,80.77,0.0,0,80.77,Cash,Prime SUV,4.9,Completed,Synthetic proxy (no real dataset exists for this city)
TRIP001136,Ola,Chennai,2026-02-19,22:07:00,22:14:06,Thursday,February,Off-Peak,1.53,7.1,1,Chennai Central,Chennai Central,Chennai Central,Chennai Central,13.03567,80.19765,13.03313,80.3416,69.01,0.0,0,69.01,Cash,eBike,4.7,Completed,Synthetic proxy (no real dataset exists for this city)
TRIP001137,Ola,Chennai,2026-01-04,13:23:00,13:30:18,Sunday,January,Off-Peak,1.62,7.3,1,Chennai West,Chennai North,Chennai West,Chennai North,13.08301,80.31201,13.10705,80.28418,70.39,0.0,0,70.39,UPI,Prime SUV,4.0,Completed,Synthetic proxy (no real dataset exists for this city)
TRIP001138,Ola,Chennai,2026-02-11,22:01:00,22:03:30,Wednesday,February,Off-Peak,0.5,2.5,3,Chennai South,Chennai Central,Chennai South,Chennai Central,13.16781,80.30963,13.06226,80.33444,49.75,0.0,0,49.75,UPI,Prime SUV,4.2,Cancelled by Driver,Synthetic proxy (no real dataset exists for this city)
TRIP001139,Local Fleet,Chennai,2026-01-16,16:00:00,16:08:00,Friday,January,Off-Peak,1.94,8.0,3,Chennai North,Chennai West,Chennai North,Chennai West,13.0542,80.17906,13.0031,80.2415,75.28,0.0,40,115.28,Wallet,Auto,3.5,Completed,Synthetic proxy (no real dataset exists for this city)
TRIP001140,Rapido,Chennai,2026-02-08,02:34:00,02:49:06,Sunday,February,Off-Peak,2.53,15.1,1,Chennai East,Chennai North,Chennai East,Chennai North,13.08684,80.36141,13.07725,80.23316,93.01,4.65,0,97.66,UPI,Bike,4.4,Completed,Synthetic proxy (no real dataset exists for this city)
TRIP001141,Local Fleet,Chennai,2026-01-15,03:13:00,03:50:06,Thursday,January,Off-Peak,6.28,37.1,1,Chennai Central,Chennai Central,Chennai Central,Chennai Central,13.02629,80.23805,13.00597,80.21495,171.01,17.1,0,188.11,UPI,eBike,4.1,Completed,Synthetic proxy (no real dataset exists for this city)
TRIP001142,Rapido,Chennai,2026-01-07,20:06:00,20:21:18,Wednesday,January,Off-Peak,3.42,15.3,1,Chennai South,Chennai South,Chennai South,Chennai South,13.04839,80.31724,13.09248,80.23285,103.99,10.4,0,114.39,UPI,Auto,4.8,Completed,Synthetic proxy (no real dataset exists for this city)
TRIP001143,Uber,Chennai,2026-02-27,11:29:00,11:42:18,Friday,February,Off-Peak,2.52,13.3,1,Chennai West,Chennai South,Chennai West,Chennai South,13.08624,80.36329,13.04455,80.2054,90.19,9.02,0,99.21,Card,Mini,3.9,Completed,Synthetic proxy (no real dataset exists for this city)
TRIP001144,Rapido,Chennai,2025-12-09,10:19:00,10:22:36,Tuesday,December,Off-Peak,1.03,3.6,1,Chennai North,Chennai West,Chennai North,Chennai West,13.14045,80.3539,13.09186,80.36324,57.76,0.0,0,57.76,UPI,Prime Sedan,3.8,Completed,Synthetic proxy (no real dataset exists for this city)
TRIP001145,Uber,Chennai,2025-12-14,09:16:00,09:25:18,Sunday,December,Peak,1.77,9.3,4,Chennai West,Chennai Central,Chennai West,Chennai Central,12.99027,80.30338,13.13821,80.25895,75.19,0.0,0,75.19,UPI,eBike,3.5,Completed,Synthetic proxy (no real dataset exists for this city)
TRIP001146,Uber,Chennai,2025-12-02,21:27:00,21:41:12,Tuesday,December,Off-Peak,3.08,14.2,2,Chennai South,Chennai North,Chennai South,Chennai North,13.14463,80.24731,13.11698,80.31332,98.26,0.0,0,98.26,Cash,Prime SUV,4.5,Cancelled by Customer,Synthetic proxy (no real dataset exists for this city)
TRIP001147,Uber,Chennai,2026-02-05,01:45:00,01:46:48,Thursday,February,Off-Peak,0.5,1.8,1,Chennai West,Chennai South,Chennai West,Chennai South,12.99661,80.31522,13.14877,80.25117,48.7,0.0,0,48.7,UPI,Auto,4.5,Cancelled by Driver,Synthetic proxy (no real dataset exists for this city)
TRIP001148,Local Fleet,Chennai,2026-02-25,09:12:00,09:24:54,Wednesday,February,Peak,2.92,12.9,2,Chennai North,Chennai North,Chennai North,Chennai North,13.11606,80.29494,13.16489,80.29907,94.39,0.0,0,94.39,Cash,Prime Sedan,3.9,Completed,Synthetic proxy (no real dataset exists for this city)
TRIP001149,Rapido,Chennai,2026-01-07,11:48:00,12:00:12,Wednesday,January,Off-Peak,4.02,12.2,2,Chennai East,Chennai West,Chennai East,Chennai West,13.08648,80.27264,13.17842,80.17425,106.54,0.0,0,106.54,UPI,Mini,4.7,Completed,Synthetic proxy (no real dataset exists for this city)
TRIP001150,Local Fleet,Chennai,2026-02-07,10:16:00,11:22:18,Saturday,February,Off-Peak,13.16,66.3,4,Chennai East,Chennai North,Chennai East,Chennai North,13.00156,80.24939,13.17346,80.20371,297.37,0.0,0,297.37,UPI,Bike,5.0,Completed,Synthetic proxy (no real dataset exists for this city)
TRIP001151,Local Fleet,Chennai,2026-01-04,01:45:00,01:47:42,Sunday,January,Off-Peak,0.5,2.7,4,Chennai West,Chennai North,Chennai West,Chennai North,13.06882,80.26023,13.04232,80.29659,50.05,2.5,0,52.55,UPI,eBike,3.7,Completed,Synthetic proxy (no real dataset exists for this city)
TRIP001152,Rapido,Chennai,2026-01-26,18:31:00,18:36:12,Monday,January,Peak,1.07,5.2,1,Chennai South,Chennai East,Chennai South,Chennai East,13.02769,80.2332,13.03794,80.32613,60.64,0.0,0,60.64,UPI,Bike,3.8,Completed,Synthetic proxy (no real dataset exists for this city)
TRIP001153,Uber,Chennai,2025-12-02,13:16:00,13:31:12,Tuesday,December,Off-Peak,4.9,15.2,1,Chennai North,Chennai West,Chennai North,Chennai West,13.0569,80.19046,13.0767,80.20523,121.6,0.0,0,121.6,UPI,Bike,4.7,Completed,Synthetic proxy (no real dataset exists for this city)
TRIP001154,Ola,Chennai,2026-01-06,04:54:00,04:56:36,Tuesday,January,Off-Peak,0.5,2.6,4,Chennai South,Chennai North,Chennai South,Chennai North,13.1175,80.27282,13.00906,80.26981,49.9,0.0,0,49.9,Card,Auto,4.4,Completed,Synthetic proxy (no real dataset exists for this city)
TRIP001155,Rapido,Chennai,2025-12-21,21:06:00,21:08:24,Sunday,December,Off-Peak,0.5,2.4,1,Chennai Central,Chennai North,Chennai Central,Chennai North,13.15731,80.34013,13.13642,80.36806,49.6,0.0,0,49.6,UPI,Mini,4.2,Completed,Synthetic proxy (no real dataset exists for this city)
TRIP001156,Rapido,Chennai,2026-02-26,13:46:00,13:59:06,Thursday,February,Off-Peak,2.71,13.1,1,Chennai East,Chennai West,Chennai East,Chennai West,13.04968,80.26561,13.10893,80.27124,92.17,0.0,0,92.17,UPI,Bike,4.2,Completed,Synthetic proxy (no real dataset exists for this city)
TRIP001157,Local Fleet,Chennai,2025-12-16,05:47:00,06:16:24,Tuesday,December,Off-Peak,8.57,29.4,4,Chennai East,Chennai East,Chennai East,Chennai East,13.04426,80.33697,12.99955,80.35281,186.94,0.0,0,186.94,Card,Auto,4.6,Cancelled by Driver,Synthetic proxy (no real dataset exists for this city)
TRIP001158,Rapido,Chennai,2026-02-06,02:44:00,02:46:36,Friday,February,Off-Peak,0.5,2.6,1,Chennai East,Chennai East,Chennai East,Chennai East,13.16652,80.32841,13.13716,80.32267,49.9,0.0,0,49.9,Cash,Mini,4.7,Completed,Synthetic proxy (no real dataset exists for this city)
TRIP001159,Local Fleet,Chennai,2025-12-28,17:49:00,18:13:36,Sunday,December,Off-Peak,8.19,24.6,1,Chennai Central,Chennai East,Chennai Central,Chennai East,13.01217,80.18932,13.08732,80.29056,175.18,0.0,0,175.18,UPI,eBike,3.7,Completed,Synthetic proxy (no real dataset exists for this city)
TRIP001160,Ola,Chennai,2025-12-31,03:56:00,04:15:54,Wednesday,December,Off-Peak,3.6,19.9,1,Chennai South,Chennai North,Chennai South,Chennai North,13.1639,80.22301,13.02927,80.20323,113.05,5.65,0,118.7,UPI,Prime SUV,4.6,Completed,Synthetic proxy (no real dataset exists for this city)
TRIP001161,Uber,Chennai,2025-12-24,00:33:00,01:06:24,Wednesday,December,Off-Peak,6.25,33.4,1,Chennai North,Chennai Central,Chennai North,Chennai Central,13.09203,80.26269,13.07196,80.28071,165.1,0.0,0,165.1,UPI,Prime Sedan,4.0,Cancelled by Driver,Synthetic proxy (no real dataset exists for this city)
TRIP001162,Uber,Chennai,2026-02-26,23:44:00,00:03:06,Thursday,February,Off-Peak,4.75,19.1,1,Chennai Central,Chennai North,Chennai Central,Chennai North,13.16901,80.26811,13.09529,80.35051,125.65,12.57,0,138.22,Card,Bike,4.9,Completed,Synthetic proxy (no real dataset exists for this city)
TRIP001163,Local Fleet,Chennai,2025-12-31,01:40:00,01:49:54,Wednesday,December,Off-Peak,2.67,9.9,2,Chennai East,Chennai West,Chennai East,Chennai West,12.99635,80.36501,12.98785,80.22395,86.89,0.0,0,86.89,Cash,Bike,3.7,Completed,Synthetic proxy (no real dataset exists for this city)
TRIP001164,Ola,Chennai,2025-12-29,17:18:00,17:49:06,Monday,December,Off-Peak,5.98,31.1,4,Chennai South,Chennai West,Chennai South,Chennai West,13.01836,80.20596,13.14568,80.20978,158.41,0.0,0,158.41,UPI,Auto,3.5,Cancelled by Driver,Synthetic proxy (no real dataset exists for this city)
TRIP001165,Local Fleet,Chennai,2026-02-04,10:08:00,10:11:48,Wednesday,February,Off-Peak,0.7,3.8,1,Chennai South,Chennai South,Chennai South,Chennai South,13.14447,80.25121,13.10493,80.18927,54.1,0.0,0,54.1,Card,Auto,4.7,Completed,Synthetic proxy (no real dataset exists for this city)
TRIP001166,Rapido,Chennai,2026-01-29,23:09:00,23:17:48,Thursday,January,Off-Peak,1.81,8.8,1,Chennai Central,Chennai Central,Chennai Central,Chennai Central,13.16314,80.34489,12.99391,80.18623,74.92,3.75,0,78.67,Cash,eBike,4.0,Completed,Synthetic proxy (no real dataset exists for this city)
TRIP001167,Local Fleet,Chennai,2026-02-21,19:21:00,19:27:48,Saturday,February,Peak,1.65,6.8,2,Chennai Central,Chennai Central,Chennai Central,Chennai Central,13.09555,80.19567,13.11742,80.17362,70.0,0.0,0,70.0,Card,Bike,4.5,Completed,Synthetic proxy (no real dataset exists for this city)
TRIP001168,Uber,Chennai,2026-02-26,16:26:00,16:48:06,Thursday,February,Off-Peak,5.95,22.1,1,Chennai North,Chennai North,Chennai North,Chennai North,13.06037,80.29491,13.05964,80.17827,144.55,14.46,0,159.01,Cash,Prime Sedan,4.1,Completed,Synthetic proxy (no real dataset exists for this city)
TRIP001169,Uber,Chennai,2026-01-21,01:09:00,01:14:24,Wednesday,January,Off-Peak,1.19,5.4,4,Chennai North,Chennai East,Chennai North,Chennai East,13.0229,80.25924,13.08761,80.26232,62.38,0.0,0,62.38,UPI,Prime SUV,4.9,Completed,Synthetic proxy (no real dataset exists for this city)
TRIP001170,Local Fleet,Chennai,2026-02-20,11:47:00,13:24:24,Friday,February,Off-Peak,17.79,97.4,1,Chennai Central,Chennai West,Chennai Central,Chennai West,13.07309,80.36576,13.02938,80.25219,399.58,0.0,0,399.58,Cash,Mini,4.6,Completed,Synthetic proxy (no real dataset exists for this city)
TRIP001171,Rapido,Chennai,2025-12-23,05:40:00,05:50:18,Tuesday,December,Off-Peak,2.09,10.3,1,Chennai East,Chennai East,Chennai East,Chennai East,13.08607,80.28697,13.13521,80.26569,80.53,0.0,0,80.53,UPI,Prime Sedan,3.7,Completed,Synthetic proxy (no real dataset exists for this city)
TRIP001172,Rapido,Chennai,2026-01-26,07:19:00,07:24:54,Monday,January,Off-Peak,1.1,5.9,2,Chennai East,Chennai Central,Chennai East,Chennai Central,13.13231,80.24214,13.00145,80.27112,62.05,0.0,0,62.05,UPI,eBike,3.9,Completed,Synthetic proxy (no real dataset exists for this city)
TRIP001173,Local Fleet,Chennai,2026-02-07,04:19:00,05:20:24,Saturday,February,Off-Peak,11.07,61.4,4,Chennai South,Chennai South,Chennai South,Chennai South,13.09783,80.19742,13.09116,80.32508,264.94,0.0,60,324.94,UPI,Prime Sedan,3.7,Cancelled by Customer,Synthetic proxy (no real dataset exists for this city)
TRIP001174,Local Fleet,Chennai,2026-02-24,19:56:00,20:21:36,Tuesday,February,Peak,4.78,25.6,4,Chennai West,Chennai North,Chennai West,Chennai North,13.04238,80.2614,13.1579,80.19948,135.76,0.0,0,135.76,Card,Bike,3.7,Completed,Synthetic proxy (no real dataset exists for this city)
TRIP001175,Rapido,Chennai,2026-02-14,21:22:00,21:29:06,Saturday,February,Off-Peak,1.94,7.1,1,Chennai West,Chennai West,Chennai West,Chennai West,13.17733,80.28161,13.13678,80.21236,73.93,0.0,0,73.93,UPI,Auto,3.6,Incomplete,Synthetic proxy (no real dataset exists for this city)
TRIP001176,Uber,Chennai,2026-02-09,17:13:00,17:15:54,Monday,February,Off-Peak,0.5,2.9,1,Chennai North,Chennai West,Chennai North,Chennai West,13.06402,80.27901,13.07189,80.17463,50.35,0.0,0,50.35,Card,Auto,5.0,Cancelled by Driver,Synthetic proxy (no real dataset exists for this city)
TRIP001177,Local Fleet,Chennai,2025-12-27,15:33:00,15:36:24,Saturday,December,Off-Peak,0.68,3.4,1,Chennai Central,Chennai South,Chennai Central,Chennai South,13.00986,80.33725,13.05196,80.24296,53.26,5.33,0,58.59,UPI,Prime Sedan,3.7,Completed,Synthetic proxy (no real dataset exists for this city)
TRIP001178,Rapido,Chennai,2026-02-03,17:40:00,17:49:06,Tuesday,February,Off-Peak,2.47,9.1,2,Chennai West,Chennai East,Chennai West,Chennai East,13.08095,80.17366,13.14321,80.26539,83.29,0.0,0,83.29,UPI,eBike,3.7,Completed,Synthetic proxy (no real dataset exists for this city)
TRIP001179,Rapido,Chennai,2026-01-07,16:25:00,17:23:36,Wednesday,January,Off-Peak,9.99,58.6,1,Chennai Central,Chennai East,Chennai Central,Chennai East,13.04732,80.35983,13.17249,80.33836,247.78,0.0,0,247.78,Cash,Prime SUV,4.7,Completed,Synthetic proxy (no real dataset exists for this city)
TRIP001180,Ola,Chennai,2025-12-03,03:01:00,03:02:48,Wednesday,December,Off-Peak,0.5,1.8,4,Chennai South,Chennai West,Chennai South,Chennai West,13.03658,80.2973,13.09769,80.31737,48.7,4.87,0,53.57,Cash,eBike,3.6,Cancelled by Driver,Synthetic proxy (no real dataset exists for this city)
TRIP001181,Ola,Chennai,2026-01-23,18:20:00,18:21:54,Friday,January,Peak,0.5,1.9,3,Chennai West,Chennai North,Chennai West,Chennai North,13.02176,80.31993,12.9877,80.24928,48.85,2.44,0,51.29,Wallet,Mini,3.6,Completed,Synthetic proxy (no real dataset exists for this city)
TRIP001182,Local Fleet,Chennai,2026-02-13,23:59:00,00:00:48,Friday,February,Off-Peak,0.5,1.8,1,Chennai Central,Chennai East,Chennai Central,Chennai East,13.09114,80.26048,13.15111,80.32347,48.7,0.0,0,48.7,Cash,Auto,4.5,Completed,Synthetic proxy (no real dataset exists for this city)
TRIP001183,Ola,Chennai,2025-12-27,08:24:00,08:36:18,Saturday,December,Peak,2.16,12.3,3,Chennai West,Chennai North,Chennai West,Chennai North,13.05075,80.33069,13.01343,80.28974,84.37,0.0,0,84.37,UPI,Mini,4.6,Completed,Synthetic proxy (no real dataset exists for this city)
TRIP001184,Ola,Chennai,2026-02-03,03:54:00,03:59:18,Tuesday,February,Off-Peak,0.95,5.3,4,Chennai North,Chennai Central,Chennai North,Chennai Central,13.17171,80.24844,13.1046,80.28057,59.35,5.94,0,65.29,UPI,Prime SUV,4.7,Completed,Synthetic proxy (no real dataset exists for this city)
TRIP001185,Ola,Chennai,2026-02-10,13:32:00,13:45:06,Tuesday,February,Off-Peak,3.48,13.1,3,Chennai East,Chennai West,Chennai East,Chennai West,13.03798,80.24285,12.99105,80.27473,101.41,0.0,0,101.41,UPI,Prime Sedan,4.8,Cancelled by Driver,Synthetic proxy (no real dataset exists for this city)
TRIP001186,Local Fleet,Chennai,2026-01-07,22:06:00,22:09:48,Wednesday,January,Off-Peak,1.16,3.8,1,Chennai East,Chennai Central,Chennai East,Chennai Central,13.09039,80.3206,13.13689,80.19725,59.62,0.0,0,59.62,UPI,Prime SUV,3.6,Completed,Synthetic proxy (no real dataset exists for this city)
TRIP001187,Uber,Chennai,2025-12-08,18:35:00,18:51:00,Monday,December,Peak,4.16,16.0,1,Chennai East,Chennai South,Chennai East,Chennai South,13.00236,80.21299,12.98404,80.18908,113.92,0.0,0,113.92,UPI,Auto,3.9,Completed,Synthetic proxy (no real dataset exists for this city)
TRIP001188,Ola,Chennai,2026-02-17,05:21:00,05:29:06,Tuesday,February,Off-Peak,1.38,8.1,1,Chennai North,Chennai East,Chennai North,Chennai East,13.14819,80.23551,13.17724,80.24697,68.71,0.0,0,68.71,UPI,Bike,4.4,Completed,Synthetic proxy (no real dataset exists for this city)
TRIP001189,Ola,Chennai,2025-12-06,12:29:00,12:30:48,Saturday,December,Off-Peak,0.58,1.8,3,Chennai South,Chennai North,Chennai South,Chennai North,13.11794,80.35539,13.14462,80.26902,49.66,0.0,0,49.66,UPI,Mini,4.5,Completed,Synthetic proxy (no real dataset exists for this city)
TRIP001190,Uber,Chennai,2025-12-18,10:09:00,10:10:54,Thursday,December,Off-Peak,0.5,1.9,1,Chennai North,Chennai Central,Chennai North,Chennai Central,13.04126,80.26376,13.1167,80.1918,48.85,0.0,0,48.85,UPI,Mini,4.5,Completed,Synthetic proxy (no real dataset exists for this city)
TRIP001191,Ola,Chennai,2026-01-13,12:06:00,12:16:54,Tuesday,January,Off-Peak,2.74,10.9,2,Chennai North,Chennai North,Chennai North,Chennai North,13.13807,80.23592,13.09255,80.26847,89.23,8.92,60,158.15,Wallet,eBike,4.7,Cancelled by Customer,Synthetic proxy (no real dataset exists for this city)
TRIP001192,Ola,Chennai,2026-02-26,14:49:00,15:20:00,Thursday,February,Off-Peak,5.66,31.0,3,Chennai East,Chennai East,Chennai East,Chennai East,13.17464,80.27626,13.12634,80.24012,154.42,0.0,0,154.42,Cash,Prime Sedan,3.5,Completed,Synthetic proxy (no real dataset exists for this city)
TRIP001193,Uber,Chennai,2026-01-26,09:55:00,11:41:24,Monday,January,Peak,18.65,106.4,2,Chennai West,Chennai South,Chennai West,Chennai South,13.16078,80.19992,13.13029,80.28473,423.4,0.0,0,423.4,Wallet,Prime SUV,4.8,Completed,Synthetic proxy (no real dataset exists for this city)
TRIP001194,Local Fleet,Chennai,2026-02-10,00:39:00,00:56:42,Tuesday,February,Off-Peak,3.48,17.7,1,Chennai Central,Chennai East,Chennai Central,Chennai East,13.00283,80.24188,13.14655,80.18642,108.31,0.0,0,108.31,UPI,Mini,3.9,Completed,Synthetic proxy (no real dataset exists for this city)
TRIP001195,Rapido,Chennai,2026-02-16,06:05:00,06:07:48,Monday,February,Off-Peak,0.5,2.8,4,Chennai Central,Chennai Central,Chennai Central,Chennai Central,13.05856,80.17721,13.06038,80.29842,50.2,2.51,0,52.71,Cash,Prime Sedan,4.5,Completed,Synthetic proxy (no real dataset exists for this city)
TRIP001196,Rapido,Chennai,2026-01-26,01:10:00,01:34:54,Monday,January,Off-Peak,5.59,24.9,2,Chennai East,Chennai South,Chennai East,Chennai South,13.17761,80.21852,13.00771,80.24472,144.43,0.0,0,144.43,Wallet,eBike,4.2,Completed,Synthetic proxy (no real dataset exists for this city)
TRIP001197,Rapido,Chennai,2026-01-24,20:19:00,20:33:12,Saturday,January,Off-Peak,3.98,14.2,1,Chennai Central,Chennai East,Chennai Central,Chennai East,13.12672,80.19977,13.04984,80.21334,109.06,5.45,0,114.51,UPI,Prime Sedan,4.6,Completed,Synthetic proxy (no real dataset exists for this city)
TRIP001198,Uber,Chennai,2026-01-31,03:11:00,03:13:12,Saturday,January,Off-Peak,0.68,2.2,3,Chennai North,Chennai East,Chennai North,Chennai East,13.00147,80.32328,13.13117,80.22788,51.46,0.0,0,51.46,UPI,eBike,3.6,Completed,Synthetic proxy (no real dataset exists for this city)
TRIP001199,Local Fleet,Chennai,2025-12-18,19:15:00,19:23:06,Thursday,December,Peak,1.65,8.1,1,Chennai Central,Chennai Central,Chennai Central,Chennai Central,13.04846,80.34377,13.14924,80.30486,71.95,7.2,0,79.15,UPI,Auto,4.6,Completed,Synthetic proxy (no real dataset exists for this city)
TRIP001200,Local Fleet,Chennai,2026-01-07,22:27:00,22:29:36,Wednesday,January,Off-Peak,0.59,2.6,3,Chennai North,Chennai Central,Chennai North,Chennai Central,13.16781,80.26408,13.10448,80.30002,50.98,0.0,0,50.98,UPI,Auto,3.6,Completed,Synthetic proxy (no real dataset exists for this city)
TRIP001201,Ola,Kolkata,2026-02-09,05:14:00,05:16:24,Monday,February,Off-Peak,0.5,2.4,4,Kolkata South,Kolkata West,Kolkata South,Kolkata West,22.48687,88.36949,22.53119,88.44934,49.6,0.0,0,49.6,Cash,Prime SUV,4.4,Completed,Synthetic proxy (no real dataset exists for this city)
TRIP001202,Local Fleet,Kolkata,2026-02-09,05:07:00,05:35:00,Monday,February,Off-Peak,8.22,28.0,3,Kolkata Central,Kolkata North,Kolkata Central,Kolkata North,22.52128,88.45689,22.62134,88.3564,180.64,9.03,0,189.67,UPI,eBike,4.4,Completed,Synthetic proxy (no real dataset exists for this city)
TRIP001203,Ola,Kolkata,2025-12-05,10:21:00,10:31:54,Friday,December,Off-Peak,3.12,10.9,3,Kolkata West,Kolkata West,Kolkata West,Kolkata West,22.65662,88.30466,22.49429,88.42604,93.79,0.0,0,93.79,Cash,Auto,4.7,Completed,Synthetic proxy (no real dataset exists for this city)
TRIP001204,Rapido,Kolkata,2025-12-06,21:41:00,21:51:06,Saturday,December,Off-Peak,2.01,10.1,4,Kolkata South,Kolkata North,Kolkata South,Kolkata North,22.64566,88.43246,22.64287,88.4319,79.27,3.96,0,83.23,Cash,Prime SUV,4.7,Cancelled by Driver,Synthetic proxy (no real dataset exists for this city)
TRIP001205,Ola,Kolkata,2025-12-17,15:31:00,15:34:48,Wednesday,December,Off-Peak,0.87,3.8,1,Kolkata Central,Kolkata East,Kolkata Central,Kolkata East,22.4718,88.36873,22.5183,88.43345,56.14,2.81,0,58.95,UPI,Mini,3.7,Cancelled by Driver,Synthetic proxy (no real dataset exists for this city)
TRIP001206,Local Fleet,Kolkata,2025-12-26,14:44:00,14:57:12,Friday,December,Off-Peak,2.79,13.2,3,Kolkata Central,Kolkata Central,Kolkata Central,Kolkata Central,22.55414,88.26366,22.48582,88.33702,93.28,0.0,0,93.28,UPI,Prime Sedan,5.0,Cancelled by Customer,Synthetic proxy (no real dataset exists for this city)
TRIP001207,Uber,Kolkata,2026-01-28,00:35:00,00:43:06,Wednesday,January,Off-Peak,1.82,8.1,3,Kolkata West,Kolkata North,Kolkata West,Kolkata North,22.62091,88.39939,22.64323,88.39683,73.99,0.0,60,133.99,UPI,Auto,4.2,Completed,Synthetic proxy (no real dataset exists for this city)
TRIP001208,Local Fleet,Kolkata,2026-02-11,11:43:00,11:44:54,Wednesday,February,Off-Peak,0.5,1.9,4,Kolkata West,Kolkata North,Kolkata West,Kolkata North,22.58545,88.38717,22.61622,88.273,48.85,4.89,60,113.74,Card,Prime Sedan,4.8,Completed,Synthetic proxy (no real dataset exists for this city)
TRIP001209,Uber,Kolkata,2026-02-04,15:52:00,15:53:42,Wednesday,February,Off-Peak,0.5,1.7,1,Kolkata East,Kolkata Central,Kolkata East,Kolkata Central,22.63097,88.35846,22.54205,88.35227,48.55,0.0,0,48.55,UPI,Bike,3.5,Completed,Synthetic proxy (no real dataset exists for this city)
TRIP001210,Rapido,Kolkata,2025-12-16,11:59:00,12:41:06,Tuesday,December,Off-Peak,13.97,42.1,1,Kolkata West,Kolkata North,Kolkata West,Kolkata North,22.58469,88.27946,22.49812,88.41786,270.79,27.08,0,297.87,UPI,Prime SUV,5.0,Completed,Synthetic proxy (no real dataset exists for this city)
TRIP001211,Ola,Kolkata,2026-01-25,11:43:00,12:09:00,Sunday,January,Off-Peak,5.26,26.0,1,Kolkata South,Kolkata South,Kolkata South,Kolkata South,22.47309,88.45967,22.60828,88.42653,142.12,0.0,0,142.12,UPI,Prime Sedan,3.7,Completed,Synthetic proxy (no real dataset exists for this city)
TRIP001212,Uber,Kolkata,2025-12-21,08:16:00,08:23:48,Sunday,December,Peak,1.57,7.8,1,Kolkata North,Kolkata Central,Kolkata North,Kolkata Central,22.60307,88.42662,22.58456,88.43413,70.54,7.05,0,77.59,UPI,Prime SUV,4.4,Completed,Synthetic proxy (no real dataset exists for this city)
TRIP001213,Rapido,Kolkata,2026-02-26,02:55:00,02:59:12,Thursday,February,Off-Peak,0.74,4.2,2,Kolkata South,Kolkata South,Kolkata South,Kolkata South,22.64268,88.3525,22.56569,88.38549,55.18,5.52,0,60.7,UPI,Bike,4.0,Completed,Synthetic proxy (no real dataset exists for this city)
TRIP001214,Uber,Kolkata,2025-12-13,16:50:00,17:20:06,Saturday,December,Off-Peak,8.81,30.1,1,Kolkata East,Kolkata East,Kolkata East,Kolkata East,22.61946,88.4073,22.61692,88.42017,190.87,19.09,0,209.96,Wallet,eBike,5.0,Cancelled by Driver,Synthetic proxy (no real dataset exists for this city)
TRIP001215,Ola,Kolkata,2025-12-05,17:59:00,18:12:42,Friday,December,Off-Peak,3.67,13.7,2,Kolkata South,Kolkata East,Kolkata South,Kolkata East,22.56269,88.45238,22.61542,88.45507,104.59,0.0,0,104.59,Wallet,Prime SUV,3.6,Completed,Synthetic proxy (no real dataset exists for this city)
TRIP001216,Local Fleet,Kolkata,2026-01-09,05:44:00,05:59:30,Friday,January,Off-Peak,3.47,15.5,3,Kolkata South,Kolkata East,Kolkata South,Kolkata East,22.59214,88.42104,22.63343,88.42981,104.89,0.0,0,104.89,UPI,Auto,3.8,Completed,Synthetic proxy (no real dataset exists for this city)
TRIP001217,Rapido,Kolkata,2026-02-14,09:40:00,09:44:06,Saturday,February,Peak,0.93,4.1,1,Kolkata Central,Kolkata West,Kolkata Central,Kolkata West,22.50108,88.35201,22.53822,88.40897,57.31,5.73,40,103.04,UPI,Bike,3.9,Completed,Synthetic proxy (no real dataset exists for this city)
TRIP001218,Local Fleet,Kolkata,2026-01-10,04:06:00,04:22:30,Saturday,January,Off-Peak,4.12,16.5,3,Kolkata West,Kolkata Central,Kolkata West,Kolkata Central,22.50552,88.37993,22.49363,88.40904,114.19,0.0,0,114.19,Wallet,Prime Sedan,3.9,Completed,Synthetic proxy (no real dataset exists for this city)
TRIP001219,Rapido,Kolkata,2025-12-23,22:26:00,22:50:18,Tuesday,December,Off-Peak,4.25,24.3,1,Kolkata East,Kolkata North,Kolkata East,Kolkata North,22.63156,88.41248,22.59128,88.44751,127.45,0.0,0,127.45,Cash,Prime Sedan,3.6,Completed,Synthetic proxy (no real dataset exists for this city)
TRIP001220,Uber,Kolkata,2026-02-28,00:05:00,00:36:00,Saturday,February,Off-Peak,8.5,31.0,4,Kolkata Central,Kolkata Central,Kolkata Central,Kolkata Central,22.66098,88.35854,22.57498,88.37972,188.5,0.0,0,188.5,Card,Bike,3.7,Cancelled by Driver,Synthetic proxy (no real dataset exists for this city)
TRIP001221,Ola,Kolkata,2025-12-02,10:23:00,10:39:12,Tuesday,December,Off-Peak,4.16,16.2,1,Kolkata North,Kolkata North,Kolkata North,Kolkata North,22.49656,88.36785,22.61962,88.29073,114.22,0.0,0,114.22,UPI,eBike,4.8,Completed,Synthetic proxy (no real dataset exists for this city)
TRIP001222,Uber,Kolkata,2026-02-17,00:56:00,00:58:24,Tuesday,February,Off-Peak,0.58,2.4,1,Kolkata North,Kolkata North,Kolkata North,Kolkata North,22.5419,88.33154,22.57059,88.26673,50.56,0.0,0,50.56,Wallet,Auto,4.0,Completed,Synthetic proxy (no real dataset exists for this city)
TRIP001223,Ola,Kolkata,2026-02-21,05:43:00,05:46:18,Saturday,February,Off-Peak,0.72,3.3,1,Kolkata South,Kolkata South,Kolkata South,Kolkata South,22.61374,88.32623,22.4929,88.35221,53.59,0.0,0,53.59,UPI,Prime SUV,4.0,Completed,Synthetic proxy (no real dataset exists for this city)
TRIP001224,Uber,Kolkata,2026-02-05,04:49:00,04:51:12,Thursday,February,Off-Peak,0.54,2.2,1,Kolkata North,Kolkata West,Kolkata North,Kolkata West,22.50492,88.39002,22.66135,88.41665,49.78,0.0,0,49.78,UPI,Prime Sedan,4.7,Cancelled by Customer,Synthetic proxy (no real dataset exists for this city)
TRIP001225,Uber,Kolkata,2026-01-08,12:19:00,12:21:36,Thursday,January,Off-Peak,0.5,2.6,1,Kolkata Central,Kolkata Central,Kolkata Central,Kolkata Central,22.60879,88.38073,22.63217,88.4372,49.9,0.0,0,49.9,Card,eBike,3.9,Completed,Synthetic proxy (no real dataset exists for this city)
TRIP001226,Ola,Kolkata,2026-01-05,04:14:00,04:34:24,Monday,January,Off-Peak,3.96,20.4,4,Kolkata East,Kolkata South,Kolkata East,Kolkata South,22.62984,88.29852,22.54048,88.30338,118.12,0.0,0,118.12,UPI,Mini,3.8,Completed,Synthetic proxy (no real dataset exists for this city)
TRIP001227,Rapido,Kolkata,2026-01-15,02:28:00,03:04:06,Thursday,January,Off-Peak,7.3,36.1,4,Kolkata East,Kolkata Central,Kolkata East,Kolkata Central,22.5967,88.28821,22.66755,88.27416,181.75,0.0,0,181.75,Wallet,Auto,4.8,Completed,Synthetic proxy (no real dataset exists for this city)
TRIP001228,Ola,Kolkata,2026-02-02,16:06:00,16:17:18,Monday,February,Off-Peak,2.25,11.3,1,Kolkata Central,Kolkata North,Kolkata Central,Kolkata North,22.65113,88.2611,22.66826,88.26719,83.95,0.0,60,143.95,UPI,Bike,4.2,Completed,Synthetic proxy (no real dataset exists for this city)
TRIP001229,Uber,Kolkata,2026-02-14,10:53:00,10:54:30,Saturday,February,Off-Peak,0.5,1.5,1,Kolkata North,Kolkata West,Kolkata North,Kolkata West,22.50804,88.27294,22.58086,88.42442,48.25,0.0,40,88.25,Card,Mini,4.9,Completed,Synthetic proxy (no real dataset exists for this city)
TRIP001230,Rapido,Kolkata,2026-02-19,14:17:00,14:24:54,Thursday,February,Off-Peak,2.33,7.9,1,Kolkata North,Kolkata North,Kolkata North,Kolkata North,22.64912,88.31595,22.58903,88.37475,79.81,0.0,0,79.81,UPI,Prime Sedan,4.4,Completed,Synthetic proxy (no real dataset exists for this city)
TRIP001231,Ola,Kolkata,2025-12-12,17:04:00,17:32:48,Friday,December,Off-Peak,6.5,28.8,1,Kolkata South,Kolkata South,Kolkata South,Kolkata South,22.53523,88.40712,22.49305,88.27244,161.2,8.06,0,169.26,Cash,Prime SUV,4.1,Completed,Synthetic proxy (no real dataset exists for this city)
TRIP001232,Ola,Kolkata,2026-01-31,17:24:00,17:45:18,Saturday,January,Off-Peak,4.18,21.3,4,Kolkata South,Kolkata Central,Kolkata South,Kolkata Central,22.52718,88.37408,22.50867,88.33298,122.11,0.0,0,122.11,UPI,Prime SUV,4.5,Completed,Synthetic proxy (no real dataset exists for this city)
TRIP001233,Local Fleet,Kolkata,2025-12-24,02:46:00,02:51:18,Wednesday,December,Off-Peak,1.17,5.3,1,Kolkata West,Kolkata East,Kolkata West,Kolkata East,22.60024,88.43469,22.53444,88.41781,61.99,0.0,0,61.99,Card,Prime Sedan,4.1,Completed,Synthetic proxy (no real dataset exists for this city)
TRIP001234,Ola,Kolkata,2026-01-27,17:13:00,17:14:36,Tuesday,January,Off-Peak,0.5,1.6,2,Kolkata North,Kolkata Central,Kolkata North,Kolkata Central,22.59239,88.26011,22.55581,88.40236,48.4,4.84,0,53.24,UPI,eBike,3.6,Completed,Synthetic proxy (no real dataset exists for this city)
TRIP001235,Uber,Kolkata,2026-01-22,17:05:00,17:40:00,Thursday,January,Off-Peak,8.75,35.0,3,Kolkata North,Kolkata West,Kolkata North,Kolkata West,22.49198,88.36455,22.49289,88.39683,197.5,0.0,0,197.5,Card,Auto,4.5,Completed,Synthetic proxy (no real dataset exists for this city)
TRIP001236,Rapido,Kolkata,2026-01-07,18:44:00,18:46:24,Wednesday,January,Peak,0.53,2.4,1,Kolkata Central,Kolkata East,Kolkata Central,Kolkata East,22.5616,88.29823,22.50749,88.31356,49.96,2.5,0,52.46,UPI,Prime SUV,4.0,Completed,Synthetic proxy (no real dataset exists for this city)
TRIP001237,Uber,Kolkata,2025-12-15,08:33:00,08:54:48,Monday,December,Peak,3.68,21.8,3,Kolkata East,Kolkata East,Kolkata East,Kolkata East,22.58638,88.4533,22.50709,88.27381,116.86,0.0,0,116.86,UPI,Mini,3.8,Completed,Synthetic proxy (no real dataset exists for this city)
TRIP001238,Uber,Kolkata,2026-02-12,12:25:00,13:05:30,Thursday,February,Off-Peak,12.0,40.5,1,Kolkata South,Kolkata South,Kolkata South,Kolkata South,22.48635,88.45495,22.51787,88.43383,244.75,0.0,0,244.75,UPI,Auto,3.5,Completed,Synthetic proxy (no real dataset exists for this city)
TRIP001239,Local Fleet,Kolkata,2025-12-11,05:33:00,05:35:48,Thursday,December,Off-Peak,0.59,2.8,4,Kolkata Central,Kolkata Central,Kolkata Central,Kolkata Central,22.57542,88.40016,22.60472,88.45618,51.28,0.0,0,51.28,Cash,Bike,4.7,Completed,Synthetic proxy (no real dataset exists for this city)
TRIP001240,Uber,Kolkata,2026-02-04,05:54:00,05:56:12,Wednesday,February,Off-Peak,0.5,2.2,2,Kolkata North,Kolkata West,Kolkata North,Kolkata West,22.50551,88.26859,22.47279,88.3576,49.3,0.0,0,49.3,UPI,Auto,3.5,Completed,Synthetic proxy (no real dataset exists for this city)
TRIP001241,Ola,Kolkata,2025-12-08,14:40:00,14:44:06,Monday,December,Off-Peak,0.78,4.1,1,Kolkata East,Kolkata East,Kolkata East,Kolkata East,22.50923,88.40731,22.48817,88.39843,55.51,5.55,0,61.06,Card,eBike,3.7,Completed,Synthetic proxy (no real dataset exists for this city)
TRIP001242,Ola,Kolkata,2026-01-22,15:19:00,15:52:12,Thursday,January,Off-Peak,6.23,33.2,3,Kolkata North,Kolkata Central,Kolkata North,Kolkata Central,22.66857,88.26859,22.56029,88.36967,164.56,0.0,0,164.56,UPI,Bike,4.7,Cancelled by Customer,Synthetic proxy (no real dataset exists for this city)
TRIP001243,Rapido,Kolkata,2025-12-23,03:11:00,03:20:36,Tuesday,December,Off-Peak,3.21,9.6,1,Kolkata North,Kolkata South,Kolkata North,Kolkata South,22.55353,88.27396,22.52877,88.45007,92.92,0.0,0,92.92,Cash,Prime Sedan,4.6,Completed,Synthetic proxy (no real dataset exists for this city)
TRIP001244,Ola,Kolkata,2026-02-19,04:28:00,04:46:24,Thursday,February,Off-Peak,5.3,18.4,1,Kolkata North,Kolkata South,Kolkata North,Kolkata South,22.50993,88.27342,22.53758,88.27635,131.2,0.0,0,131.2,UPI,Bike,4.4,Completed,Synthetic proxy (no real dataset exists for this city)
TRIP001245,Rapido,Kolkata,2025-12-21,10:28:00,10:32:00,Sunday,December,Off-Peak,1.21,4.0,3,Kolkata South,Kolkata Central,Kolkata South,Kolkata Central,22.65216,88.42567,22.62469,88.43545,60.52,6.05,0,66.57,Card,Prime SUV,3.6,Completed,Synthetic proxy (no real dataset exists for this city)
TRIP001246,Ola,Kolkata,2025-12-28,07:15:00,07:26:48,Sunday,December,Off-Peak,2.33,11.8,3,Kolkata West,Kolkata South,Kolkata West,Kolkata South,22.48706,88.3849,22.6439,88.41318,85.66,0.0,0,85.66,UPI,Prime Sedan,3.6,Cancelled by Customer,Synthetic proxy (no real dataset exists for this city)
TRIP001247,Ola,Kolkata,2026-02-27,14:12:00,14:37:30,Friday,February,Off-Peak,4.57,25.5,4,Kolkata Central,Kolkata Central,Kolkata Central,Kolkata Central,22.57928,88.30593,22.64623,88.30574,133.09,0.0,0,133.09,Cash,Bike,3.8,Completed,Synthetic proxy (no real dataset exists for this city)
TRIP001248,Local Fleet,Kolkata,2026-01-11,07:08:00,07:24:18,Sunday,January,Off-Peak,3.98,16.3,3,Kolkata West,Kolkata West,Kolkata West,Kolkata West,22.5534,88.35044,22.54768,88.32217,112.21,0.0,0,112.21,Card,Bike,3.8,Completed,Synthetic proxy (no real dataset exists for this city)
TRIP001249,Local Fleet,Kolkata,2026-01-06,22:35:00,22:36:54,Tuesday,January,Off-Peak,0.5,1.9,2,Kolkata West,Kolkata East,Kolkata West,Kolkata East,22.48863,88.32907,22.55968,88.41957,48.85,0.0,0,48.85,Wallet,Mini,4.2,Completed,Synthetic proxy (no real dataset exists for this city)
TRIP001250,Ola,Kolkata,2025-12-11,02:09:00,02:11:54,Thursday,December,Off-Peak,0.9,2.9,1,Kolkata North,Kolkata South,Kolkata North,Kolkata South,22.59474,88.27366,22.58154,88.3619,55.15,2.76,0,57.91,UPI,Auto,4.4,Completed,Synthetic proxy (no real dataset exists for this city)
TRIP001251,Rapido,Kolkata,2025-12-19,18:42:00,18:45:42,Friday,December,Peak,0.7,3.7,1,Kolkata East,Kolkata South,Kolkata East,Kolkata South,22.58976,88.44371,22.57274,88.45458,53.95,0.0,0,53.95,UPI,eBike,3.9,Completed,Synthetic proxy (no real dataset exists for this city)
TRIP001252,Uber,Kolkata,2025-12-03,11:50:00,11:56:48,Wednesday,December,Off-Peak,1.67,6.8,1,Kolkata North,Kolkata East,Kolkata North,Kolkata East,22.48063,88.28531,22.49836,88.31536,70.24,3.51,40,113.75,UPI,eBike,4.0,Cancelled by Customer,Synthetic proxy (no real dataset exists for this city)
TRIP001253,Ola,Kolkata,2026-02-13,22:24:00,22:25:36,Friday,February,Off-Peak,0.5,1.6,1,Kolkata Central,Kolkata West,Kolkata Central,Kolkata West,22.5433,88.38652,22.62285,88.29682,48.4,2.42,0,50.82,Cash,Prime SUV,3.6,Completed,Synthetic proxy (no real dataset exists for this city)
TRIP001254,Uber,Kolkata,2026-02-21,09:52:00,10:36:06,Saturday,February,Peak,10.82,44.1,1,Kolkata East,Kolkata West,Kolkata East,Kolkata West,22.53005,88.30007,22.52959,88.4225,235.99,0.0,0,235.99,UPI,eBike,4.2,Completed,Synthetic proxy (no real dataset exists for this city)
TRIP001255,Ola,Kolkata,2026-02-25,01:55:00,01:57:36,Wednesday,February,Off-Peak,0.7,2.6,3,Kolkata East,Kolkata South,Kolkata East,Kolkata South,22.60776,88.35466,22.48899,88.43036,52.3,0.0,0,52.3,UPI,Mini,4.5,Completed,Synthetic proxy (no real dataset exists for this city)
TRIP001256,Local Fleet,Kolkata,2026-02-08,11:20:00,11:58:54,Sunday,February,Off-Peak,9.71,38.9,1,Kolkata Central,Kolkata South,Kolkata Central,Kolkata South,22.5806,88.32941,22.56,88.36026,214.87,21.49,0,236.36,UPI,Mini,4.2,Cancelled by Customer,Synthetic proxy (no real dataset exists for this city)
TRIP001257,Uber,Kolkata,2026-01-07,17:06:00,17:14:36,Wednesday,January,Off-Peak,1.73,8.6,1,Kolkata North,Kolkata Central,Kolkata North,Kolkata Central,22.56928,88.44568,22.54082,88.43727,73.66,0.0,0,73.66,Card,eBike,4.6,Incomplete,Synthetic proxy (no real dataset exists for this city)
TRIP001258,Uber,Kolkata,2025-12-07,23:30:00,23:32:12,Sunday,December,Off-Peak,0.71,2.2,1,Kolkata East,Kolkata West,Kolkata East,Kolkata West,22.50154,88.35091,22.66835,88.43591,51.82,0.0,0,51.82,UPI,Prime SUV,4.8,Completed,Synthetic proxy (no real dataset exists for this city)
TRIP001259,Local Fleet,Kolkata,2026-01-06,10:44:00,10:53:48,Tuesday,January,Off-Peak,2.96,9.8,1,Kolkata West,Kolkata South,Kolkata West,Kolkata South,22.61286,88.43957,22.6397,88.40063,90.22,0.0,0,90.22,UPI,Prime Sedan,4.9,Completed,Synthetic proxy (no real dataset exists for this city)
TRIP001260,Uber,Kolkata,2025-12-04,12:24:00,12:37:36,Thursday,December,Off-Peak,3.92,13.6,1,Kolkata West,Kolkata North,Kolkata West,Kolkata North,22.56527,88.27912,22.61532,88.3113,107.44,0.0,0,107.44,UPI,Bike,4.9,Completed,Synthetic proxy (no real dataset exists for this city)
TRIP001261,Local Fleet,Kolkata,2025-12-27,17:44:00,17:46:24,Saturday,December,Off-Peak,0.52,2.4,1,Kolkata East,Kolkata North,Kolkata East,Kolkata North,22.52695,88.30025,22.52578,88.34817,49.84,2.49,0,52.33,Card,Prime SUV,4.9,Completed,Synthetic proxy (no real dataset exists for this city)
TRIP001262,Ola,Kolkata,2025-12-19,21:39:00,22:30:00,Friday,December,Off-Peak,10.59,51.0,2,Kolkata South,Kolkata South,Kolkata South,Kolkata South,22.47665,88.26931,22.66156,88.39897,243.58,0.0,60,303.58,UPI,Prime SUV,4.4,Completed,Synthetic proxy (no real dataset exists for this city)
TRIP001263,Ola,Kolkata,2026-02-16,17:12:00,17:15:30,Monday,February,Off-Peak,0.61,3.5,4,Kolkata South,Kolkata North,Kolkata South,Kolkata North,22.54452,88.38967,22.58978,88.27194,52.57,0.0,0,52.57,Card,Bike,3.8,Completed,Synthetic proxy (no real dataset exists for this city)
TRIP001264,Uber,Kolkata,2026-02-22,05:57:00,05:59:36,Sunday,February,Off-Peak,0.5,2.6,2,Kolkata East,Kolkata South,Kolkata East,Kolkata South,22.57903,88.39981,22.57565,88.28458,49.9,0.0,0,49.9,Card,Bike,4.3,Incomplete,Synthetic proxy (no real dataset exists for this city)
TRIP001265,Ola,Kolkata,2025-12-09,14:34:00,14:37:00,Tuesday,December,Off-Peak,0.59,3.0,2,Kolkata South,Kolkata North,Kolkata South,Kolkata North,22.48385,88.38219,22.66067,88.39906,51.58,2.58,0,54.16,Cash,Prime Sedan,4.4,Completed,Synthetic proxy (no real dataset exists for this city)
TRIP001266,Ola,Kolkata,2025-12-14,16:04:00,16:24:48,Sunday,December,Off-Peak,4.0,20.8,1,Kolkata Central,Kolkata South,Kolkata Central,Kolkata South,22.65619,88.35993,22.5301,88.3373,119.2,0.0,0,119.2,UPI,Bike,4.4,Completed,Synthetic proxy (no real dataset exists for this city)
TRIP001267,Local Fleet,Kolkata,2026-02-05,05:30:00,05:55:48,Thursday,February,Off-Peak,6.31,25.8,1,Kolkata North,Kolkata Central,Kolkata North,Kolkata Central,22.52933,88.33611,22.54343,88.43408,154.42,0.0,0,154.42,UPI,Mini,3.6,Completed,Synthetic proxy (no real dataset exists for this city)
TRIP001268,Ola,Kolkata,2026-02-18,21:59:00,22:38:00,Wednesday,February,Off-Peak,9.17,39.0,1,Kolkata Central,Kolkata South,Kolkata Central,Kolkata South,22.64073,88.28683,22.52145,88.4347,208.54,0.0,60,268.54,UPI,Prime SUV,4.7,Completed,Synthetic proxy (no real dataset exists for this city)
TRIP001269,Rapido,Kolkata,2026-01-15,10:27:00,10:35:36,Thursday,January,Off-Peak,2.18,8.6,2,Kolkata North,Kolkata East,Kolkata North,Kolkata East,22.56241,88.36066,22.66923,88.39072,79.06,0.0,0,79.06,Cash,eBike,4.1,Completed,Synthetic proxy (no real dataset exists for this city)
TRIP001270,Rapido,Kolkata,2025-12-07,08:26:00,08:34:54,Sunday,December,Peak,1.69,8.9,1,Kolkata Central,Kolkata Central,Kolkata Central,Kolkata Central,22.48392,88.32341,22.57898,88.39054,73.63,0.0,0,73.63,UPI,Bike,4.4,Cancelled by Driver,Synthetic proxy (no real dataset exists for this city)
TRIP001271,Uber,Kolkata,2026-02-04,04:15:00,04:22:30,Wednesday,February,Off-Peak,2.08,7.5,1,Kolkata Central,Kolkata South,Kolkata Central,Kolkata South,22.55528,88.34657,22.51729,88.41285,76.21,0.0,0,76.21,UPI,Bike,4.7,Completed,Synthetic proxy (no real dataset exists for this city)
TRIP001272,Uber,Kolkata,2025-12-18,07:50:00,07:54:12,Thursday,December,Off-Peak,1.09,4.2,3,Kolkata West,Kolkata West,Kolkata West,Kolkata West,22.52589,88.3281,22.6542,88.26525,59.38,0.0,0,59.38,UPI,Mini,4.0,Cancelled by Customer,Synthetic proxy (no real dataset exists for this city)
TRIP001273,Uber,Kolkata,2026-02-19,20:36:00,22:03:36,Thursday,February,Off-Peak,17.59,87.6,1,Kolkata South,Kolkata West,Kolkata South,Kolkata West,22.54755,88.3369,22.50055,88.41078,382.48,0.0,0,382.48,UPI,Prime SUV,4.6,Cancelled by Driver,Synthetic proxy (no real dataset exists for this city)
TRIP001274,Rapido,Kolkata,2026-01-13,16:48:00,17:16:54,Tuesday,January,Off-Peak,9.17,28.9,1,Kolkata South,Kolkata South,Kolkata South,Kolkata South,22.5393,88.45894,22.59676,88.26529,193.39,0.0,0,193.39,UPI,Prime Sedan,3.8,Cancelled by Customer,Synthetic proxy (no real dataset exists for this city)
TRIP001275,Rapido,Kolkata,2026-01-22,05:30:00,05:55:18,Thursday,January,Off-Peak,5.61,25.3,1,Kolkata Central,Kolkata North,Kolkata Central,Kolkata North,22.52225,88.36935,22.52764,88.2602,145.27,0.0,0,145.27,UPI,eBike,4.7,Completed,Synthetic proxy (no real dataset exists for this city)
TRIP001276,Rapido,Kolkata,2025-12-31,09:25:00,09:54:24,Wednesday,December,Peak,6.11,29.4,1,Kolkata South,Kolkata South,Kolkata South,Kolkata South,22.60263,88.44,22.5977,88.41766,157.42,0.0,0,157.42,UPI,Mini,4.0,Cancelled by Customer,Synthetic proxy (no real dataset exists for this city)
TRIP001277,Local Fleet,Kolkata,2026-02-15,18:12:00,18:20:06,Sunday,February,Peak,2.52,8.1,2,Kolkata East,Kolkata East,Kolkata East,Kolkata East,22.58389,88.33697,22.60303,88.39318,82.39,0.0,0,82.39,UPI,Prime Sedan,3.9,Completed,Synthetic proxy (no real dataset exists for this city)
TRIP001278,Local Fleet,Kolkata,2026-01-21,16:18:00,16:24:30,Wednesday,January,Off-Peak,1.22,6.5,1,Kolkata Central,Kolkata Central,Kolkata Central,Kolkata Central,22.61008,88.31098,22.53477,88.29933,64.39,0.0,40,104.39,UPI,Bike,4.4,Completed,Synthetic proxy (no real dataset exists for this city)
TRIP001279,Ola,Kolkata,2025-12-27,22:00:00,22:02:30,Saturday,December,Off-Peak,0.54,2.5,4,Kolkata West,Kolkata South,Kolkata West,Kolkata South,22.49231,88.29634,22.63065,88.39722,50.23,0.0,0,50.23,Cash,eBike,4.9,Completed,Synthetic proxy (no real dataset exists for this city)
TRIP001280,Rapido,Kolkata,2026-02-04,03:53:00,04:41:00,Wednesday,February,Off-Peak,8.1,48.0,1,Kolkata South,Kolkata North,Kolkata South,Kolkata North,22.61648,88.39347,22.51027,88.2849,209.2,0.0,0,209.2,UPI,Bike,3.7,Completed,Synthetic proxy (no real dataset exists for this city)
TRIP001281,Rapido,Kolkata,2026-01-29,01:02:00,01:09:30,Thursday,January,Off-Peak,1.44,7.5,3,Kolkata East,Kolkata South,Kolkata East,Kolkata South,22.48804,88.2936,22.52326,88.43896,68.53,0.0,60,128.53,Wallet,eBike,4.9,Completed,Synthetic proxy (no real dataset exists for this city)
TRIP001282,Rapido,Kolkata,2026-02-21,07:52:00,07:53:48,Saturday,February,Off-Peak,0.5,1.8,2,Kolkata East,Kolkata West,Kolkata East,Kolkata West,22.601,88.45977,22.51865,88.44383,48.7,0.0,0,48.7,UPI,Prime Sedan,3.9,Completed,Synthetic proxy (no real dataset exists for this city)
TRIP001283,Uber,Kolkata,2025-12-12,22:49:00,22:59:18,Friday,December,Off-Peak,2.83,10.3,1,Kolkata North,Kolkata North,Kolkata North,Kolkata North,22.52871,88.39986,22.58902,88.42445,89.41,0.0,0,89.41,Cash,Bike,4.8,Completed,Synthetic proxy (no real dataset exists for this city)
TRIP001284,Local Fleet,Kolkata,2026-01-01,20:22:00,20:52:48,Thursday,January,Off-Peak,7.23,30.8,2,Kolkata South,Kolkata West,Kolkata South,Kolkata West,22.56969,88.31808,22.58278,88.45564,172.96,0.0,0,172.96,Cash,Mini,4.6,Completed,Synthetic proxy (no real dataset exists for this city)
TRIP001285,Rapido,Kolkata,2026-02-05,12:16:00,12:22:42,Thursday,February,Off-Peak,1.76,6.7,4,Kolkata North,Kolkata North,Kolkata North,Kolkata North,22.61424,88.35967,22.48708,88.42448,71.17,0.0,0,71.17,UPI,Bike,4.1,Completed,Synthetic proxy (no real dataset exists for this city)
TRIP001286,Local Fleet,Kolkata,2026-01-29,02:19:00,02:34:00,Thursday,January,Off-Peak,4.85,15.0,2,Kolkata North,Kolkata East,Kolkata North,Kolkata East,22.52412,88.35685,22.5489,88.32319,120.7,0.0,0,120.7,Card,Auto,4.9,Completed,Synthetic proxy (no real dataset exists for this city)
TRIP001287,Local Fleet,Kolkata,2025-12-31,03:05:00,03:09:30,Wednesday,December,Off-Peak,0.77,4.5,4,Kolkata South,Kolkata Central,Kolkata South,Kolkata Central,22.48776,88.40978,22.59569,88.2632,55.99,0.0,0,55.99,Cash,Mini,4.3,Completed,Synthetic proxy (no real dataset exists for this city)
TRIP001288,Rapido,Kolkata,2025-12-31,11:18:00,11:19:36,Wednesday,December,Off-Peak,0.5,1.6,2,Kolkata Central,Kolkata Central,Kolkata Central,Kolkata Central,22.64496,88.35524,22.55023,88.36625,48.4,0.0,0,48.4,Card,Mini,4.0,Completed,Synthetic proxy (no real dataset exists for this city)
TRIP001289,Local Fleet,Kolkata,2026-02-17,02:07:00,02:09:42,Tuesday,February,Off-Peak,0.53,2.7,3,Kolkata East,Kolkata West,Kolkata East,Kolkata West,22.47006,88.33768,22.52889,88.26934,50.41,0.0,0,50.41,Card,Bike,4.9,Cancelled by Driver,Synthetic proxy (no real dataset exists for this city)
TRIP001290,Rapido,Kolkata,2026-01-23,13:43:00,13:54:24,Friday,January,Off-Peak,2.01,11.4,4,Kolkata East,Kolkata Central,Kolkata East,Kolkata Central,22.4775,88.31605,22.54495,88.39996,81.22,0.0,0,81.22,Cash,Bike,4.5,Cancelled by Customer,Synthetic proxy (no real dataset exists for this city)
TRIP001291,Ola,Kolkata,2026-02-14,05:05:00,05:06:54,Saturday,February,Off-Peak,0.5,1.9,1,Kolkata South,Kolkata South,Kolkata South,Kolkata South,22.5513,88.31888,22.55678,88.31824,48.85,0.0,0,48.85,UPI,Auto,3.6,Completed,Synthetic proxy (no real dataset exists for this city)
TRIP001292,Ola,Kolkata,2025-12-05,18:48:00,19:32:36,Friday,December,Peak,11.78,44.6,4,Kolkata South,Kolkata Central,Kolkata South,Kolkata Central,22.58382,88.29681,22.55671,88.41326,248.26,0.0,0,248.26,Card,Mini,4.1,Completed,Synthetic proxy (no real dataset exists for this city)
TRIP001293,Local Fleet,Kolkata,2025-12-24,15:59:00,16:01:06,Wednesday,December,Off-Peak,0.54,2.1,4,Kolkata East,Kolkata Central,Kolkata East,Kolkata Central,22.58743,88.35997,22.65626,88.37385,49.63,0.0,0,49.63,UPI,Bike,4.1,Incomplete,Synthetic proxy (no real dataset exists for this city)
TRIP001294,Uber,Kolkata,2026-01-28,09:47:00,10:23:54,Wednesday,January,Peak,6.86,36.9,1,Kolkata Central,Kolkata Central,Kolkata Central,Kolkata Central,22.6484,88.37655,22.55525,88.26082,177.67,0.0,0,177.67,UPI,Auto,4.7,Completed,Synthetic proxy (no real dataset exists for this city)
TRIP001295,Local Fleet,Kolkata,2026-01-12,00:05:00,00:24:18,Monday,January,Off-Peak,3.96,19.3,3,Kolkata North,Kolkata North,Kolkata North,Kolkata North,22.57606,88.35721,22.62956,88.28925,116.47,0.0,0,116.47,UPI,Mini,4.3,Completed,Synthetic proxy (no real dataset exists for this city)
TRIP001296,Local Fleet,Kolkata,2026-01-21,06:49:00,06:57:24,Wednesday,January,Off-Peak,1.76,8.4,4,Kolkata North,Kolkata North,Kolkata North,Kolkata North,22.61845,88.37105,22.64065,88.36362,73.72,3.69,0,77.41,Wallet,Bike,4.4,Completed,Synthetic proxy (no real dataset exists for this city)
TRIP001297,Uber,Kolkata,2026-02-12,17:03:00,17:11:36,Thursday,February,Off-Peak,2.1,8.6,1,Kolkata East,Kolkata Central,Kolkata East,Kolkata Central,22.53036,88.44982,22.57114,88.31742,78.1,0.0,0,78.1,Card,Prime Sedan,3.9,Completed,Synthetic proxy (no real dataset exists for this city)
TRIP001298,Rapido,Kolkata,2026-01-02,03:17:00,03:24:18,Friday,January,Off-Peak,1.65,7.3,1,Kolkata North,Kolkata Central,Kolkata North,Kolkata Central,22.53498,88.45275,22.50457,88.44495,70.75,0.0,0,70.75,Card,Auto,4.7,Completed,Synthetic proxy (no real dataset exists for this city)
TRIP001299,Local Fleet,Kolkata,2026-02-12,14:32:00,14:47:30,Thursday,February,Off-Peak,3.29,15.5,4,Kolkata Central,Kolkata Central,Kolkata Central,Kolkata Central,22.48401,88.44504,22.60899,88.38424,102.73,0.0,0,102.73,Cash,eBike,3.7,Completed,Synthetic proxy (no real dataset exists for this city)
TRIP001300,Local Fleet,Kolkata,2025-12-13,07:41:00,08:01:48,Saturday,December,Off-Peak,4.31,20.8,1,Kolkata East,Kolkata West,Kolkata East,Kolkata West,22.48466,88.38961,22.55129,88.3061,122.92,12.29,0,135.21,UPI,Prime SUV,3.8,Completed,Synthetic proxy (no real dataset exists for this city)
TRIP001301,Rapido,Kolkata,2025-12-09,05:42:00,05:48:48,Tuesday,December,Off-Peak,1.73,6.8,3,Kolkata East,Kolkata South,Kolkata East,Kolkata South,22.56399,88.40827,22.65176,88.33245,70.96,0.0,0,70.96,Wallet,eBike,4.2,Completed,Synthetic proxy (no real dataset exists for this city)
TRIP001302,Local Fleet,Kolkata,2026-02-22,08:03:00,08:15:36,Sunday,February,Peak,4.02,12.6,1,Kolkata South,Kolkata West,Kolkata South,Kolkata West,22.56647,88.38515,22.5505,88.27353,107.14,0.0,0,107.14,Cash,Prime Sedan,4.3,Completed,Synthetic proxy (no real dataset exists for this city)
TRIP001303,Uber,Kolkata,2025-12-28,04:21:00,04:36:48,Sunday,December,Off-Peak,4.54,15.8,1,Kolkata East,Kolkata North,Kolkata East,Kolkata North,22.55611,88.45483,22.52971,88.31131,118.18,0.0,0,118.18,Card,Bike,4.0,Completed,Synthetic proxy (no real dataset exists for this city)
TRIP001304,Local Fleet,Kolkata,2026-01-06,14:43:00,14:48:06,Tuesday,January,Off-Peak,1.5,5.1,2,Kolkata East,Kolkata North,Kolkata East,Kolkata North,22.56311,88.29217,22.48768,88.40649,65.65,0.0,0,65.65,UPI,Bike,4.6,Completed,Synthetic proxy (no real dataset exists for this city)
TRIP001305,Uber,Kolkata,2026-01-24,03:23:00,03:26:42,Saturday,January,Off-Peak,0.89,3.7,1,Kolkata West,Kolkata Central,Kolkata West,Kolkata Central,22.52043,88.2692,22.5621,88.36452,56.23,0.0,0,56.23,Cash,Bike,4.1,Completed,Synthetic proxy (no real dataset exists for this city)
TRIP001306,Ola,Kolkata,2025-12-25,16:02:00,16:06:48,Thursday,December,Off-Peak,0.84,4.8,4,Kolkata East,Kolkata Central,Kolkata East,Kolkata Central,22.58348,88.32316,22.62295,88.40934,57.28,2.86,0,60.14,UPI,eBike,4.6,Completed,Synthetic proxy (no real dataset exists for this city)
TRIP001307,Ola,Kolkata,2025-12-30,14:56:00,15:00:30,Tuesday,December,Off-Peak,1.16,4.5,4,Kolkata West,Kolkata East,Kolkata West,Kolkata East,22.63591,88.38507,22.58397,88.41246,60.67,0.0,40,100.67,UPI,Auto,3.6,Completed,Synthetic proxy (no real dataset exists for this city)
TRIP001308,Ola,Kolkata,2025-12-18,11:55:00,12:01:24,Thursday,December,Off-Peak,1.25,6.4,2,Kolkata Central,Kolkata Central,Kolkata Central,Kolkata Central,22.48335,88.33998,22.61334,88.43723,64.6,0.0,0,64.6,UPI,Prime SUV,3.7,Incomplete,Synthetic proxy (no real dataset exists for this city)
TRIP001309,Local Fleet,Kolkata,2025-12-02,05:29:00,05:30:36,Tuesday,December,Off-Peak,0.5,1.6,1,Kolkata North,Kolkata Central,Kolkata North,Kolkata Central,22.59334,88.40216,22.54949,88.2967,48.4,0.0,60,108.4,UPI,Prime Sedan,3.5,Incomplete,Synthetic proxy (no real dataset exists for this city)
TRIP001310,Rapido,Kolkata,2026-01-29,02:28:00,02:53:36,Thursday,January,Off-Peak,7.38,25.6,4,Kolkata North,Kolkata South,Kolkata North,Kolkata South,22.62367,88.28917,22.511,88.31055,166.96,0.0,0,166.96,UPI,Prime SUV,4.9,Completed,Synthetic proxy (no real dataset exists for this city)
TRIP001311,Local Fleet,Kolkata,2026-01-26,17:19:00,17:41:30,Monday,January,Off-Peak,4.76,22.5,2,Kolkata North,Kolkata South,Kolkata North,Kolkata South,22.66402,88.40735,22.6111,88.3134,130.87,0.0,40,170.87,UPI,eBike,4.2,Completed,Synthetic proxy (no real dataset exists for this city)
TRIP001312,Local Fleet,Kolkata,2026-01-05,00:34:00,00:49:18,Monday,January,Off-Peak,2.59,15.3,1,Kolkata North,Kolkata East,Kolkata North,Kolkata East,22.58345,88.33329,22.53881,88.45752,94.03,0.0,0,94.03,Cash,Prime SUV,4.2,Completed,Synthetic proxy (no real dataset exists for this city)
TRIP001313,Uber,Kolkata,2025-12-21,12:05:00,12:16:30,Sunday,December,Off-Peak,3.33,11.5,4,Kolkata North,Kolkata East,Kolkata North,Kolkata East,22.47994,88.38175,22.59695,88.35591,97.21,0.0,0,97.21,UPI,Prime Sedan,4.3,Completed,Synthetic proxy (no real dataset exists for this city)
TRIP001314,Uber,Kolkata,2025-12-25,07:42:00,07:44:00,Thursday,December,Off-Peak,0.5,2.0,1,Kolkata South,Kolkata East,Kolkata South,Kolkata East,22.65247,88.40836,22.6121,88.35557,49.0,0.0,0,49.0,Card,Prime Sedan,4.1,Completed,Synthetic proxy (no real dataset exists for this city)
TRIP001315,Local Fleet,Kolkata,2026-02-19,22:16:00,22:24:06,Thursday,February,Off-Peak,1.38,8.1,1,Kolkata South,Kolkata South,Kolkata South,Kolkata South,22.65023,88.2847,22.61489,88.38218,68.71,3.44,0,72.15,Card,Prime Sedan,4.2,Completed,Synthetic proxy (no real dataset exists for this city)
TRIP001316,Uber,Kolkata,2026-01-21,09:29:00,09:31:06,Wednesday,January,Peak,0.5,2.1,2,Kolkata Central,Kolkata North,Kolkata Central,Kolkata North,22.61025,88.32543,22.49792,88.43294,49.15,0.0,0,49.15,UPI,Auto,4.4,Completed,Synthetic proxy (no real dataset exists for this city)
TRIP001317,Rapido,Kolkata,2026-02-11,09:57:00,10:22:54,Wednesday,February,Peak,5.91,25.9,3,Kolkata West,Kolkata West,Kolkata West,Kolkata West,22.5349,88.34202,22.56368,88.28472,149.77,0.0,0,149.77,UPI,Auto,3.6,Completed,Synthetic proxy (no real dataset exists for this city)
TRIP001318,Ola,Kolkata,2026-01-01,11:18:00,12:33:48,Thursday,January,Off-Peak,13.15,75.8,1,Kolkata Central,Kolkata East,Kolkata Central,Kolkata East,22.49428,88.38127,22.63439,88.39773,311.5,0.0,0,311.5,UPI,Bike,5.0,Completed,Synthetic proxy (no real dataset exists for this city)
TRIP001319,Rapido,Kolkata,2026-01-15,15:25:00,15:28:00,Thursday,January,Off-Peak,0.8,3.0,1,Kolkata West,Kolkata East,Kolkata West,Kolkata East,22.61486,88.33429,22.49111,88.39086,54.1,0.0,40,94.1,Cash,Auto,4.6,Completed,Synthetic proxy (no real dataset exists for this city)
TRIP001320,Rapido,Kolkata,2026-02-12,11:37:00,11:39:30,Thursday,February,Off-Peak,0.5,2.5,1,Kolkata South,Kolkata North,Kolkata South,Kolkata North,22.59233,88.40397,22.61582,88.31895,49.75,4.98,0,54.73,UPI,Mini,4.1,Completed,Synthetic proxy (no real dataset exists for this city)
TRIP001321,Uber,Kolkata,2025-12-09,04:06:00,04:07:42,Tuesday,December,Off-Peak,0.5,1.7,4,Kolkata Central,Kolkata North,Kolkata Central,Kolkata North,22.50106,88.3262,22.62859,88.43119,48.55,4.86,40,93.41,UPI,Prime Sedan,4.2,Completed,Synthetic proxy (no real dataset exists for this city)
TRIP001322,Rapido,Kolkata,2025-12-17,17:20:00,17:25:12,Wednesday,December,Off-Peak,1.34,5.2,3,Kolkata North,Kolkata North,Kolkata North,Kolkata North,22.54585,88.35744,22.50471,88.41767,63.88,0.0,0,63.88,Card,Bike,4.7,Completed,Synthetic proxy (no real dataset exists for this city)
TRIP001323,Rapido,Kolkata,2026-01-01,22:55:00,22:56:48,Thursday,January,Off-Peak,0.5,1.8,4,Kolkata North,Kolkata North,Kolkata North,Kolkata North,22.64271,88.29901,22.48585,88.32659,48.7,0.0,60,108.7,UPI,eBike,4.5,Completed,Synthetic proxy (no real dataset exists for this city)
TRIP001324,Local Fleet,Kolkata,2026-01-03,02:20:00,02:22:06,Saturday,January,Off-Peak,0.5,2.1,2,Kolkata West,Kolkata South,Kolkata West,Kolkata South,22.53774,88.45385,22.6058,88.41443,49.15,0.0,0,49.15,Card,Bike,4.5,Completed,Synthetic proxy (no real dataset exists for this city)
TRIP001325,Uber,Kolkata,2026-01-21,04:39:00,04:47:00,Wednesday,January,Off-Peak,1.85,8.0,3,Kolkata East,Kolkata Central,Kolkata East,Kolkata Central,22.52984,88.34917,22.55035,88.44478,74.2,3.71,0,77.91,UPI,eBike,3.5,Completed,Synthetic proxy (no real dataset exists for this city)
TRIP001326,Local Fleet,Kolkata,2026-02-08,11:11:00,11:13:06,Sunday,February,Off-Peak,0.5,2.1,1,Kolkata East,Kolkata Central,Kolkata East,Kolkata Central,22.5487,88.40021,22.49388,88.35592,49.15,0.0,0,49.15,UPI,Bike,4.1,Completed,Synthetic proxy (no real dataset exists for this city)
TRIP001327,Local Fleet,Kolkata,2025-12-28,00:46:00,01:06:00,Sunday,December,Off-Peak,3.98,20.0,1,Kolkata West,Kolkata North,Kolkata West,Kolkata North,22.66417,88.36129,22.57841,88.39355,117.76,5.89,0,123.65,UPI,Bike,4.3,Completed,Synthetic proxy (no real dataset exists for this city)
TRIP001328,Rapido,Kolkata,2025-12-14,13:06:00,13:08:42,Sunday,December,Off-Peak,0.5,2.7,1,Kolkata North,Kolkata East,Kolkata North,Kolkata East,22.64068,88.3967,22.55253,88.39771,50.05,0.0,0,50.05,Wallet,Prime Sedan,4.2,Completed,Synthetic proxy (no real dataset exists for this city)
TRIP001329,Uber,Kolkata,2026-01-23,01:28:00,01:30:48,Friday,January,Off-Peak,0.5,2.8,1,Kolkata East,Kolkata South,Kolkata East,Kolkata South,22.50924,88.38041,22.5954,88.32832,50.2,0.0,0,50.2,UPI,Mini,3.6,Completed,Synthetic proxy (no real dataset exists for this city)
TRIP001330,Uber,Kolkata,2026-01-03,05:30:00,05:47:54,Saturday,January,Off-Peak,3.19,17.9,2,Kolkata Central,Kolkata Central,Kolkata Central,Kolkata Central,22.52946,88.36674,22.61877,88.42608,105.13,0.0,60,165.13,UPI,Auto,3.9,Completed,Synthetic proxy (no real dataset exists for this city)
TRIP001331,Local Fleet,Kolkata,2026-02-20,12:53:00,13:16:48,Friday,February,Off-Peak,4.79,23.8,1,Kolkata North,Kolkata East,Kolkata North,Kolkata East,22.6176,88.32248,22.519,88.34164,133.18,0.0,0,133.18,Cash,Prime Sedan,3.8,Completed,Synthetic proxy (no real dataset exists for this city)
TRIP001332,Local Fleet,Kolkata,2026-02-21,15:11:00,15:27:30,Saturday,February,Off-Peak,4.39,16.5,1,Kolkata North,Kolkata North,Kolkata North,Kolkata North,22.66736,88.29494,22.51488,88.35215,117.43,0.0,0,117.43,UPI,Prime SUV,4.3,Completed,Synthetic proxy (no real dataset exists for this city)
TRIP001333,Ola,Kolkata,2025-12-07,10:09:00,10:48:06,Sunday,December,Off-Peak,10.98,39.1,1,Kolkata South,Kolkata Central,Kolkata South,Kolkata Central,22.49944,88.42418,22.55975,88.37459,230.41,0.0,0,230.41,UPI,eBike,4.9,Completed,Synthetic proxy (no real dataset exists for this city)
TRIP001334,Local Fleet,Kolkata,2025-12-20,11:55:00,12:00:18,Saturday,December,Off-Peak,1.12,5.3,1,Kolkata North,Kolkata South,Kolkata North,Kolkata South,22.65404,88.31611,22.66932,88.35259,61.39,0.0,0,61.39,UPI,Mini,3.6,Completed,Synthetic proxy (no real dataset exists for this city)
TRIP001335,Uber,Kolkata,2025-12-21,04:53:00,04:57:30,Sunday,December,Off-Peak,0.81,4.5,2,Kolkata West,Kolkata North,Kolkata West,Kolkata North,22.65439,88.26011,22.55758,88.26598,56.47,0.0,0,56.47,Wallet,Prime Sedan,4.9,Cancelled by Driver,Synthetic proxy (no real dataset exists for this city)
TRIP001336,Local Fleet,Kolkata,2025-12-28,09:26:00,09:28:36,Sunday,December,Peak,0.5,2.6,3,Kolkata Central,Kolkata Central,Kolkata Central,Kolkata Central,22.64819,88.26336,22.51569,88.399,49.9,0.0,0,49.9,UPI,Auto,4.6,Cancelled by Driver,Synthetic proxy (no real dataset exists for this city)
TRIP001337,Ola,Kolkata,2026-01-17,17:06:00,17:07:42,Saturday,January,Off-Peak,0.55,1.7,2,Kolkata Central,Kolkata East,Kolkata Central,Kolkata East,22.53934,88.39836,22.49147,88.28653,49.15,0.0,0,49.15,UPI,Prime SUV,4.1,Completed,Synthetic proxy (no real dataset exists for this city)
TRIP001338,Uber,Kolkata,2025-12-18,10:18:00,10:22:42,Thursday,December,Off-Peak,0.98,4.7,1,Kolkata North,Kolkata South,Kolkata North,Kolkata South,22.54386,88.43044,22.50536,88.26741,58.81,0.0,0,58.81,UPI,Prime Sedan,3.7,Completed,Synthetic proxy (no real dataset exists for this city)
TRIP001339,Ola,Kolkata,2025-12-19,21:02:00,21:49:06,Friday,December,Off-Peak,8.56,47.1,1,Kolkata North,Kolkata Central,Kolkata North,Kolkata Central,22.5389,88.41732,22.60054,88.36081,213.37,0.0,0,213.37,UPI,Prime Sedan,4.4,Completed,Synthetic proxy (no real dataset exists for this city)
TRIP001340,Ola,Kolkata,2026-01-28,12:33:00,12:47:00,Wednesday,January,Off-Peak,3.61,14.0,2,Kolkata Central,Kolkata North,Kolkata Central,Kolkata North,22.53079,88.34068,22.53866,88.33882,104.32,0.0,0,104.32,Cash,Mini,4.0,Completed,Synthetic proxy (no real dataset exists for this city)
TRIP001341,Rapido,Kolkata,2026-01-10,00:50:00,00:57:48,Saturday,January,Off-Peak,2.41,7.8,1,Kolkata West,Kolkata West,Kolkata West,Kolkata West,22.50259,88.30908,22.62182,88.3101,80.62,0.0,0,80.62,Cash,eBike,4.3,Cancelled by Driver,Synthetic proxy (no real dataset exists for this city)
TRIP001342,Uber,Kolkata,2026-02-16,08:35:00,08:44:48,Monday,February,Peak,2.73,9.8,3,Kolkata Central,Kolkata South,Kolkata Central,Kolkata South,22.59632,88.33471,22.53684,88.45598,87.46,0.0,0,87.46,UPI,Prime SUV,4.4,Completed,Synthetic proxy (no real dataset exists for this city)
TRIP001343,Local Fleet,Kolkata,2026-02-15,13:11:00,13:12:42,Sunday,February,Off-Peak,0.5,1.7,1,Kolkata West,Kolkata West,Kolkata West,Kolkata West,22.50707,88.3311,22.6571,88.43914,48.55,0.0,0,48.55,Wallet,eBike,4.3,Cancelled by Driver,Synthetic proxy (no real dataset exists for this city)
TRIP001344,Local Fleet,Kolkata,2026-02-10,06:12:00,06:46:12,Tuesday,February,Off-Peak,8.17,34.2,1,Kolkata West,Kolkata East,Kolkata West,Kolkata East,22.55606,88.40083,22.54902,88.43857,189.34,0.0,0,189.34,UPI,Bike,3.9,Completed,Synthetic proxy (no real dataset exists for this city)
TRIP001345,Local Fleet,Kolkata,2025-12-28,10:44:00,11:21:36,Sunday,December,Off-Peak,11.09,37.6,4,Kolkata West,Kolkata West,Kolkata West,Kolkata West,22.55585,88.3363,22.53654,88.30243,229.48,0.0,0,229.48,Card,Bike,4.7,Completed,Synthetic proxy (no real dataset exists for this city)
TRIP001346,Local Fleet,Kolkata,2025-12-09,06:54:00,08:08:54,Tuesday,December,Off-Peak,17.85,74.9,1,Kolkata North,Kolkata East,Kolkata North,Kolkata East,22.52669,88.29928,22.52827,88.39,366.55,36.66,0,403.21,UPI,eBike,5.0,Completed,Synthetic proxy (no real dataset exists for this city)
TRIP001347,Ola,Kolkata,2026-01-17,05:30:00,05:32:42,Saturday,January,Off-Peak,0.5,2.7,4,Kolkata West,Kolkata North,Kolkata West,Kolkata North,22.53943,88.38097,22.51619,88.32651,50.05,0.0,0,50.05,UPI,Prime SUV,3.7,Completed,Synthetic proxy (no real dataset exists for this city)
TRIP001348,Local Fleet,Kolkata,2026-01-26,08:38:00,08:42:48,Monday,January,Peak,1.29,4.8,1,Kolkata East,Kolkata North,Kolkata East,Kolkata North,22.56402,88.41405,22.53335,88.36577,62.68,0.0,40,102.68,Cash,Prime Sedan,4.0,Cancelled by Driver,Synthetic proxy (no real dataset exists for this city)
TRIP001349,Rapido,Kolkata,2026-01-23,17:56:00,18:05:12,Friday,January,Off-Peak,2.17,9.2,2,Kolkata West,Kolkata East,Kolkata West,Kolkata East,22.62273,88.35547,22.48462,88.2849,79.84,0.0,0,79.84,Cash,Bike,4.8,Cancelled by Customer,Synthetic proxy (no real dataset exists for this city)
TRIP001350,Ola,Kolkata,2026-01-26,08:57:00,09:20:48,Monday,January,Peak,5.0,23.8,1,Kolkata North,Kolkata South,Kolkata North,Kolkata South,22.62165,88.39793,22.58857,88.30219,135.7,0.0,0,135.7,Card,Auto,4.0,Completed,Synthetic proxy (no real dataset exists for this city)
TRIP001351,Uber,Kolkata,2026-01-14,15:31:00,16:13:12,Wednesday,January,Off-Peak,9.52,42.2,1,Kolkata North,Kolkata West,Kolkata North,Kolkata West,22.51463,88.27928,22.65973,88.32257,217.54,0.0,0,217.54,UPI,Bike,4.2,Completed,Synthetic proxy (no real dataset exists for this city)
TRIP001352,Local Fleet,Kolkata,2025-12-20,23:13:00,23:34:54,Saturday,December,Off-Peak,4.27,21.9,1,Kolkata North,Kolkata West,Kolkata North,Kolkata West,22.49308,88.30163,22.58444,88.30902,124.09,0.0,60,184.09,Cash,Mini,4.8,Completed,Synthetic proxy (no real dataset exists for this city)
TRIP001353,Rapido,Kolkata,2026-01-22,18:08:00,18:14:30,Thursday,January,Peak,1.17,6.5,3,Kolkata East,Kolkata South,Kolkata East,Kolkata South,22.52559,88.30688,22.65239,88.31903,63.79,0.0,0,63.79,Cash,Mini,3.9,Completed,Synthetic proxy (no real dataset exists for this city)
TRIP001354,Rapido,Kolkata,2026-01-02,08:10:00,08:11:54,Friday,January,Peak,0.5,1.9,4,Kolkata West,Kolkata Central,Kolkata West,Kolkata Central,22.52118,88.39222,22.58981,88.43961,48.85,0.0,0,48.85,UPI,Mini,3.7,Completed,Synthetic proxy (no real dataset exists for this city)
TRIP001355,Local Fleet,Kolkata,2026-01-20,20:13:00,20:15:48,Tuesday,January,Off-Peak,0.5,2.8,1,Kolkata West,Kolkata South,Kolkata West,Kolkata South,22.53015,88.45064,22.48317,88.4415,50.2,0.0,0,50.2,UPI,Prime Sedan,3.7,Cancelled by Customer,Synthetic proxy (no real dataset exists for this city)
TRIP001356,Uber,Kolkata,2025-12-19,10:34:00,10:48:06,Friday,December,Off-Peak,3.18,14.1,1,Kolkata North,Kolkata North,Kolkata North,Kolkata North,22.62099,88.37641,22.59373,88.29098,99.31,9.93,0,109.24,UPI,eBike,4.6,Cancelled by Driver,Synthetic proxy (no real dataset exists for this city)
TRIP001357,Local Fleet,Kolkata,2026-02-18,13:16:00,13:30:00,Wednesday,February,Off-Peak,3.32,14.0,1,Kolkata South,Kolkata Central,Kolkata South,Kolkata Central,22.48391,88.33481,22.55399,88.42939,100.84,0.0,0,100.84,UPI,Bike,4.9,Completed,Synthetic proxy (no real dataset exists for this city)
TRIP001358,Uber,Kolkata,2026-02-08,06:34:00,06:50:54,Sunday,February,Off-Peak,3.21,16.9,1,Kolkata North,Kolkata South,Kolkata North,Kolkata South,22.6203,88.31387,22.60971,88.39186,103.87,0.0,60,163.87,UPI,Auto,3.9,Cancelled by Customer,Synthetic proxy (no real dataset exists for this city)
TRIP001359,Uber,Kolkata,2026-02-18,00:09:00,00:12:30,Wednesday,February,Off-Peak,1.02,3.5,1,Kolkata Central,Kolkata East,Kolkata Central,Kolkata East,22.4844,88.36145,22.57375,88.30559,57.49,0.0,0,57.49,UPI,Prime SUV,3.8,Completed,Synthetic proxy (no real dataset exists for this city)
TRIP001360,Uber,Kolkata,2026-02-23,14:16:00,14:18:24,Monday,February,Off-Peak,0.5,2.4,2,Kolkata East,Kolkata Central,Kolkata East,Kolkata Central,22.57011,88.29391,22.65953,88.30421,49.6,0.0,0,49.6,UPI,Mini,4.8,Completed,Synthetic proxy (no real dataset exists for this city)
TRIP001361,Rapido,Kolkata,2026-01-09,11:18:00,11:36:18,Friday,January,Off-Peak,5.1,18.3,1,Kolkata Central,Kolkata West,Kolkata Central,Kolkata West,22.50548,88.29004,22.54168,88.27913,128.65,0.0,0,128.65,UPI,Prime SUV,3.8,Completed,Synthetic proxy (no real dataset exists for this city)
TRIP001362,Local Fleet,Kolkata,2026-01-08,20:47:00,20:49:54,Thursday,January,Off-Peak,0.5,2.9,1,Kolkata South,Kolkata North,Kolkata South,Kolkata North,22.64345,88.45621,22.57567,88.44449,50.35,0.0,0,50.35,UPI,Bike,4.1,Incomplete,Synthetic proxy (no real dataset exists for this city)
TRIP001363,Ola,Kolkata,2025-12-13,13:59:00,14:01:00,Saturday,December,Off-Peak,0.5,2.0,1,Kolkata East,Kolkata North,Kolkata East,Kolkata North,22.49105,88.32543,22.59128,88.2995,49.0,4.9,0,53.9,UPI,Prime Sedan,4.3,Completed,Synthetic proxy (no real dataset exists for this city)
TRIP001364,Uber,Kolkata,2026-01-01,09:56:00,10:02:54,Thursday,January,Peak,1.38,6.9,1,Kolkata West,Kolkata South,Kolkata West,Kolkata South,22.4751,88.34359,22.63574,88.38242,66.91,0.0,60,126.91,Wallet,Mini,4.0,Cancelled by Driver,Synthetic proxy (no real dataset exists for this city)
TRIP001365,Uber,Kolkata,2025-12-02,13:37:00,13:40:12,Tuesday,December,Off-Peak,0.7,3.2,1,Kolkata North,Kolkata Central,Kolkata North,Kolkata Central,22.59132,88.42335,22.50792,88.28284,53.2,0.0,0,53.2,UPI,Mini,4.9,Cancelled by Driver,Synthetic proxy (no real dataset exists for this city)
TRIP001366,Uber,Kolkata,2025-12-01,20:37:00,21:05:54,Monday,December,Off-Peak,7.49,28.9,1,Kolkata Central,Kolkata East,Kolkata Central,Kolkata East,22.53273,88.30977,22.57111,88.30759,173.23,8.66,0,181.89,Cash,eBike,4.4,Completed,Synthetic proxy (no real dataset exists for this city)
TRIP001367,Rapido,Kolkata,2026-02-11,05:22:00,05:48:36,Wednesday,February,Off-Peak,5.54,26.6,1,Kolkata South,Kolkata West,Kolkata South,Kolkata West,22.50627,88.27381,22.49464,88.3804,146.38,0.0,0,146.38,Cash,Auto,4.4,Completed,Synthetic proxy (no real dataset exists for this city)
TRIP001368,Ola,Kolkata,2026-02-23,04:01:00,04:10:36,Monday,February,Off-Peak,1.86,9.6,3,Kolkata North,Kolkata West,Kolkata North,Kolkata West,22.65477,88.31879,22.5061,88.27818,76.72,0.0,0,76.72,UPI,Mini,3.7,Completed,Synthetic proxy (no real dataset exists for this city)
TRIP001369,Ola,Kolkata,2025-12-18,10:10:00,10:36:06,Thursday,December,Off-Peak,7.16,26.1,2,Kolkata North,Kolkata West,Kolkata North,Kolkata West,22.50574,88.39678,22.50651,88.45944,165.07,0.0,0,165.07,Wallet,Prime SUV,4.5,Completed,Synthetic proxy (no real dataset exists for this city)
TRIP001370,Ola,Kolkata,2026-01-24,03:57:00,03:59:06,Saturday,January,Off-Peak,0.53,2.1,1,Kolkata Central,Kolkata North,Kolkata Central,Kolkata North,22.54901,88.26436,22.63221,88.34881,49.51,0.0,0,49.51,Card,Auto,4.1,Completed,Synthetic proxy (no real dataset exists for this city)
TRIP001371,Uber,Kolkata,2025-12-31,14:28:00,15:10:54,Wednesday,December,Off-Peak,9.9,42.9,1,Kolkata Central,Kolkata North,Kolkata Central,Kolkata North,22.4771,88.28184,22.49509,88.34515,223.15,11.16,0,234.31,Card,Prime Sedan,4.0,Completed,Synthetic proxy (no real dataset exists for this city)
TRIP001372,Local Fleet,Kolkata,2026-01-25,06:43:00,06:45:42,Sunday,January,Off-Peak,0.5,2.7,1,Kolkata South,Kolkata Central,Kolkata South,Kolkata Central,22.59492,88.31297,22.5037,88.28191,50.05,0.0,0,50.05,UPI,Mini,3.5,Completed,Synthetic proxy (no real dataset exists for this city)
TRIP001373,Uber,Kolkata,2026-01-16,09:47:00,09:53:18,Friday,January,Peak,1.28,6.3,1,Kolkata East,Kolkata West,Kolkata East,Kolkata West,22.56316,88.30142,22.47755,88.32904,64.81,0.0,0,64.81,Cash,Prime SUV,4.8,Completed,Synthetic proxy (no real dataset exists for this city)
TRIP001374,Ola,Kolkata,2026-02-21,02:51:00,03:16:42,Saturday,February,Off-Peak,4.88,25.7,1,Kolkata West,Kolkata Central,Kolkata West,Kolkata Central,22.63904,88.31914,22.58284,88.38942,137.11,0.0,0,137.11,UPI,Prime Sedan,4.7,Completed,Synthetic proxy (no real dataset exists for this city)
TRIP001375,Rapido,Kolkata,2026-02-06,05:35:00,05:38:42,Friday,February,Off-Peak,0.64,3.7,3,Kolkata South,Kolkata North,Kolkata South,Kolkata North,22.56468,88.3179,22.61958,88.38707,53.23,0.0,60,113.23,Wallet,Auto,3.8,Completed,Synthetic proxy (no real dataset exists for this city)
TRIP001376,Ola,Kolkata,2025-12-22,17:23:00,17:25:24,Monday,December,Off-Peak,0.5,2.4,2,Kolkata South,Kolkata West,Kolkata South,Kolkata West,22.66729,88.34201,22.47503,88.34382,49.6,0.0,0,49.6,Cash,Prime SUV,3.8,Completed,Synthetic proxy (no real dataset exists for this city)
TRIP001377,Local Fleet,Kolkata,2026-01-02,11:44:00,11:57:48,Friday,January,Off-Peak,4.59,13.8,1,Kolkata West,Kolkata East,Kolkata West,Kolkata East,22.52283,88.31405,22.5815,88.26644,115.78,0.0,40,155.78,Cash,eBike,3.8,Completed,Synthetic proxy (no real dataset exists for this city)
TRIP001378,Uber,Kolkata,2026-02-14,11:17:00,11:29:54,Saturday,February,Off-Peak,2.71,12.9,1,Kolkata East,Kolkata West,Kolkata East,Kolkata West,22.60501,88.31387,22.57683,88.39586,91.87,9.19,0,101.06,UPI,Auto,4.5,Cancelled by Driver,Synthetic proxy (no real dataset exists for this city)
TRIP001379,Rapido,Kolkata,2025-12-27,02:21:00,02:28:36,Saturday,December,Off-Peak,2.05,7.6,1,Kolkata South,Kolkata Central,Kolkata South,Kolkata Central,22.57235,88.38977,22.54256,88.38058,76.0,0.0,0,76.0,Card,Auto,4.8,Cancelled by Customer,Synthetic proxy (no real dataset exists for this city)
TRIP001380,Local Fleet,Kolkata,2025-12-16,10:18:00,10:23:18,Tuesday,December,Off-Peak,1.12,5.3,1,Kolkata North,Kolkata Central,Kolkata North,Kolkata Central,22.49144,88.32827,22.59243,88.28955,61.39,0.0,0,61.39,Cash,Mini,4.7,Incomplete,Synthetic proxy (no real dataset exists for this city)
TRIP001381,Ola,Kolkata,2025-12-15,23:22:00,23:47:06,Monday,December,Off-Peak,7.72,25.1,4,Kolkata East,Kolkata South,Kolkata East,Kolkata South,22.47227,88.30206,22.62974,88.27788,170.29,8.51,60,238.8,Cash,eBike,4.6,Completed,Synthetic proxy (no real dataset exists for this city)
TRIP001382,Uber,Kolkata,2026-02-07,08:06:00,08:11:18,Saturday,February,Peak,0.93,5.3,1,Kolkata Central,Kolkata West,Kolkata Central,Kolkata West,22.49338,88.36513,22.47438,88.34125,59.11,0.0,0,59.11,UPI,Bike,4.2,Cancelled by Driver,Synthetic proxy (no real dataset exists for this city)
TRIP001383,Uber,Kolkata,2026-01-27,17:01:00,17:09:30,Tuesday,January,Off-Peak,1.73,8.5,1,Kolkata North,Kolkata East,Kolkata North,Kolkata East,22.53958,88.26757,22.65861,88.29915,73.51,0.0,0,73.51,UPI,Bike,4.9,Cancelled by Customer,Synthetic proxy (no real dataset exists for this city)
TRIP001384,Uber,Kolkata,2025-12-02,20:42:00,20:54:00,Tuesday,December,Off-Peak,2.03,12.0,2,Kolkata East,Kolkata East,Kolkata East,Kolkata East,22.55885,88.38237,22.53451,88.33684,82.36,0.0,0,82.36,Cash,Prime SUV,4.7,Completed,Synthetic proxy (no real dataset exists for this city)
TRIP001385,Local Fleet,Kolkata,2026-01-21,10:13:00,10:53:30,Wednesday,January,Off-Peak,9.21,40.5,2,Kolkata West,Kolkata North,Kolkata West,Kolkata North,22.49527,88.32639,22.47403,88.31909,211.27,0.0,0,211.27,Cash,Mini,4.0,Completed,Synthetic proxy (no real dataset exists for this city)
TRIP001386,Rapido,Kolkata,2025-12-24,20:57:00,21:08:12,Wednesday,December,Off-Peak,3.01,11.2,3,Kolkata East,Kolkata West,Kolkata East,Kolkata West,22.48277,88.27101,22.51826,88.26751,92.92,0.0,0,92.92,Card,Auto,4.9,Completed,Synthetic proxy (no real dataset exists for this city)
TRIP001387,Uber,Kolkata,2026-02-25,00:20:00,00:41:48,Wednesday,February,Off-Peak,5.04,21.8,1,Kolkata South,Kolkata West,Kolkata South,Kolkata West,22.66367,88.45172,22.56551,88.38973,133.18,0.0,0,133.18,Card,Bike,4.6,Completed,Synthetic proxy (no real dataset exists for this city)
TRIP001388,Rapido,Kolkata,2026-01-07,21:37:00,21:50:18,Wednesday,January,Off-Peak,2.64,13.3,2,Kolkata North,Kolkata North,Kolkata North,Kolkata North,22.50071,88.43448,22.66198,88.36755,91.63,0.0,0,91.63,UPI,Prime SUV,4.0,Cancelled by Customer,Synthetic proxy (no real dataset exists for this city)
TRIP001389,Uber,Kolkata,2026-02-28,03:15:00,04:08:18,Saturday,February,Off-Peak,9.96,53.3,2,Kolkata Central,Kolkata Central,Kolkata Central,Kolkata Central,22.48729,88.35632,22.55531,88.42124,239.47,0.0,0,239.47,UPI,Auto,4.8,Completed,Synthetic proxy (no real dataset exists for this city)
TRIP001390,Ola,Kolkata,2025-12-22,09:56:00,10:12:42,Monday,December,Peak,4.95,16.7,3,Kolkata Central,Kolkata West,Kolkata Central,Kolkata West,22.52067,88.29322,22.50903,88.45678,124.45,0.0,40,164.45,Cash,eBike,4.6,Completed,Synthetic proxy (no real dataset exists for this city)
TRIP001391,Local Fleet,Kolkata,2026-02-14,19:41:00,19:51:30,Saturday,February,Peak,1.9,10.5,1,Kolkata North,Kolkata North,Kolkata North,Kolkata North,22.55975,88.44142,22.55234,88.34852,78.55,0.0,60,138.55,UPI,Mini,3.9,Completed,Synthetic proxy (no real dataset exists for this city)
TRIP001392,Ola,Kolkata,2026-01-19,08:33:00,08:48:00,Monday,January,Peak,3.23,15.0,1,Kolkata Central,Kolkata Central,Kolkata Central,Kolkata Central,22.63892,88.26012,22.56565,88.26396,101.26,5.06,0,106.32,UPI,Prime Sedan,4.2,Cancelled by Driver,Synthetic proxy (no real dataset exists for this city)
TRIP001393,Uber,Kolkata,2026-01-24,18:11:00,18:13:36,Saturday,January,Peak,0.5,2.6,2,Kolkata Central,Kolkata West,Kolkata Central,Kolkata West,22.61936,88.40256,22.60162,88.44076,49.9,0.0,0,49.9,Cash,eBike,4.9,Completed,Synthetic proxy (no real dataset exists for this city)
TRIP001394,Rapido,Kolkata,2026-02-09,16:04:00,16:25:30,Monday,February,Off-Peak,4.21,21.5,2,Kolkata West,Kolkata North,Kolkata West,Kolkata North,22.5893,88.32075,22.50682,88.2999,122.77,6.14,0,128.91,UPI,Auto,3.9,Completed,Synthetic proxy (no real dataset exists for this city)
TRIP001395,Local Fleet,Kolkata,2026-02-27,21:58:00,22:15:18,Friday,February,Off-Peak,4.99,17.3,1,Kolkata North,Kolkata South,Kolkata North,Kolkata South,22.63689,88.34286,22.59671,88.39289,125.83,0.0,0,125.83,Cash,Auto,5.0,Completed,Synthetic proxy (no real dataset exists for this city)
TRIP001396,Uber,Kolkata,2025-12-28,04:01:00,04:14:48,Sunday,December,Off-Peak,2.93,13.8,3,Kolkata South,Kolkata North,Kolkata South,Kolkata North,22.51433,88.31901,22.52304,88.42967,95.86,0.0,0,95.86,Cash,Mini,4.8,Cancelled by Driver,Synthetic proxy (no real dataset exists for this city)
TRIP001397,Uber,Kolkata,2025-12-03,05:19:00,05:25:12,Wednesday,December,Off-Peak,1.24,6.2,1,Kolkata West,Kolkata South,Kolkata West,Kolkata South,22.54594,88.37649,22.59432,88.34746,64.18,0.0,0,64.18,UPI,Auto,5.0,Completed,Synthetic proxy (no real dataset exists for this city)
TRIP001398,Uber,Kolkata,2026-02-08,23:32:00,23:34:54,Sunday,February,Off-Peak,0.5,2.9,2,Kolkata Central,Kolkata Central,Kolkata Central,Kolkata Central,22.59193,88.29465,22.64716,88.37496,50.35,0.0,40,90.35,UPI,Prime SUV,4.5,Completed,Synthetic proxy (no real dataset exists for this city)
TRIP001399,Ola,Kolkata,2026-02-01,07:01:00,07:06:12,Sunday,February,Off-Peak,1.24,5.2,4,Kolkata North,Kolkata West,Kolkata North,Kolkata West,22.47884,88.29266,22.55487,88.28621,62.68,0.0,0,62.68,UPI,eBike,4.1,Completed,Synthetic proxy (no real dataset exists for this city)
TRIP001400,Local Fleet,Kolkata,2026-01-13,17:11:00,17:47:12,Tuesday,January,Off-Peak,7.36,36.2,3,Kolkata South,Kolkata Central,Kolkata South,Kolkata Central,22.60046,88.26141,22.59662,88.35287,182.62,0.0,0,182.62,UPI,eBike,4.6,Completed,Synthetic proxy (no real dataset exists for this city)
TRIP001401,Uber,Pune,2026-02-27,10:25:00,10:47:42,Friday,February,Off-Peak,7.08,22.7,3,Pune South,Pune Central,Pune South,Pune Central,18.61564,73.94724,18.47623,73.83718,159.01,0.0,0,159.01,UPI,Prime Sedan,4.7,Completed,Synthetic proxy (no real dataset exists for this city)
TRIP001402,Ola,Pune,2026-02-11,01:28:00,01:42:42,Wednesday,February,Off-Peak,2.54,14.7,2,Pune South,Pune East,Pune South,Pune East,18.50685,73.95809,18.54334,73.85795,92.53,0.0,0,92.53,UPI,Prime SUV,3.9,Completed,Synthetic proxy (no real dataset exists for this city)
TRIP001403,Ola,Pune,2025-12-03,01:32:00,01:38:18,Wednesday,December,Off-Peak,1.76,6.3,3,Pune South,Pune North,Pune South,Pune North,18.59302,73.94597,18.57873,73.84524,70.57,0.0,0,70.57,Wallet,Prime Sedan,4.6,Cancelled by Driver,Synthetic proxy (no real dataset exists for this city)
TRIP001404,Uber,Pune,2025-12-28,01:26:00,02:22:30,Sunday,December,Off-Peak,10.49,56.5,3,Pune North,Pune South,Pune North,Pune South,18.42799,73.88756,18.49253,73.79074,250.63,0.0,0,250.63,Wallet,Prime Sedan,4.2,Completed,Synthetic proxy (no real dataset exists for this city)
TRIP001405,Rapido,Pune,2025-12-03,20:35:00,21:01:48,Wednesday,December,Off-Peak,5.17,26.8,2,Pune West,Pune East,Pune West,Pune East,18.44979,73.83081,18.55264,73.88033,142.24,0.0,0,142.24,UPI,Prime Sedan,4.0,Completed,Synthetic proxy (no real dataset exists for this city)
TRIP001406,Local Fleet,Pune,2026-01-03,21:36:00,22:03:12,Saturday,January,Off-Peak,4.86,27.2,2,Pune East,Pune Central,Pune East,Pune Central,18.48753,73.80782,18.55,73.87841,139.12,6.96,0,146.08,UPI,eBike,4.6,Completed,Synthetic proxy (no real dataset exists for this city)
TRIP001407,Rapido,Pune,2026-01-27,23:17:00,23:22:54,Tuesday,January,Off-Peak,1.27,5.9,4,Pune South,Pune North,Pune South,Pune North,18.43497,73.89575,18.59952,73.86086,64.09,0.0,0,64.09,UPI,eBike,3.7,Completed,Synthetic proxy (no real dataset exists for this city)
TRIP001408,Local Fleet,Pune,2026-01-01,11:53:00,12:06:00,Thursday,January,Off-Peak,3.02,13.0,1,Pune West,Pune Central,Pune West,Pune Central,18.5969,73.85219,18.56015,73.79556,95.74,0.0,0,95.74,UPI,Prime Sedan,4.0,Completed,Synthetic proxy (no real dataset exists for this city)
TRIP001409,Rapido,Pune,2026-01-09,05:13:00,05:17:24,Friday,January,Off-Peak,1.4,4.4,2,Pune East,Pune North,Pune East,Pune North,18.53038,73.85232,18.4711,73.7776,63.4,6.34,0,69.74,UPI,Prime SUV,4.7,Completed,Synthetic proxy (no real dataset exists for this city)
TRIP001410,Rapido,Pune,2026-02-24,00:47:00,01:41:42,Tuesday,February,Off-Peak,13.33,54.7,1,Pune North,Pune South,Pune North,Pune South,18.46874,73.86877,18.43251,73.82678,282.01,0.0,0,282.01,Card,Auto,4.9,Completed,Synthetic proxy (no real dataset exists for this city)
TRIP001411,Rapido,Pune,2026-02-26,06:44:00,07:26:06,Thursday,February,Off-Peak,7.07,42.1,3,Pune West,Pune North,Pune West,Pune North,18.54411,73.76259,18.55108,73.90193,187.99,0.0,0,187.99,Cash,Prime SUV,3.7,Completed,Synthetic proxy (no real dataset exists for this city)
TRIP001412,Rapido,Pune,2026-01-17,23:03:00,23:21:00,Saturday,January,Off-Peak,4.81,18.0,1,Pune Central,Pune North,Pune Central,Pune North,18.58316,73.89698,18.42515,73.76143,124.72,6.24,0,130.96,UPI,Bike,3.7,Completed,Synthetic proxy (no real dataset exists for this city)
TRIP001413,Local Fleet,Pune,2025-12-19,09:47:00,10:33:00,Friday,December,Peak,7.97,46.0,2,Pune East,Pune South,Pune East,Pune South,18.51816,73.84072,18.60952,73.86427,204.64,0.0,0,204.64,UPI,Prime SUV,4.5,Completed,Synthetic proxy (no real dataset exists for this city)
TRIP001414,Local Fleet,Pune,2025-12-04,19:09:00,19:11:42,Thursday,December,Peak,0.5,2.7,1,Pune Central,Pune East,Pune Central,Pune East,18.44851,73.81441,18.43345,73.84805,50.05,0.0,0,50.05,Cash,Prime Sedan,4.6,Completed,Synthetic proxy (no real dataset exists for this city)
TRIP001415,Local Fleet,Pune,2025-12-03,03:30:00,03:43:36,Wednesday,December,Off-Peak,4.0,13.6,1,Pune West,Pune West,Pune West,Pune West,18.53478,73.89182,18.55423,73.87792,108.4,0.0,0,108.4,UPI,eBike,3.9,Completed,Synthetic proxy (no real dataset exists for this city)
TRIP001416,Uber,Pune,2026-01-26,05:23:00,05:40:24,Monday,January,Off-Peak,4.25,17.4,1,Pune North,Pune South,Pune North,Pune South,18.49154,73.85644,18.46673,73.91098,117.1,0.0,0,117.1,UPI,Prime Sedan,4.0,Completed,Synthetic proxy (no real dataset exists for this city)
TRIP001417,Uber,Pune,2026-01-09,03:52:00,03:53:36,Friday,January,Off-Peak,0.5,1.6,3,Pune East,Pune North,Pune East,Pune North,18.60731,73.9336,18.57404,73.80189,48.4,0.0,0,48.4,UPI,Prime Sedan,4.7,Incomplete,Synthetic proxy (no real dataset exists for this city)
TRIP001418,Uber,Pune,2026-02-10,13:29:00,13:55:18,Tuesday,February,Off-Peak,6.01,26.3,1,Pune South,Pune Central,Pune South,Pune Central,18.5892,73.76093,18.49851,73.9526,151.57,7.58,0,159.15,UPI,Prime Sedan,3.9,Completed,Synthetic proxy (no real dataset exists for this city)
TRIP001419,Local Fleet,Pune,2026-02-16,17:57:00,18:20:36,Monday,February,Off-Peak,4.29,23.6,4,Pune Central,Pune Central,Pune Central,Pune Central,18.60432,73.81522,18.56976,73.78333,126.88,12.69,0,139.57,UPI,Mini,4.3,Completed,Synthetic proxy (no real dataset exists for this city)
TRIP001420,Ola,Pune,2026-01-10,08:04:00,08:22:36,Saturday,January,Peak,4.28,18.6,1,Pune East,Pune East,Pune East,Pune East,18.44682,73.94889,18.46737,73.85904,119.26,0.0,0,119.26,Card,Bike,4.6,Completed,Synthetic proxy (no real dataset exists for this city)
TRIP001421,Rapido,Pune,2026-02-26,00:25:00,00:52:48,Thursday,February,Off-Peak,7.27,27.8,1,Pune West,Pune South,Pune West,Pune South,18.42246,73.8336,18.43357,73.82345,168.94,0.0,0,168.94,Cash,Prime SUV,4.6,Completed,Synthetic proxy (no real dataset exists for this city)
TRIP001422,Uber,Pune,2025-12-27,06:02:00,06:06:30,Saturday,December,Off-Peak,1.48,4.5,1,Pune South,Pune West,Pune South,Pune West,18.43561,73.93616,18.48209,73.80609,64.51,0.0,0,64.51,Cash,Auto,4.3,Incomplete,Synthetic proxy (no real dataset exists for this city)
TRIP001423,Local Fleet,Pune,2026-01-09,04:27:00,04:33:48,Friday,January,Off-Peak,1.14,6.8,1,Pune Central,Pune South,Pune Central,Pune South,18.57887,73.79745,18.52321,73.90254,63.88,0.0,0,63.88,UPI,Bike,4.9,Completed,Synthetic proxy (no real dataset exists for this city)
TRIP001424,Uber,Pune,2025-12-17,17:59:00,18:05:06,Wednesday,December,Off-Peak,1.08,6.1,1,Pune North,Pune East,Pune North,Pune East,18.55366,73.83876,18.60221,73.78591,62.11,0.0,0,62.11,UPI,Auto,4.8,Completed,Synthetic proxy (no real dataset exists for this city)
TRIP001425,Ola,Pune,2026-02-19,13:08:00,13:35:30,Thursday,February,Off-Peak,8.25,27.5,1,Pune Central,Pune South,Pune Central,Pune South,18.50247,73.90114,18.59045,73.94155,180.25,0.0,0,180.25,UPI,Bike,3.6,Cancelled by Driver,Synthetic proxy (no real dataset exists for this city)
TRIP001426,Rapido,Pune,2026-01-09,14:21:00,14:38:06,Friday,January,Off-Peak,3.08,17.1,1,Pune South,Pune Central,Pune South,Pune Central,18.5696,73.88695,18.59442,73.81536,102.61,10.26,0,112.87,UPI,Auto,4.7,Cancelled by Customer,Synthetic proxy (no real dataset exists for this city)
TRIP001427,Uber,Pune,2025-12-02,02:14:00,02:21:30,Tuesday,December,Off-Peak,1.27,7.5,2,Pune South,Pune Central,Pune South,Pune Central,18.51819,73.93394,18.56338,73.79628,66.49,0.0,0,66.49,UPI,Prime Sedan,4.8,Cancelled by Driver,Synthetic proxy (no real dataset exists for this city)
TRIP001428,Ola,Pune,2026-01-13,08:53:00,09:02:30,Tuesday,January,Peak,1.84,9.5,3,Pune Central,Pune East,Pune Central,Pune East,18.60459,73.84987,18.5321,73.82494,76.33,0.0,0,76.33,Card,Prime Sedan,4.6,Completed,Synthetic proxy (no real dataset exists for this city)
TRIP001429,Ola,Pune,2025-12-12,15:55:00,15:58:00,Friday,December,Off-Peak,0.5,3.0,1,Pune Central,Pune Central,Pune Central,Pune Central,18.44107,73.95133,18.57576,73.78455,50.5,0.0,0,50.5,UPI,Bike,3.9,Cancelled by Driver,Synthetic proxy (no real dataset exists for this city)
TRIP001430,Uber,Pune,2026-01-08,17:40:00,17:58:42,Thursday,January,Off-Peak,3.36,18.7,1,Pune East,Pune North,Pune East,Pune North,18.59224,73.94859,18.49569,73.92468,108.37,0.0,0,108.37,UPI,Prime SUV,4.7,Completed,Synthetic proxy (no real dataset exists for this city)
TRIP001431,Uber,Pune,2026-01-21,11:40:00,11:55:00,Wednesday,January,Off-Peak,2.71,15.0,3,Pune Central,Pune Central,Pune Central,Pune Central,18.53542,73.77299,18.58462,73.94135,95.02,0.0,0,95.02,UPI,Bike,4.3,Incomplete,Synthetic proxy (no real dataset exists for this city)
TRIP001432,Local Fleet,Pune,2026-01-06,22:53:00,23:22:48,Tuesday,January,Off-Peak,5.09,29.8,1,Pune Central,Pune East,Pune Central,Pune East,18.61825,73.90027,18.54551,73.82486,145.78,7.29,0,153.07,UPI,Prime SUV,4.4,Completed,Synthetic proxy (no real dataset exists for this city)
TRIP001433,Uber,Pune,2025-12-20,11:42:00,11:46:12,Saturday,December,Off-Peak,1.07,4.2,1,Pune Central,Pune West,Pune Central,Pune West,18.53468,73.93587,18.42678,73.93672,59.14,0.0,0,59.14,UPI,Auto,4.9,Completed,Synthetic proxy (no real dataset exists for this city)
TRIP001434,Uber,Pune,2026-01-23,20:36:00,21:09:54,Friday,January,Off-Peak,7.44,33.9,1,Pune North,Pune Central,Pune North,Pune Central,18.56021,73.90601,18.47065,73.76278,180.13,18.01,0,198.14,Cash,Mini,4.6,Cancelled by Driver,Synthetic proxy (no real dataset exists for this city)
TRIP001435,Ola,Pune,2025-12-11,20:03:00,20:23:12,Thursday,December,Off-Peak,4.37,20.2,4,Pune West,Pune West,Pune West,Pune West,18.42072,73.82487,18.61029,73.79085,122.74,0.0,0,122.74,UPI,Prime Sedan,4.7,Completed,Synthetic proxy (no real dataset exists for this city)
TRIP001436,Ola,Pune,2026-02-24,14:58:00,15:33:54,Tuesday,February,Off-Peak,6.13,35.9,1,Pune North,Pune South,Pune North,Pune South,18.60683,73.87892,18.57054,73.93163,167.41,0.0,0,167.41,UPI,Mini,3.6,Completed,Synthetic proxy (no real dataset exists for this city)
TRIP001437,Rapido,Pune,2026-02-23,22:34:00,22:46:18,Monday,February,Off-Peak,2.64,12.3,1,Pune North,Pune East,Pune North,Pune East,18.46725,73.91233,18.52096,73.9234,90.13,0.0,0,90.13,Cash,eBike,4.3,Completed,Synthetic proxy (no real dataset exists for this city)
TRIP001438,Local Fleet,Pune,2026-01-10,17:44:00,17:58:36,Saturday,January,Off-Peak,3.45,14.6,2,Pune West,Pune Central,Pune West,Pune Central,18.50906,73.80781,18.58056,73.86902,103.3,0.0,0,103.3,UPI,Auto,3.6,Cancelled by Driver,Synthetic proxy (no real dataset exists for this city)
TRIP001439,Uber,Pune,2026-01-14,12:37:00,12:52:48,Wednesday,January,Off-Peak,3.99,15.8,2,Pune East,Pune East,Pune East,Pune East,18.56895,73.77315,18.49394,73.78175,111.58,0.0,0,111.58,UPI,Bike,4.6,Cancelled by Customer,Synthetic proxy (no real dataset exists for this city)
TRIP001440,Local Fleet,Pune,2026-01-15,15:39:00,16:11:48,Thursday,January,Off-Peak,6.18,32.8,3,Pune North,Pune Central,Pune North,Pune Central,18.53578,73.76388,18.50583,73.88338,163.36,0.0,0,163.36,UPI,Auto,4.3,Incomplete,Synthetic proxy (no real dataset exists for this city)
TRIP001441,Uber,Pune,2026-02-12,04:58:00,05:59:36,Thursday,February,Off-Peak,13.99,61.6,1,Pune East,Pune East,Pune East,Pune East,18.60711,73.93331,18.47422,73.79631,300.28,0.0,60,360.28,Card,Bike,3.7,Cancelled by Driver,Synthetic proxy (no real dataset exists for this city)
TRIP001442,Ola,Pune,2026-01-22,23:55:00,00:23:48,Thursday,January,Off-Peak,8.3,28.8,1,Pune West,Pune South,Pune West,Pune South,18.50617,73.78545,18.56983,73.92938,182.8,9.14,0,191.94,Card,eBike,3.9,Cancelled by Customer,Synthetic proxy (no real dataset exists for this city)
TRIP001443,Local Fleet,Pune,2026-01-22,13:12:00,13:14:54,Thursday,January,Off-Peak,0.5,2.9,1,Pune North,Pune East,Pune North,Pune East,18.52312,73.89038,18.50519,73.93401,50.35,0.0,0,50.35,Cash,Prime SUV,4.2,Cancelled by Driver,Synthetic proxy (no real dataset exists for this city)
TRIP001444,Uber,Pune,2026-02-21,11:39:00,11:45:24,Saturday,February,Off-Peak,1.96,6.4,1,Pune East,Pune Central,Pune East,Pune Central,18.53277,73.87922,18.55031,73.86495,73.12,0.0,0,73.12,Card,Auto,4.4,Cancelled by Customer,Synthetic proxy (no real dataset exists for this city)
TRIP001445,Local Fleet,Pune,2026-01-23,05:55:00,06:26:30,Friday,January,Off-Peak,9.36,31.5,2,Pune South,Pune North,Pune South,Pune North,18.44152,73.95094,18.50428,73.88963,199.57,19.96,0,219.53,Wallet,Prime SUV,3.7,Completed,Synthetic proxy (no real dataset exists for this city)
TRIP001446,Ola,Pune,2026-02-24,04:36:00,04:48:06,Tuesday,February,Off-Peak,3.93,12.1,1,Pune North,Pune Central,Pune North,Pune Central,18.50277,73.78111,18.45158,73.89469,105.31,5.27,60,170.58,Wallet,Bike,4.1,Completed,Synthetic proxy (no real dataset exists for this city)
TRIP001447,Uber,Pune,2025-12-11,22:33:00,22:48:12,Thursday,December,Off-Peak,3.1,15.2,1,Pune West,Pune Central,Pune West,Pune Central,18.4281,73.79694,18.58372,73.76061,100.0,0.0,0,100.0,UPI,Auto,4.4,Completed,Synthetic proxy (no real dataset exists for this city)
TRIP001448,Local Fleet,Pune,2026-01-23,19:04:00,19:06:54,Friday,January,Peak,0.5,2.9,1,Pune West,Pune East,Pune West,Pune East,18.58811,73.95203,18.50327,73.93551,50.35,5.04,0,55.39,UPI,Prime SUV,4.0,Completed,Synthetic proxy (no real dataset exists for this city)
TRIP001449,Uber,Pune,2026-02-15,10:20:00,11:22:42,Sunday,February,Off-Peak,11.2,62.7,1,Pune South,Pune North,Pune South,Pune North,18.48268,73.94205,18.42931,73.83122,268.45,0.0,0,268.45,Cash,Prime SUV,4.2,Completed,Synthetic proxy (no real dataset exists for this city)
TRIP001450,Ola,Pune,2026-02-10,00:04:00,00:22:18,Tuesday,February,Off-Peak,4.64,18.3,3,Pune West,Pune West,Pune West,Pune West,18.60936,73.79464,18.5644,73.82453,123.13,0.0,0,123.13,UPI,Prime SUV,4.5,Completed,Synthetic proxy (no real dataset exists for this city)
TRIP001451,Rapido,Pune,2025-12-08,21:25:00,21:41:00,Monday,December,Off-Peak,4.81,16.0,1,Pune South,Pune West,Pune South,Pune West,18.55734,73.86302,18.44956,73.77345,121.72,0.0,0,121.72,UPI,Auto,4.0,Cancelled by Driver,Synthetic proxy (no real dataset exists for this city)
TRIP001452,Ola,Pune,2026-01-30,15:32:00,15:38:42,Friday,January,Off-Peak,1.44,6.7,4,Pune South,Pune North,Pune South,Pune North,18.4627,73.81745,18.57722,73.89733,67.33,0.0,40,107.33,UPI,Prime Sedan,4.8,Cancelled by Driver,Synthetic proxy (no real dataset exists for this city)
TRIP001453,Ola,Pune,2026-01-30,05:24:00,06:19:18,Friday,January,Off-Peak,14.55,55.3,2,Pune West,Pune West,Pune West,Pune West,18.56765,73.95847,18.57419,73.78579,297.55,0.0,0,297.55,Card,Prime Sedan,4.5,Completed,Synthetic proxy (no real dataset exists for this city)
TRIP001454,Uber,Pune,2026-02-23,00:12:00,01:52:54,Monday,February,Off-Peak,20.77,100.9,2,Pune South,Pune South,Pune South,Pune South,18.58293,73.91775,18.53335,73.94411,440.59,0.0,60,500.59,UPI,Auto,3.7,Completed,Synthetic proxy (no real dataset exists for this city)
TRIP001455,Uber,Pune,2025-12-05,18:17:00,18:28:30,Friday,December,Peak,2.14,11.5,2,Pune North,Pune West,Pune North,Pune West,18.5925,73.76739,18.5187,73.79536,82.93,8.29,0,91.22,UPI,Auto,4.0,Completed,Synthetic proxy (no real dataset exists for this city)
TRIP001456,Local Fleet,Pune,2026-01-20,12:18:00,12:25:06,Tuesday,January,Off-Peak,1.71,7.1,1,Pune West,Pune West,Pune West,Pune West,18.50434,73.82282,18.47242,73.88459,71.17,0.0,0,71.17,Card,Auto,3.7,Cancelled by Driver,Synthetic proxy (no real dataset exists for this city)
TRIP001457,Rapido,Pune,2025-12-28,19:15:00,19:25:00,Sunday,December,Peak,2.31,10.0,4,Pune Central,Pune East,Pune Central,Pune East,18.56549,73.91927,18.45926,73.8955,82.72,8.27,0,90.99,Wallet,Prime Sedan,4.3,Completed,Synthetic proxy (no real dataset exists for this city)
TRIP001458,Ola,Pune,2026-02-01,21:50:00,22:06:12,Sunday,February,Off-Peak,2.99,16.2,4,Pune West,Pune North,Pune West,Pune North,18.57502,73.90333,18.50059,73.90186,100.18,10.02,0,110.2,Cash,Bike,3.7,Cancelled by Driver,Synthetic proxy (no real dataset exists for this city)
TRIP001459,Ola,Pune,2025-12-17,13:14:00,13:15:54,Wednesday,December,Off-Peak,0.5,1.9,4,Pune Central,Pune West,Pune Central,Pune West,18.56992,73.80665,18.58624,73.82834,48.85,2.44,0,51.29,UPI,Prime SUV,4.7,Completed,Synthetic proxy (no real dataset exists for this city)
TRIP001460,Ola,Pune,2026-02-27,13:54:00,14:09:24,Friday,February,Off-Peak,2.72,15.4,3,Pune West,Pune Central,Pune West,Pune Central,18.44407,73.95366,18.4562,73.7649,95.74,0.0,0,95.74,UPI,Prime SUV,4.2,Completed,Synthetic proxy (no real dataset exists for this city)
TRIP001461,Ola,Pune,2026-02-18,16:01:00,16:36:42,Wednesday,February,Off-Peak,7.39,35.7,1,Pune West,Pune Central,Pune West,Pune Central,18.50327,73.81139,18.59754,73.92124,182.23,0.0,0,182.23,Wallet,Bike,4.0,Completed,Synthetic proxy (no real dataset exists for this city)
TRIP001462,Uber,Pune,2026-02-03,00:59:00,01:28:18,Tuesday,February,Off-Peak,7.07,29.3,1,Pune West,Pune East,Pune West,Pune East,18.46171,73.88506,18.44192,73.85622,168.79,0.0,0,168.79,Cash,Mini,3.6,Completed,Synthetic proxy (no real dataset exists for this city)
TRIP001463,Ola,Pune,2025-12-27,21:02:00,21:03:54,Saturday,December,Off-Peak,0.5,1.9,1,Pune Central,Pune West,Pune Central,Pune West,18.51843,73.83116,18.43554,73.83074,48.85,0.0,0,48.85,UPI,Auto,4.3,Completed,Synthetic proxy (no real dataset exists for this city)
TRIP001464,Uber,Pune,2026-01-15,15:59:00,16:12:30,Thursday,January,Off-Peak,2.4,13.5,1,Pune East,Pune Central,Pune East,Pune Central,18.46993,73.86671,18.54707,73.80533,89.05,0.0,0,89.05,UPI,Bike,4.8,Incomplete,Synthetic proxy (no real dataset exists for this city)
TRIP001465,Local Fleet,Pune,2025-12-02,01:20:00,01:26:36,Tuesday,December,Off-Peak,1.14,6.6,1,Pune South,Pune South,Pune South,Pune South,18.49138,73.83536,18.44197,73.95681,63.58,0.0,0,63.58,Cash,Prime Sedan,4.9,Cancelled by Driver,Synthetic proxy (no real dataset exists for this city)
TRIP001466,Ola,Pune,2026-01-01,04:54:00,05:02:30,Thursday,January,Off-Peak,2.36,8.5,4,Pune West,Pune South,Pune West,Pune South,18.60144,73.83168,18.60143,73.92511,81.07,0.0,40,121.07,UPI,Prime Sedan,4.4,Completed,Synthetic proxy (no real dataset exists for this city)
TRIP001467,Rapido,Pune,2025-12-05,03:38:00,03:49:18,Friday,December,Off-Peak,2.52,11.3,4,Pune West,Pune East,Pune West,Pune East,18.48156,73.84396,18.56654,73.84295,87.19,0.0,0,87.19,UPI,eBike,4.3,Completed,Synthetic proxy (no real dataset exists for this city)
TRIP001468,Ola,Pune,2026-02-18,00:15:00,00:33:00,Wednesday,February,Off-Peak,5.41,18.0,3,Pune North,Pune East,Pune North,Pune East,18.54309,73.84017,18.59704,73.76832,131.92,0.0,0,131.92,Cash,Bike,4.5,Completed,Synthetic proxy (no real dataset exists for this city)
TRIP001469,Ola,Pune,2026-02-09,13:54:00,13:55:36,Monday,February,Off-Peak,0.5,1.6,1,Pune North,Pune Central,Pune North,Pune Central,18.59098,73.93096,18.60396,73.9246,48.4,0.0,0,48.4,UPI,Auto,4.0,Cancelled by Driver,Synthetic proxy (no real dataset exists for this city)
TRIP001470,Uber,Pune,2026-01-16,00:33:00,00:36:42,Friday,January,Off-Peak,0.69,3.7,1,Pune North,Pune Central,Pune North,Pune Central,18.49605,73.89721,18.42816,73.88499,53.83,0.0,0,53.83,Card,Prime Sedan,4.7,Completed,Synthetic proxy (no real dataset exists for this city)
TRIP001471,Uber,Pune,2026-01-20,08:56:00,09:08:54,Tuesday,January,Peak,3.21,12.9,1,Pune South,Pune South,Pune South,Pune South,18.46887,73.92913,18.48387,73.92535,97.87,0.0,0,97.87,Card,eBike,4.3,Completed,Synthetic proxy (no real dataset exists for this city)
TRIP001472,Local Fleet,Pune,2025-12-02,14:39:00,14:42:06,Tuesday,December,Off-Peak,0.56,3.1,1,Pune West,Pune South,Pune West,Pune South,18.57735,73.84817,18.6169,73.86711,51.37,0.0,0,51.37,Wallet,Prime SUV,3.5,Completed,Synthetic proxy (no real dataset exists for this city)
TRIP001473,Rapido,Pune,2026-02-20,15:55:00,15:56:54,Friday,February,Off-Peak,0.5,1.9,2,Pune Central,Pune South,Pune Central,Pune South,18.47312,73.82724,18.53974,73.93487,48.85,2.44,0,51.29,UPI,Bike,4.4,Completed,Synthetic proxy (no real dataset exists for this city)
TRIP001474,Ola,Pune,2025-12-17,19:27:00,20:02:00,Wednesday,December,Peak,9.89,35.0,1,Pune North,Pune West,Pune North,Pune West,18.42827,73.92517,18.57602,73.81557,211.18,0.0,0,211.18,Cash,eBike,3.7,Completed,Synthetic proxy (no real dataset exists for this city)
TRIP001475,Local Fleet,Pune,2026-02-19,08:46:00,09:12:18,Thursday,February,Peak,7.44,26.3,1,Pune North,Pune West,Pune North,Pune West,18.54528,73.88373,18.58409,73.91249,168.73,0.0,0,168.73,Card,Prime Sedan,4.6,Completed,Synthetic proxy (no real dataset exists for this city)
TRIP001476,Local Fleet,Pune,2025-12-16,05:07:00,05:14:42,Tuesday,December,Off-Peak,1.79,7.7,3,Pune South,Pune West,Pune South,Pune West,18.56354,73.95784,18.53931,73.76797,73.03,0.0,0,73.03,UPI,Auto,4.8,Cancelled by Driver,Synthetic proxy (no real dataset exists for this city)
TRIP001477,Local Fleet,Pune,2025-12-05,02:42:00,02:47:42,Friday,December,Off-Peak,1.38,5.7,1,Pune North,Pune Central,Pune North,Pune Central,18.57993,73.94445,18.53357,73.79318,65.11,0.0,0,65.11,UPI,Prime SUV,4.1,Completed,Synthetic proxy (no real dataset exists for this city)
TRIP001478,Ola,Pune,2026-02-25,11:09:00,11:10:36,Wednesday,February,Off-Peak,0.5,1.6,1,Pune North,Pune West,Pune North,Pune West,18.48218,73.82107,18.55994,73.87156,48.4,2.42,0,50.82,UPI,Mini,3.7,Completed,Synthetic proxy (no real dataset exists for this city)
TRIP001479,Local Fleet,Pune,2026-01-02,19:29:00,19:52:00,Friday,January,Peak,7.62,23.0,1,Pune South,Pune South,Pune South,Pune South,18.52148,73.79034,18.4285,73.86052,165.94,0.0,40,205.94,Cash,Auto,4.5,Completed,Synthetic proxy (no real dataset exists for this city)
TRIP001480,Uber,Pune,2026-02-05,00:35:00,00:57:06,Thursday,February,Off-Peak,3.84,22.1,3,Pune West,Pune North,Pune West,Pune North,18.55122,73.88789,18.59836,73.9587,119.23,0.0,0,119.23,Cash,Bike,3.9,Completed,Synthetic proxy (no real dataset exists for this city)
TRIP001481,Local Fleet,Pune,2026-02-22,22:30:00,22:48:30,Sunday,February,Off-Peak,5.4,18.5,3,Pune Central,Pune South,Pune Central,Pune South,18.60764,73.95674,18.5107,73.76691,132.55,6.63,40,179.18,Wallet,Prime SUV,3.7,Completed,Synthetic proxy (no real dataset exists for this city)
TRIP001482,Ola,Pune,2025-12-18,06:54:00,07:21:06,Thursday,December,Off-Peak,5.57,27.1,3,Pune Central,Pune Central,Pune Central,Pune Central,18.55805,73.9459,18.53514,73.94143,147.49,0.0,0,147.49,Card,Auto,4.3,Completed,Synthetic proxy (no real dataset exists for this city)
TRIP001483,Local Fleet,Pune,2025-12-05,12:38:00,12:44:42,Friday,December,Off-Peak,1.71,6.7,1,Pune South,Pune East,Pune South,Pune East,18.43664,73.84984,18.53116,73.93045,70.57,0.0,0,70.57,UPI,Bike,3.6,Cancelled by Customer,Synthetic proxy (no real dataset exists for this city)
TRIP001484,Uber,Pune,2026-02-09,15:48:00,15:59:06,Monday,February,Off-Peak,2.49,11.1,4,Pune North,Pune West,Pune North,Pune West,18.47409,73.80035,18.53204,73.80017,86.53,0.0,60,146.53,UPI,eBike,4.7,Cancelled by Driver,Synthetic proxy (no real dataset exists for this city)
TRIP001485,Local Fleet,Pune,2025-12-17,13:44:00,14:05:54,Wednesday,December,Off-Peak,5.89,21.9,2,Pune East,Pune South,Pune East,Pune South,18.46477,73.9391,18.55989,73.84507,143.53,7.18,0,150.71,UPI,Prime Sedan,4.4,Completed,Synthetic proxy (no real dataset exists for this city)
TRIP001486,Ola,Pune,2025-12-17,07:03:00,07:39:00,Wednesday,December,Off-Peak,8.36,36.0,3,Pune North,Pune East,Pune North,Pune East,18.54936,73.94323,18.44354,73.90185,194.32,0.0,0,194.32,Wallet,Auto,5.0,Completed,Synthetic proxy (no real dataset exists for this city)
TRIP001487,Rapido,Pune,2025-12-02,09:04:00,09:06:42,Tuesday,December,Peak,0.5,2.7,1,Pune West,Pune North,Pune West,Pune North,18.59693,73.78141,18.54625,73.84834,50.05,0.0,0,50.05,UPI,Auto,4.0,Completed,Synthetic proxy (no real dataset exists for this city)
TRIP001488,Uber,Pune,2026-01-25,16:51:00,16:53:06,Sunday,January,Off-Peak,0.5,2.1,1,Pune West,Pune West,Pune West,Pune West,18.49259,73.9143,18.50701,73.89008,49.15,4.92,0,54.07,Wallet,eBike,4.0,Completed,Synthetic proxy (no real dataset exists for this city)
TRIP001489,Local Fleet,Pune,2026-02-27,11:19:00,11:21:36,Friday,February,Off-Peak,0.5,2.6,1,Pune East,Pune East,Pune East,Pune East,18.49609,73.87466,18.52432,73.91271,49.9,0.0,0,49.9,Wallet,Mini,4.5,Completed,Synthetic proxy (no real dataset exists for this city)
TRIP001490,Uber,Pune,2025-12-25,04:27:00,04:33:00,Thursday,December,Off-Peak,1.35,6.0,2,Pune South,Pune West,Pune South,Pune West,18.57573,73.92727,18.51877,73.84801,65.2,0.0,0,65.2,Card,eBike,5.0,Completed,Synthetic proxy (no real dataset exists for this city)
TRIP001491,Ola,Pune,2026-01-28,10:28:00,10:31:18,Wednesday,January,Off-Peak,0.58,3.3,2,Pune Central,Pune North,Pune Central,Pune North,18.45898,73.86936,18.54931,73.82579,51.91,5.19,60,117.1,UPI,Mini,4.7,Completed,Synthetic proxy (no real dataset exists for this city)
TRIP001492,Ola,Pune,2026-01-02,20:41:00,20:45:00,Friday,January,Off-Peak,0.8,4.0,4,Pune North,Pune East,Pune North,Pune East,18.49398,73.8243,18.59734,73.93063,55.6,0.0,0,55.6,UPI,Prime SUV,4.8,Completed,Synthetic proxy (no real dataset exists for this city)
TRIP001493,Uber,Pune,2026-01-21,18:42:00,18:43:54,Wednesday,January,Peak,0.58,1.9,1,Pune South,Pune South,Pune South,Pune South,18.50249,73.90171,18.47169,73.8449,49.81,0.0,0,49.81,Card,Auto,3.7,Completed,Synthetic proxy (no real dataset exists for this city)
TRIP001494,Rapido,Pune,2026-02-16,21:59:00,22:25:18,Monday,February,Off-Peak,5.61,26.3,1,Pune North,Pune South,Pune North,Pune South,18.52774,73.955,18.42902,73.86573,146.77,0.0,40,186.77,UPI,eBike,4.6,Completed,Synthetic proxy (no real dataset exists for this city)
TRIP001495,Rapido,Pune,2025-12-12,07:50:00,07:52:24,Friday,December,Off-Peak,0.5,2.4,1,Pune North,Pune Central,Pune North,Pune Central,18.42951,73.8296,18.49896,73.88377,49.6,0.0,0,49.6,Card,Prime SUV,4.3,Completed,Synthetic proxy (no real dataset exists for this city)
TRIP001496,Ola,Pune,2026-01-24,08:59:00,09:05:30,Saturday,January,Peak,2.14,6.5,1,Pune North,Pune North,Pune North,Pune North,18.49962,73.80197,18.61056,73.90043,75.43,0.0,0,75.43,Cash,Prime SUV,4.8,Completed,Synthetic proxy (no real dataset exists for this city)
TRIP001497,Rapido,Pune,2025-12-30,18:04:00,18:23:36,Tuesday,December,Peak,3.33,19.6,1,Pune West,Pune South,Pune West,Pune South,18.49412,73.78495,18.53862,73.86008,109.36,0.0,0,109.36,UPI,eBike,4.4,Incomplete,Synthetic proxy (no real dataset exists for this city)
TRIP001498,Rapido,Pune,2025-12-18,05:51:00,05:53:24,Thursday,December,Off-Peak,0.5,2.4,1,Pune Central,Pune South,Pune Central,Pune South,18.57271,73.81315,18.47689,73.8682,49.6,0.0,0,49.6,UPI,Bike,4.4,Completed,Synthetic proxy (no real dataset exists for this city)
TRIP001499,Uber,Pune,2026-01-14,23:19:00,23:26:36,Wednesday,January,Off-Peak,2.14,7.6,1,Pune North,Pune East,Pune North,Pune East,18.60809,73.92885,18.50454,73.79223,77.08,3.85,0,80.93,UPI,Bike,4.2,Completed,Synthetic proxy (no real dataset exists for this city)
TRIP001500,Ola,Pune,2026-01-12,08:49:00,08:51:24,Monday,January,Peak,0.5,2.4,3,Pune East,Pune North,Pune East,Pune North,18.43397,73.79633,18.45027,73.87796,49.6,0.0,0,49.6,UPI,eBike,4.3,Completed,Synthetic proxy (no real dataset exists for this city)
TRIP001501,Local Fleet,Pune,2026-02-11,19:47:00,20:05:42,Wednesday,February,Peak,4.78,18.7,2,Pune West,Pune North,Pune West,Pune North,18.46977,73.88154,18.56907,73.86727,125.41,6.27,0,131.68,Cash,Auto,3.9,Completed,Synthetic proxy (no real dataset exists for this city)
TRIP001502,Rapido,Pune,2026-02-17,13:03:00,13:51:48,Tuesday,February,Off-Peak,8.86,48.8,1,Pune East,Pune South,Pune East,Pune South,18.44121,73.83291,18.47375,73.83068,219.52,21.95,0,241.47,Wallet,Mini,4.2,Completed,Synthetic proxy (no real dataset exists for this city)
TRIP001503,Ola,Pune,2026-01-11,23:44:00,00:12:06,Sunday,January,Off-Peak,7.44,28.1,1,Pune North,Pune Central,Pune North,Pune Central,18.5415,73.91842,18.46457,73.82972,171.43,0.0,0,171.43,UPI,Prime SUV,3.8,Completed,Synthetic proxy (no real dataset exists for this city)
TRIP001504,Local Fleet,Pune,2025-12-14,21:39:00,22:25:36,Sunday,December,Off-Peak,8.21,46.6,1,Pune South,Pune West,Pune South,Pune West,18.57736,73.93411,18.4686,73.7915,208.42,0.0,0,208.42,UPI,Mini,4.7,Completed,Synthetic proxy (no real dataset exists for this city)
TRIP001505,Uber,Pune,2026-01-23,04:39:00,04:48:30,Friday,January,Off-Peak,2.06,9.5,2,Pune South,Pune North,Pune South,Pune North,18.49551,73.85398,18.47316,73.87808,78.97,3.95,0,82.92,Card,Bike,4.8,Completed,Synthetic proxy (no real dataset exists for this city)
TRIP001506,Uber,Pune,2026-01-02,11:23:00,11:47:24,Friday,January,Off-Peak,7.9,24.4,1,Pune East,Pune South,Pune East,Pune South,18.56454,73.85138,18.46376,73.78479,171.4,0.0,0,171.4,UPI,eBike,4.2,Completed,Synthetic proxy (no real dataset exists for this city)
TRIP001507,Local Fleet,Pune,2025-12-09,23:19:00,23:28:42,Tuesday,December,Off-Peak,2.39,9.7,2,Pune East,Pune South,Pune East,Pune South,18.52269,73.89001,18.61062,73.82141,83.23,0.0,0,83.23,UPI,eBike,4.6,Completed,Synthetic proxy (no real dataset exists for this city)
TRIP001508,Uber,Pune,2026-01-23,17:42:00,18:01:30,Friday,January,Off-Peak,4.12,19.5,4,Pune South,Pune East,Pune South,Pune East,18.48909,73.85306,18.53807,73.77472,118.69,0.0,0,118.69,Cash,Prime Sedan,4.4,Completed,Synthetic proxy (no real dataset exists for this city)
TRIP001509,Uber,Pune,2025-12-23,07:16:00,07:18:42,Tuesday,December,Off-Peak,0.5,2.7,1,Pune East,Pune East,Pune East,Pune East,18.59869,73.77522,18.50212,73.91519,50.05,0.0,0,50.05,UPI,Mini,4.2,Cancelled by Driver,Synthetic proxy (no real dataset exists for this city)
TRIP001510,Uber,Pune,2026-01-07,08:08:00,08:41:00,Wednesday,January,Peak,7.76,33.0,1,Pune North,Pune North,Pune North,Pune North,18.45333,73.91446,18.60415,73.79377,182.62,0.0,0,182.62,Cash,Bike,4.3,Completed,Synthetic proxy (no real dataset exists for this city)
TRIP001511,Uber,Pune,2026-01-25,05:28:00,05:30:42,Sunday,January,Off-Peak,0.5,2.7,1,Pune East,Pune East,Pune East,Pune East,18.56475,73.80726,18.46395,73.77235,50.05,0.0,0,50.05,UPI,Bike,3.6,Completed,Synthetic proxy (no real dataset exists for this city)
TRIP001512,Rapido,Pune,2026-01-12,06:48:00,07:01:12,Monday,January,Off-Peak,3.03,13.2,4,Pune West,Pune South,Pune West,Pune South,18.60274,73.90774,18.57207,73.87278,96.16,0.0,0,96.16,Cash,Mini,4.1,Incomplete,Synthetic proxy (no real dataset exists for this city)
TRIP001513,Rapido,Pune,2025-12-28,20:47:00,20:57:42,Sunday,December,Off-Peak,3.55,10.7,1,Pune West,Pune South,Pune West,Pune South,18.46376,73.92823,18.46727,73.91414,98.65,4.93,0,103.58,UPI,Bike,4.8,Cancelled by Driver,Synthetic proxy (no real dataset exists for this city)
TRIP001514,Ola,Pune,2025-12-15,17:49:00,18:41:30,Monday,December,Off-Peak,12.75,52.5,2,Pune Central,Pune North,Pune Central,Pune North,18.45229,73.79853,18.56086,73.94374,271.75,0.0,0,271.75,Card,Bike,4.3,Completed,Synthetic proxy (no real dataset exists for this city)
TRIP001515,Uber,Pune,2026-01-08,19:45:00,21:03:18,Thursday,January,Peak,13.83,78.3,1,Pune East,Pune Central,Pune East,Pune Central,18.47713,73.91468,18.42172,73.83645,323.41,0.0,0,323.41,UPI,eBike,4.6,Completed,Synthetic proxy (no real dataset exists for this city)
TRIP001516,Ola,Pune,2026-02-05,01:33:00,01:52:30,Thursday,February,Off-Peak,5.22,19.5,1,Pune South,Pune East,Pune South,Pune East,18.6096,73.87916,18.45149,73.77309,131.89,0.0,0,131.89,UPI,Prime Sedan,3.8,Completed,Synthetic proxy (no real dataset exists for this city)
TRIP001517,Local Fleet,Pune,2026-01-31,23:49:00,00:00:18,Saturday,January,Off-Peak,2.32,11.3,1,Pune Central,Pune Central,Pune Central,Pune Central,18.61391,73.83575,18.6042,73.89721,84.79,0.0,40,124.79,UPI,Bike,3.8,Completed,Synthetic proxy (no real dataset exists for this city)
TRIP001518,Local Fleet,Pune,2026-02-16,20:30:00,20:49:48,Monday,February,Off-Peak,3.69,19.8,1,Pune South,Pune East,Pune South,Pune East,18.42861,73.86663,18.61487,73.90195,113.98,11.4,40,165.38,UPI,Prime Sedan,4.3,Completed,Synthetic proxy (no real dataset exists for this city)
TRIP001519,Local Fleet,Pune,2025-12-14,07:06:00,07:08:24,Sunday,December,Off-Peak,0.53,2.4,2,Pune South,Pune West,Pune South,Pune West,18.44164,73.88406,18.53144,73.79,49.96,0.0,0,49.96,Cash,Prime SUV,4.5,Completed,Synthetic proxy (no real dataset exists for this city)
TRIP001520,Local Fleet,Pune,2026-01-10,15:31:00,15:58:24,Saturday,January,Off-Peak,4.79,27.4,1,Pune North,Pune West,Pune North,Pune West,18.44141,73.85183,18.54717,73.7625,138.58,0.0,0,138.58,UPI,Auto,4.2,Completed,Synthetic proxy (no real dataset exists for this city)
TRIP001521,Ola,Pune,2025-12-16,12:05:00,12:09:00,Tuesday,December,Off-Peak,1.17,4.0,3,Pune Central,Pune South,Pune Central,Pune South,18.47157,73.81041,18.52075,73.93496,60.04,0.0,0,60.04,Card,eBike,4.2,Completed,Synthetic proxy (no real dataset exists for this city)
TRIP001522,Local Fleet,Pune,2026-01-18,19:28:00,19:43:30,Sunday,January,Peak,2.87,15.5,1,Pune South,Pune South,Pune South,Pune South,18.43803,73.79666,18.51258,73.88749,97.69,0.0,0,97.69,Cash,Auto,4.8,Completed,Synthetic proxy (no real dataset exists for this city)
TRIP001523,Uber,Pune,2026-01-04,11:46:00,11:47:42,Sunday,January,Off-Peak,0.5,1.7,1,Pune North,Pune Central,Pune North,Pune Central,18.50247,73.84188,18.5465,73.78073,48.55,0.0,0,48.55,Cash,Prime Sedan,3.7,Completed,Synthetic proxy (no real dataset exists for this city)
TRIP001524,Uber,Pune,2025-12-14,18:32:00,19:01:06,Sunday,December,Peak,5.05,29.1,3,Pune South,Pune South,Pune South,Pune South,18.59744,73.79699,18.5371,73.78188,144.25,0.0,0,144.25,UPI,Auto,3.6,Completed,Synthetic proxy (no real dataset exists for this city)
TRIP001525,Uber,Pune,2026-02-04,21:22:00,22:11:54,Wednesday,February,Off-Peak,10.24,49.9,1,Pune Central,Pune East,Pune Central,Pune East,18.49168,73.81965,18.50331,73.84191,237.73,0.0,0,237.73,UPI,eBike,4.7,Completed,Synthetic proxy (no real dataset exists for this city)
TRIP001526,Ola,Pune,2026-01-29,15:16:00,15:56:54,Thursday,January,Off-Peak,9.31,40.9,4,Pune South,Pune South,Pune South,Pune South,18.44174,73.92898,18.51561,73.76862,213.07,0.0,40,253.07,Cash,Prime SUV,4.7,Completed,Synthetic proxy (no real dataset exists for this city)
TRIP001527,Local Fleet,Pune,2025-12-07,16:41:00,17:06:36,Sunday,December,Off-Peak,5.32,25.6,1,Pune North,Pune North,Pune North,Pune North,18.4584,73.95993,18.43518,73.90265,142.24,0.0,60,202.24,Cash,Mini,4.7,Completed,Synthetic proxy (no real dataset exists for this city)
TRIP001528,Ola,Pune,2026-02-09,01:15:00,01:17:36,Monday,February,Off-Peak,0.58,2.6,1,Pune North,Pune South,Pune North,Pune South,18.4373,73.94512,18.60555,73.76159,50.86,0.0,0,50.86,UPI,Bike,3.7,Completed,Synthetic proxy (no real dataset exists for this city)
TRIP001529,Local Fleet,Pune,2026-01-04,23:21:00,23:29:42,Sunday,January,Off-Peak,2.29,8.7,1,Pune Central,Pune North,Pune Central,Pune North,18.5029,73.9337,18.46286,73.79792,80.53,0.0,0,80.53,Wallet,Bike,3.8,Completed,Synthetic proxy (no real dataset exists for this city)
TRIP001530,Rapido,Pune,2026-02-20,01:13:00,01:39:24,Friday,February,Off-Peak,7.84,26.4,1,Pune East,Pune East,Pune East,Pune East,18.48645,73.83922,18.50956,73.90694,173.68,0.0,0,173.68,UPI,eBike,3.9,Cancelled by Customer,Synthetic proxy (no real dataset exists for this city)
TRIP001531,Ola,Pune,2026-01-17,13:27:00,13:30:54,Saturday,January,Off-Peak,0.9,3.9,4,Pune North,Pune North,Pune North,Pune North,18.54041,73.88292,18.61483,73.86122,56.65,5.66,0,62.31,UPI,Mini,4.0,Completed,Synthetic proxy (no real dataset exists for this city)
TRIP001532,Rapido,Pune,2026-02-12,19:01:00,19:15:18,Thursday,February,Peak,4.4,14.3,3,Pune South,Pune East,Pune South,Pune East,18.59734,73.81747,18.49757,73.95499,114.25,0.0,40,154.25,UPI,eBike,4.2,Completed,Synthetic proxy (no real dataset exists for this city)
TRIP001533,Uber,Pune,2026-02-07,18:01:00,18:04:36,Saturday,February,Peak,0.88,3.6,2,Pune West,Pune South,Pune West,Pune South,18.57115,73.86656,18.60788,73.88705,55.96,0.0,0,55.96,UPI,Prime SUV,4.8,Completed,Synthetic proxy (no real dataset exists for this city)
TRIP001534,Local Fleet,Pune,2025-12-19,20:11:00,20:13:48,Friday,December,Off-Peak,0.93,2.8,1,Pune South,Pune Central,Pune South,Pune Central,18.52281,73.93687,18.51563,73.7615,55.36,0.0,0,55.36,Card,eBike,3.7,Completed,Synthetic proxy (no real dataset exists for this city)
TRIP001535,Local Fleet,Pune,2026-02-02,20:49:00,21:15:54,Monday,February,Off-Peak,7.8,26.9,1,Pune East,Pune West,Pune East,Pune West,18.47162,73.90913,18.57476,73.92848,173.95,0.0,40,213.95,UPI,Prime SUV,4.5,Completed,Synthetic proxy (no real dataset exists for this city)
TRIP001536,Ola,Pune,2026-01-10,11:34:00,11:46:06,Saturday,January,Off-Peak,3.61,12.1,2,Pune Central,Pune North,Pune Central,Pune North,18.53876,73.88054,18.58069,73.91138,101.47,0.0,0,101.47,Wallet,Bike,4.4,Completed,Synthetic proxy (no real dataset exists for this city)
TRIP001537,Ola,Pune,2026-02-20,23:20:00,23:32:36,Friday,February,Off-Peak,2.21,12.6,1,Pune East,Pune North,Pune East,Pune North,18.45102,73.87236,18.50497,73.83948,85.42,0.0,0,85.42,UPI,Auto,4.3,Completed,Synthetic proxy (no real dataset exists for this city)
TRIP001538,Local Fleet,Pune,2026-02-21,17:07:00,17:09:36,Saturday,February,Off-Peak,0.5,2.6,3,Pune West,Pune East,Pune West,Pune East,18.49422,73.7731,18.60298,73.83733,49.9,0.0,60,109.9,Cash,eBike,4.8,Completed,Synthetic proxy (no real dataset exists for this city)
TRIP001539,Local Fleet,Pune,2026-02-25,19:31:00,19:43:30,Wednesday,February,Peak,3.16,12.5,2,Pune Central,Pune East,Pune Central,Pune East,18.48312,73.78787,18.56766,73.94009,96.67,0.0,0,96.67,Cash,Bike,3.6,Cancelled by Driver,Synthetic proxy (no real dataset exists for this city)
TRIP001540,Ola,Pune,2025-12-21,22:04:00,22:12:54,Sunday,December,Off-Peak,1.69,8.9,4,Pune West,Pune Central,Pune West,Pune Central,18.57446,73.82819,18.52016,73.77009,73.63,7.36,0,80.99,Cash,Mini,4.2,Completed,Synthetic proxy (no real dataset exists for this city)
TRIP001541,Rapido,Pune,2026-01-02,10:54:00,11:12:36,Friday,January,Off-Peak,6.08,18.6,1,Pune East,Pune East,Pune East,Pune East,18.60206,73.76862,18.44396,73.9489,140.86,0.0,0,140.86,UPI,Prime Sedan,3.5,Completed,Synthetic proxy (no real dataset exists for this city)
TRIP001542,Uber,Pune,2026-02-24,17:48:00,18:05:30,Tuesday,February,Off-Peak,4.28,17.5,1,Pune West,Pune East,Pune West,Pune East,18.45673,73.82729,18.56313,73.80667,117.61,0.0,0,117.61,Cash,Prime SUV,3.6,Completed,Synthetic proxy (no real dataset exists for this city)
TRIP001543,Local Fleet,Pune,2026-02-06,15:17:00,15:36:00,Friday,February,Off-Peak,4.25,19.0,2,Pune East,Pune West,Pune East,Pune West,18.49826,73.92223,18.50262,73.91115,119.5,0.0,0,119.5,UPI,eBike,4.8,Completed,Synthetic proxy (no real dataset exists for this city)
TRIP001544,Rapido,Pune,2026-01-03,05:55:00,06:05:36,Saturday,January,Off-Peak,2.4,10.6,1,Pune North,Pune Central,Pune North,Pune Central,18.42693,73.79369,18.59079,73.94616,84.7,0.0,60,144.7,UPI,eBike,4.4,Completed,Synthetic proxy (no real dataset exists for this city)
TRIP001545,Uber,Pune,2026-01-21,15:36:00,16:02:00,Wednesday,January,Off-Peak,6.17,26.0,1,Pune South,Pune South,Pune South,Pune South,18.46142,73.80096,18.51827,73.86618,153.04,0.0,0,153.04,UPI,Prime Sedan,4.9,Completed,Synthetic proxy (no real dataset exists for this city)
TRIP001546,Rapido,Pune,2025-12-12,11:20:00,11:30:00,Friday,December,Off-Peak,3.33,10.0,1,Pune East,Pune West,Pune East,Pune West,18.60767,73.81677,18.56863,73.93712,94.96,0.0,0,94.96,UPI,Prime Sedan,4.4,Completed,Synthetic proxy (no real dataset exists for this city)
TRIP001547,Rapido,Pune,2026-01-05,15:30:00,15:35:00,Monday,January,Off-Peak,1.14,5.0,3,Pune North,Pune South,Pune North,Pune South,18.43503,73.95802,18.50662,73.87715,61.18,0.0,0,61.18,Cash,Auto,4.3,Completed,Synthetic proxy (no real dataset exists for this city)
TRIP001548,Local Fleet,Pune,2025-12-30,15:22:00,15:30:30,Tuesday,December,Off-Peak,2.37,8.5,1,Pune Central,Pune East,Pune Central,Pune East,18.49134,73.91666,18.50688,73.91786,81.19,0.0,0,81.19,Cash,Auto,4.0,Incomplete,Synthetic proxy (no real dataset exists for this city)
TRIP001549,Local Fleet,Pune,2026-01-13,04:45:00,05:08:42,Tuesday,January,Off-Peak,6.63,23.7,1,Pune North,Pune South,Pune North,Pune South,18.48844,73.92477,18.59477,73.8211,155.11,0.0,0,155.11,UPI,Auto,4.3,Completed,Synthetic proxy (no real dataset exists for this city)
TRIP001550,Rapido,Pune,2026-02-22,07:40:00,08:08:54,Sunday,February,Off-Peak,5.32,28.9,2,Pune Central,Pune West,Pune Central,Pune West,18.60971,73.87109,18.60013,73.76676,147.19,0.0,0,147.19,UPI,Bike,3.5,Completed,Synthetic proxy (no real dataset exists for this city)
TRIP001551,Local Fleet,Pune,2025-12-17,04:56:00,05:06:30,Wednesday,December,Off-Peak,3.22,10.5,1,Pune North,Pune East,Pune North,Pune East,18.50248,73.77057,18.4237,73.76935,94.39,9.44,0,103.83,Wallet,Auto,4.6,Cancelled by Customer,Synthetic proxy (no real dataset exists for this city)
TRIP001552,Uber,Pune,2026-02-02,17:21:00,17:42:12,Monday,February,Off-Peak,4.42,21.2,1,Pune South,Pune North,Pune South,Pune North,18.53753,73.8533,18.57039,73.87418,124.84,0.0,0,124.84,Card,Auto,5.0,Completed,Synthetic proxy (no real dataset exists for this city)
TRIP001553,Rapido,Pune,2025-12-18,05:10:00,05:36:48,Thursday,December,Off-Peak,5.17,26.8,2,Pune East,Pune South,Pune East,Pune South,18.60948,73.84544,18.48497,73.88815,142.24,0.0,0,142.24,Cash,Auto,3.7,Completed,Synthetic proxy (no real dataset exists for this city)
TRIP001554,Ola,Pune,2026-02-27,07:39:00,07:42:12,Friday,February,Off-Peak,0.75,3.2,1,Pune East,Pune East,Pune East,Pune East,18.55607,73.87247,18.6158,73.78636,53.8,0.0,0,53.8,UPI,Mini,5.0,Completed,Synthetic proxy (no real dataset exists for this city)
TRIP001555,Ola,Pune,2025-12-11,21:07:00,21:25:36,Thursday,December,Off-Peak,5.18,18.6,1,Pune Central,Pune North,Pune Central,Pune North,18.54463,73.78998,18.60661,73.91537,130.06,6.5,0,136.56,UPI,Bike,3.8,Completed,Synthetic proxy (no real dataset exists for this city)
TRIP001556,Uber,Pune,2026-02-14,03:31:00,03:52:12,Saturday,February,Off-Peak,4.22,21.2,1,Pune East,Pune West,Pune East,Pune West,18.60371,73.93117,18.55844,73.79059,122.44,0.0,40,162.44,UPI,Auto,5.0,Completed,Synthetic proxy (no real dataset exists for this city)
TRIP001557,Local Fleet,Pune,2026-01-07,05:40:00,05:42:48,Wednesday,January,Off-Peak,0.5,2.8,1,Pune South,Pune West,Pune South,Pune West,18.5514,73.82353,18.52611,73.88599,50.2,0.0,0,50.2,UPI,eBike,4.6,Completed,Synthetic proxy (no real dataset exists for this city)
TRIP001558,Ola,Pune,2026-01-31,04:03:00,04:15:00,Saturday,January,Off-Peak,2.1,12.0,4,Pune West,Pune North,Pune West,Pune North,18.48337,73.90787,18.52656,73.83186,83.2,0.0,0,83.2,UPI,Bike,3.7,Completed,Synthetic proxy (no real dataset exists for this city)
TRIP001559,Local Fleet,Pune,2026-01-16,04:32:00,04:56:06,Friday,January,Off-Peak,5.84,24.1,2,Pune North,Pune East,Pune North,Pune East,18.56606,73.79954,18.55876,73.76186,146.23,0.0,0,146.23,UPI,Auto,4.9,Incomplete,Synthetic proxy (no real dataset exists for this city)
TRIP001560,Local Fleet,Pune,2025-12-27,19:17:00,19:20:12,Saturday,December,Peak,0.58,3.2,1,Pune North,Pune East,Pune North,Pune East,18.43816,73.78937,18.60131,73.92344,51.76,0.0,0,51.76,Card,eBike,4.8,Completed,Synthetic proxy (no real dataset exists for this city)
TRIP001561,Ola,Pune,2026-01-07,16:40:00,17:11:30,Wednesday,January,Off-Peak,9.43,31.5,3,Pune South,Pune East,Pune South,Pune East,18.59252,73.8709,18.44898,73.76099,200.41,0.0,0,200.41,Cash,Mini,4.1,Completed,Synthetic proxy (no real dataset exists for this city)
TRIP001562,Uber,Pune,2026-02-14,12:23:00,12:38:06,Saturday,February,Off-Peak,2.89,15.1,4,Pune West,Pune South,Pune West,Pune South,18.49284,73.76298,18.48987,73.78336,97.33,0.0,0,97.33,UPI,Prime SUV,4.0,Completed,Synthetic proxy (no real dataset exists for this city)
TRIP001563,Ola,Pune,2026-02-23,21:53:00,22:13:00,Monday,February,Off-Peak,5.66,20.0,1,Pune North,Pune West,Pune North,Pune West,18.59972,73.81592,18.56355,73.93898,137.92,0.0,0,137.92,Card,Prime SUV,3.9,Completed,Synthetic proxy (no real dataset exists for this city)
TRIP001564,Uber,Pune,2026-02-24,06:54:00,07:07:48,Tuesday,February,Off-Peak,3.15,13.8,1,Pune East,Pune South,Pune East,Pune South,18.48876,73.82484,18.43787,73.82085,98.5,0.0,0,98.5,Wallet,Prime Sedan,4.7,Cancelled by Driver,Synthetic proxy (no real dataset exists for this city)
TRIP001565,Ola,Pune,2026-01-14,02:44:00,02:59:30,Wednesday,January,Off-Peak,4.67,15.5,1,Pune South,Pune West,Pune South,Pune West,18.53226,73.95539,18.54639,73.87817,119.29,0.0,0,119.29,UPI,eBike,4.2,Completed,Synthetic proxy (no real dataset exists for this city)
TRIP001566,Uber,Pune,2026-02-18,08:32:00,08:48:36,Wednesday,February,Peak,3.31,16.6,1,Pune Central,Pune West,Pune Central,Pune West,18.43088,73.93629,18.50876,73.93132,104.62,0.0,0,104.62,Cash,Bike,4.6,Completed,Synthetic proxy (no real dataset exists for this city)
TRIP001567,Ola,Pune,2026-01-26,02:48:00,03:18:06,Monday,January,Off-Peak,5.95,30.1,1,Pune West,Pune East,Pune West,Pune East,18.54259,73.78307,18.56806,73.95058,156.55,0.0,0,156.55,UPI,Prime SUV,4.8,Completed,Synthetic proxy (no real dataset exists for this city)
TRIP001568,Ola,Pune,2026-02-22,09:08:00,09:13:30,Sunday,February,Peak,1.24,5.5,3,Pune East,Pune South,Pune East,Pune South,18.60164,73.79584,18.46742,73.84534,63.13,0.0,0,63.13,UPI,eBike,4.2,Completed,Synthetic proxy (no real dataset exists for this city)
TRIP001569,Uber,Pune,2026-02-26,19:26:00,19:54:48,Thursday,February,Peak,9.03,28.8,3,Pune Central,Pune South,Pune Central,Pune South,18.5609,73.84729,18.57297,73.76256,191.56,0.0,0,191.56,UPI,eBike,4.2,Completed,Synthetic proxy (no real dataset exists for this city)
TRIP001570,Rapido,Pune,2026-02-02,06:15:00,06:40:30,Monday,February,Off-Peak,6.66,25.5,1,Pune West,Pune North,Pune West,Pune North,18.60279,73.88843,18.53314,73.85603,158.17,0.0,0,158.17,UPI,Prime SUV,3.6,Cancelled by Customer,Synthetic proxy (no real dataset exists for this city)
TRIP001571,Ola,Pune,2026-01-06,04:06:00,04:23:00,Tuesday,January,Off-Peak,4.76,17.0,1,Pune Central,Pune South,Pune Central,Pune South,18.43837,73.90256,18.52956,73.86479,122.62,0.0,0,122.62,Wallet,Prime SUV,4.5,Completed,Synthetic proxy (no real dataset exists for this city)
TRIP001572,Uber,Pune,2026-02-07,04:43:00,05:00:00,Saturday,February,Off-Peak,4.23,17.0,2,Pune West,Pune North,Pune West,Pune North,18.43233,73.93343,18.47243,73.83244,116.26,0.0,0,116.26,UPI,Auto,3.8,Completed,Synthetic proxy (no real dataset exists for this city)
TRIP001573,Rapido,Pune,2026-01-07,11:17:00,11:37:48,Wednesday,January,Off-Peak,3.9,20.8,4,Pune Central,Pune East,Pune Central,Pune East,18.56135,73.81226,18.50809,73.78158,118.0,0.0,0,118.0,UPI,Prime Sedan,4.0,Completed,Synthetic proxy (no real dataset exists for this city)
TRIP001574,Rapido,Pune,2025-12-15,09:35:00,09:51:54,Monday,December,Peak,5.46,16.9,4,Pune East,Pune West,Pune East,Pune West,18.58685,73.86022,18.54399,73.79012,130.87,0.0,0,130.87,Cash,Prime Sedan,4.7,Completed,Synthetic proxy (no real dataset exists for this city)
TRIP001575,Local Fleet,Pune,2026-01-24,03:29:00,04:34:42,Saturday,January,Off-Peak,12.88,65.7,3,Pune Central,Pune West,Pune Central,Pune West,18.55131,73.85534,18.53952,73.86171,293.11,0.0,0,293.11,UPI,eBike,4.4,Completed,Synthetic proxy (no real dataset exists for this city)
TRIP001576,Local Fleet,Pune,2025-12-31,23:30:00,23:32:18,Wednesday,December,Off-Peak,0.5,2.3,3,Pune South,Pune East,Pune South,Pune East,18.53545,73.93477,18.59578,73.83694,49.45,0.0,0,49.45,UPI,Bike,4.7,Completed,Synthetic proxy (no real dataset exists for this city)
TRIP001577,Local Fleet,Pune,2026-02-22,13:57:00,14:02:30,Sunday,February,Off-Peak,1.39,5.5,4,Pune North,Pune West,Pune North,Pune West,18.5113,73.94729,18.51807,73.9164,64.93,0.0,0,64.93,Cash,eBike,3.9,Completed,Synthetic proxy (no real dataset exists for this city)
TRIP001578,Ola,Pune,2026-02-26,08:46:00,09:32:30,Thursday,February,Peak,7.78,46.5,1,Pune South,Pune West,Pune South,Pune West,18.50636,73.95802,18.4457,73.85507,203.11,0.0,0,203.11,UPI,Mini,3.8,Completed,Synthetic proxy (no real dataset exists for this city)
TRIP001579,Local Fleet,Pune,2026-01-12,08:35:00,08:43:30,Monday,January,Peak,1.53,8.5,3,Pune Central,Pune East,Pune Central,Pune East,18.54041,73.8452,18.58823,73.94144,71.11,0.0,0,71.11,UPI,eBike,5.0,Cancelled by Driver,Synthetic proxy (no real dataset exists for this city)
TRIP001580,Local Fleet,Pune,2025-12-17,14:59:00,15:04:18,Wednesday,December,Off-Peak,1.21,5.3,1,Pune Central,Pune South,Pune Central,Pune South,18.60297,73.76841,18.57891,73.80925,62.47,3.12,0,65.59,Cash,Bike,4.9,Completed,Synthetic proxy (no real dataset exists for this city)
TRIP001581,Uber,Pune,2025-12-07,21:23:00,21:43:54,Sunday,December,Off-Peak,4.67,20.9,2,Pune West,Pune Central,Pune West,Pune Central,18.50906,73.87423,18.43621,73.81681,127.39,0.0,0,127.39,UPI,Prime SUV,4.9,Completed,Synthetic proxy (no real dataset exists for this city)
TRIP001582,Local Fleet,Pune,2026-01-17,12:17:00,12:28:00,Saturday,January,Off-Peak,3.37,11.0,1,Pune Central,Pune Central,Pune Central,Pune Central,18.48972,73.80135,18.55932,73.94936,96.94,4.85,0,101.79,UPI,Prime Sedan,3.9,Cancelled by Customer,Synthetic proxy (no real dataset exists for this city)
TRIP001583,Local Fleet,Pune,2026-01-30,14:01:00,14:28:00,Friday,January,Off-Peak,5.19,27.0,2,Pune North,Pune East,Pune North,Pune East,18.46261,73.76707,18.4987,73.83157,142.78,0.0,0,142.78,UPI,Prime Sedan,4.1,Completed,Synthetic proxy (no real dataset exists for this city)
TRIP001584,Ola,Pune,2026-01-28,21:38:00,21:40:00,Wednesday,January,Off-Peak,0.5,2.0,2,Pune West,Pune Central,Pune West,Pune Central,18.47741,73.88054,18.46914,73.879,49.0,0.0,0,49.0,UPI,Mini,4.8,Completed,Synthetic proxy (no real dataset exists for this city)
TRIP001585,Uber,Pune,2025-12-05,01:45:00,02:02:06,Friday,December,Off-Peak,3.01,17.1,4,Pune North,Pune South,Pune North,Pune South,18.60056,73.77323,18.52427,73.86577,101.77,0.0,0,101.77,UPI,Prime SUV,4.2,Completed,Synthetic proxy (no real dataset exists for this city)
TRIP001586,Local Fleet,Pune,2025-12-22,12:38:00,13:23:24,Monday,December,Off-Peak,11.28,45.4,1,Pune North,Pune West,Pune North,Pune West,18.55273,73.78467,18.57108,73.77238,243.46,0.0,0,243.46,Cash,Prime SUV,4.5,Cancelled by Customer,Synthetic proxy (no real dataset exists for this city)
TRIP001587,Local Fleet,Pune,2026-01-18,04:27:00,04:29:42,Sunday,January,Off-Peak,0.5,2.7,4,Pune South,Pune North,Pune South,Pune North,18.5602,73.872,18.48741,73.79067,50.05,2.5,0,52.55,UPI,Bike,4.8,Completed,Synthetic proxy (no real dataset exists for this city)
TRIP001588,Rapido,Pune,2026-01-28,21:07:00,21:16:06,Wednesday,January,Off-Peak,2.08,9.1,4,Pune North,Pune West,Pune North,Pune West,18.52162,73.88404,18.57788,73.86908,78.61,0.0,0,78.61,Wallet,Prime Sedan,3.8,Completed,Synthetic proxy (no real dataset exists for this city)
TRIP001589,Ola,Pune,2026-01-05,00:20:00,01:04:54,Monday,January,Off-Peak,12.58,44.9,3,Pune South,Pune East,Pune South,Pune East,18.57574,73.89641,18.59578,73.85806,258.31,12.92,0,271.23,UPI,Prime SUV,3.9,Cancelled by Driver,Synthetic proxy (no real dataset exists for this city)
TRIP001590,Local Fleet,Pune,2026-01-02,16:51:00,16:55:48,Friday,January,Off-Peak,1.47,4.8,2,Pune East,Pune East,Pune East,Pune East,18.56661,73.78484,18.54351,73.95563,64.84,6.48,0,71.32,UPI,Bike,4.8,Completed,Synthetic proxy (no real dataset exists for this city)
TRIP001591,Rapido,Pune,2026-01-08,04:50:00,04:55:48,Thursday,January,Off-Peak,1.76,5.8,1,Pune North,Pune East,Pune North,Pune East,18.50948,73.81357,18.50141,73.81588,69.82,6.98,0,76.8,UPI,Auto,4.4,Completed,Synthetic proxy (no real dataset exists for this city)
TRIP001592,Ola,Pune,2025-12-02,19:53:00,20:27:12,Tuesday,December,Peak,6.17,34.2,3,Pune South,Pune North,Pune South,Pune North,18.4466,73.89816,18.54953,73.9197,165.34,0.0,0,165.34,UPI,eBike,3.5,Completed,Synthetic proxy (no real dataset exists for this city)
TRIP001593,Rapido,Pune,2025-12-28,03:11:00,03:23:12,Sunday,December,Off-Peak,2.32,12.2,4,Pune East,Pune East,Pune East,Pune East,18.50745,73.84985,18.57438,73.85923,86.14,8.61,0,94.75,UPI,eBike,4.4,Completed,Synthetic proxy (no real dataset exists for this city)
TRIP001594,Ola,Pune,2025-12-21,13:45:00,13:47:36,Sunday,December,Off-Peak,0.81,2.6,3,Pune Central,Pune Central,Pune Central,Pune Central,18.56338,73.77451,18.47039,73.92354,53.62,0.0,0,53.62,Wallet,Prime SUV,4.7,Completed,Synthetic proxy (no real dataset exists for this city)
TRIP001595,Local Fleet,Pune,2026-01-27,21:26:00,21:28:12,Tuesday,January,Off-Peak,0.5,2.2,1,Pune South,Pune South,Pune South,Pune South,18.48053,73.90728,18.47372,73.77415,49.3,0.0,0,49.3,Wallet,eBike,3.9,Completed,Synthetic proxy (no real dataset exists for this city)
TRIP001596,Local Fleet,Pune,2026-01-24,18:24:00,18:46:30,Saturday,January,Peak,4.26,22.5,2,Pune West,Pune South,Pune West,Pune South,18.4294,73.77304,18.46946,73.79887,124.87,0.0,0,124.87,UPI,Auto,4.8,Completed,Synthetic proxy (no real dataset exists for this city)
TRIP001597,Uber,Pune,2025-12-14,01:55:00,02:04:18,Sunday,December,Off-Peak,1.73,9.3,1,Pune West,Pune West,Pune West,Pune West,18.58643,73.80213,18.55589,73.90454,74.71,0.0,0,74.71,Cash,Prime Sedan,4.0,Completed,Synthetic proxy (no real dataset exists for this city)
TRIP001598,Rapido,Pune,2025-12-09,13:09:00,13:38:00,Tuesday,December,Off-Peak,5.61,29.0,1,Pune West,Pune West,Pune West,Pune West,18.49347,73.95781,18.60122,73.89913,150.82,0.0,0,150.82,Card,Mini,3.8,Completed,Synthetic proxy (no real dataset exists for this city)
TRIP001599,Ola,Pune,2026-01-23,17:15:00,18:01:12,Friday,January,Off-Peak,9.11,46.2,1,Pune Central,Pune South,Pune Central,Pune South,18.47931,73.9305,18.56741,73.78932,218.62,0.0,0,218.62,UPI,Prime SUV,4.9,Completed,Synthetic proxy (no real dataset exists for this city)
TRIP001600,Ola,Pune,2026-02-18,11:54:00,12:17:42,Wednesday,February,Off-Peak,5.28,23.7,1,Pune North,Pune Central,Pune North,Pune Central,18.48618,73.76936,18.58709,73.94683,138.91,0.0,0,138.91,Card,Auto,4.9,Completed,Synthetic proxy (no real dataset exists for this city)
TRIP001601,Rapido,Ahmedabad,2026-01-02,05:06:00,05:21:12,Friday,January,Off-Peak,2.83,15.2,1,Ahmedabad East,Ahmedabad West,Ahmedabad East,Ahmedabad West,23.11726,72.64257,23.04793,72.47183,96.76,0.0,0,96.76,UPI,Mini,4.8,Incomplete,Synthetic proxy (no real dataset exists for this city)
TRIP001602,Uber,Ahmedabad,2026-01-03,01:57:00,02:14:36,Saturday,January,Off-Peak,4.35,17.6,1,Ahmedabad South,Ahmedabad East,Ahmedabad South,Ahmedabad East,22.92055,72.63647,23.04542,72.58411,118.6,0.0,0,118.6,Cash,Prime Sedan,3.8,Completed,Synthetic proxy (no real dataset exists for this city)
TRIP001603,Rapido,Ahmedabad,2026-02-21,22:04:00,22:39:06,Saturday,February,Off-Peak,6.54,35.1,1,Ahmedabad West,Ahmedabad West,Ahmedabad West,Ahmedabad West,22.96733,72.60252,23.01526,72.50396,171.13,0.0,0,171.13,Cash,Mini,3.8,Completed,Synthetic proxy (no real dataset exists for this city)
TRIP001604,Rapido,Ahmedabad,2026-02-15,05:11:00,05:16:00,Sunday,February,Off-Peak,1.43,5.0,2,Ahmedabad Central,Ahmedabad West,Ahmedabad Central,Ahmedabad West,23.11436,72.54036,23.0841,72.51469,64.66,0.0,0,64.66,UPI,eBike,4.3,Cancelled by Driver,Synthetic proxy (no real dataset exists for this city)
TRIP001605,Rapido,Ahmedabad,2025-12-22,21:40:00,21:43:00,Monday,December,Off-Peak,0.5,3.0,1,Ahmedabad South,Ahmedabad Central,Ahmedabad South,Ahmedabad Central,23.00437,72.61174,22.98091,72.56653,50.5,0.0,0,50.5,UPI,eBike,4.2,Completed,Synthetic proxy (no real dataset exists for this city)
TRIP001606,Ola,Ahmedabad,2026-02-05,06:22:00,06:23:36,Thursday,February,Off-Peak,0.5,1.6,4,Ahmedabad South,Ahmedabad West,Ahmedabad South,Ahmedabad West,23.08625,72.49295,22.94482,72.59788,48.4,0.0,0,48.4,UPI,Mini,4.9,Completed,Synthetic proxy (no real dataset exists for this city)
TRIP001607,Local Fleet,Ahmedabad,2026-01-08,23:37:00,23:38:48,Thursday,January,Off-Peak,0.5,1.8,4,Ahmedabad South,Ahmedabad North,Ahmedabad South,Ahmedabad North,23.09153,72.57589,23.09002,72.65477,48.7,0.0,60,108.7,UPI,Bike,4.3,Completed,Synthetic proxy (no real dataset exists for this city)
TRIP001608,Rapido,Ahmedabad,2025-12-30,17:56:00,18:05:48,Tuesday,December,Off-Peak,1.77,9.8,1,Ahmedabad South,Ahmedabad West,Ahmedabad South,Ahmedabad West,23.06208,72.55465,22.95572,72.56849,75.94,0.0,0,75.94,Card,Prime SUV,4.0,Completed,Synthetic proxy (no real dataset exists for this city)
TRIP001609,Local Fleet,Ahmedabad,2026-02-27,16:13:00,16:17:24,Friday,February,Off-Peak,1.14,4.4,3,Ahmedabad North,Ahmedabad Central,Ahmedabad North,Ahmedabad Central,23.05919,72.53565,23.06332,72.62135,60.28,6.03,0,66.31,UPI,Prime SUV,4.7,Completed,Synthetic proxy (no real dataset exists for this city)
TRIP001610,Uber,Ahmedabad,2026-01-08,12:12:00,12:14:42,Thursday,January,Off-Peak,0.85,2.7,1,Ahmedabad West,Ahmedabad East,Ahmedabad West,Ahmedabad East,23.06547,72.47724,23.04065,72.58766,54.25,0.0,0,54.25,UPI,eBike,4.4,Cancelled by Driver,Synthetic proxy (no real dataset exists for this city)
TRIP001611,Local Fleet,Ahmedabad,2026-02-26,03:06:00,03:33:12,Thursday,February,Off-Peak,6.65,27.2,3,Ahmedabad Central,Ahmedabad Central,Ahmedabad Central,Ahmedabad Central,23.05739,72.50907,22.92197,72.6653,160.6,0.0,0,160.6,Card,Auto,4.2,Completed,Synthetic proxy (no real dataset exists for this city)
TRIP001612,Local Fleet,Ahmedabad,2026-01-04,21:20:00,22:05:42,Sunday,January,Off-Peak,9.72,45.7,1,Ahmedabad North,Ahmedabad Central,Ahmedabad North,Ahmedabad Central,23.06704,72.65591,23.11043,72.6059,225.19,0.0,0,225.19,Card,Bike,3.6,Completed,Synthetic proxy (no real dataset exists for this city)
TRIP001613,Uber,Ahmedabad,2025-12-14,02:32:00,02:53:36,Sunday,December,Off-Peak,4.4,21.6,1,Ahmedabad North,Ahmedabad West,Ahmedabad North,Ahmedabad West,23.06298,72.65107,23.11883,72.47801,125.2,0.0,0,125.2,UPI,eBike,4.7,Completed,Synthetic proxy (no real dataset exists for this city)
TRIP001614,Ola,Ahmedabad,2026-01-10,10:31:00,10:51:30,Saturday,January,Off-Peak,6.32,20.5,1,Ahmedabad East,Ahmedabad North,Ahmedabad East,Ahmedabad North,23.11662,72.62283,22.94264,72.5287,146.59,0.0,0,146.59,UPI,eBike,4.4,Completed,Synthetic proxy (no real dataset exists for this city)
TRIP001615,Uber,Ahmedabad,2025-12-19,08:33:00,08:44:36,Friday,December,Peak,3.05,11.6,1,Ahmedabad North,Ahmedabad East,Ahmedabad North,Ahmedabad East,23.04669,72.61746,23.05877,72.64548,94.0,0.0,0,94.0,UPI,Prime Sedan,4.2,Cancelled by Driver,Synthetic proxy (no real dataset exists for this city)
TRIP001616,Uber,Ahmedabad,2025-12-07,06:35:00,06:39:24,Sunday,December,Off-Peak,0.8,4.4,4,Ahmedabad East,Ahmedabad Central,Ahmedabad East,Ahmedabad Central,23.0819,72.5492,23.04914,72.59857,56.2,0.0,0,56.2,Cash,Bike,4.8,Cancelled by Customer,Synthetic proxy (no real dataset exists for this city)
TRIP001617,Rapido,Ahmedabad,2025-12-18,23:56:00,00:08:24,Thursday,December,Off-Peak,2.93,12.4,1,Ahmedabad North,Ahmedabad East,Ahmedabad North,Ahmedabad East,22.92949,72.47131,23.10965,72.61478,93.76,0.0,0,93.76,Card,Mini,4.7,Completed,Synthetic proxy (no real dataset exists for this city)
TRIP001618,Ola,Ahmedabad,2025-12-04,15:58:00,16:41:36,Thursday,December,Off-Peak,8.47,43.6,1,Ahmedabad West,Ahmedabad North,Ahmedabad West,Ahmedabad North,23.01572,72.58332,23.04703,72.51086,207.04,0.0,0,207.04,Cash,Auto,4.9,Completed,Synthetic proxy (no real dataset exists for this city)
TRIP001619,Uber,Ahmedabad,2026-02-21,10:32:00,10:56:30,Saturday,February,Off-Peak,4.54,24.5,2,Ahmedabad East,Ahmedabad West,Ahmedabad East,Ahmedabad West,22.97755,72.54852,22.95535,72.65265,131.23,6.56,60,197.79,Card,Mini,4.4,Completed,Synthetic proxy (no real dataset exists for this city)
TRIP001620,Uber,Ahmedabad,2026-02-10,09:38:00,09:40:12,Tuesday,February,Peak,0.5,2.2,3,Ahmedabad West,Ahmedabad North,Ahmedabad West,Ahmedabad North,22.99862,72.51404,23.00874,72.65936,49.3,2.46,0,51.76,UPI,Auto,4.0,Completed,Synthetic proxy (no real dataset exists for this city)
TRIP001621,Ola,Ahmedabad,2026-01-30,01:36:00,01:51:30,Friday,January,Off-Peak,4.62,15.5,4,Ahmedabad North,Ahmedabad West,Ahmedabad North,Ahmedabad West,23.11413,72.58999,23.04276,72.64052,118.69,0.0,0,118.69,Wallet,Auto,3.7,Completed,Synthetic proxy (no real dataset exists for this city)
TRIP001622,Ola,Ahmedabad,2026-02-19,00:22:00,00:25:54,Thursday,February,Off-Peak,0.98,3.9,3,Ahmedabad South,Ahmedabad West,Ahmedabad South,Ahmedabad West,22.98622,72.49032,23.11696,72.6318,57.61,0.0,0,57.61,Cash,eBike,4.1,Cancelled by Customer,Synthetic proxy (no real dataset exists for this city)
TRIP001623,Local Fleet,Ahmedabad,2026-02-15,15:48:00,16:05:30,Sunday,February,Off-Peak,4.17,17.5,3,Ahmedabad Central,Ahmedabad North,Ahmedabad Central,Ahmedabad North,23.02328,72.54259,23.02064,72.63368,116.29,5.81,0,122.1,UPI,Prime SUV,4.2,Cancelled by Customer,Synthetic proxy (no real dataset exists for this city)
TRIP001624,Rapido,Ahmedabad,2026-01-08,22:00:00,22:55:42,Thursday,January,Off-Peak,9.64,55.7,1,Ahmedabad North,Ahmedabad Central,Ahmedabad North,Ahmedabad Central,23.05223,72.61624,23.01945,72.47076,239.23,0.0,60,299.23,Cash,Auto,4.7,Completed,Synthetic proxy (no real dataset exists for this city)
TRIP001625,Local Fleet,Ahmedabad,2025-12-10,21:45:00,22:09:24,Wednesday,December,Off-Peak,5.03,24.4,1,Ahmedabad Central,Ahmedabad West,Ahmedabad Central,Ahmedabad West,22.97924,72.66828,23.00662,72.48189,136.96,0.0,0,136.96,Card,eBike,4.8,Completed,Synthetic proxy (no real dataset exists for this city)
TRIP001626,Ola,Ahmedabad,2026-02-03,08:09:00,08:14:06,Tuesday,February,Peak,1.0,5.1,4,Ahmedabad East,Ahmedabad West,Ahmedabad East,Ahmedabad West,23.03081,72.5945,22.94403,72.63569,59.65,5.96,0,65.61,Cash,Prime Sedan,4.6,Cancelled by Driver,Synthetic proxy (no real dataset exists for this city)
TRIP001627,Local Fleet,Ahmedabad,2026-01-12,20:57:00,21:29:54,Monday,January,Off-Peak,6.48,32.9,1,Ahmedabad North,Ahmedabad East,Ahmedabad North,Ahmedabad East,23.00736,72.65489,23.0829,72.51061,167.11,16.71,0,183.82,Cash,eBike,4.8,Completed,Synthetic proxy (no real dataset exists for this city)
TRIP001628,Rapido,Ahmedabad,2026-02-03,04:40:00,05:13:00,Tuesday,February,Off-Peak,5.95,33.0,1,Ahmedabad Central,Ahmedabad North,Ahmedabad Central,Ahmedabad North,22.98767,72.47364,23.09322,72.55647,160.9,0.0,0,160.9,UPI,Prime Sedan,4.3,Completed,Synthetic proxy (no real dataset exists for this city)
TRIP001629,Uber,Ahmedabad,2025-12-28,03:39:00,03:41:06,Sunday,December,Off-Peak,0.5,2.1,1,Ahmedabad Central,Ahmedabad West,Ahmedabad Central,Ahmedabad West,23.03027,72.50305,23.11122,72.61174,49.15,0.0,0,49.15,UPI,Prime SUV,3.5,Completed,Synthetic proxy (no real dataset exists for this city)
TRIP001630,Local Fleet,Ahmedabad,2026-01-20,14:32:00,14:34:30,Tuesday,January,Off-Peak,0.67,2.5,2,Ahmedabad West,Ahmedabad South,Ahmedabad West,Ahmedabad South,22.93095,72.49891,22.95971,72.48407,51.79,0.0,0,51.79,UPI,Prime SUV,4.7,Completed,Synthetic proxy (no real dataset exists for this city)
TRIP001631,Rapido,Ahmedabad,2025-12-19,21:45:00,22:08:06,Friday,December,Off-Peak,4.29,23.1,3,Ahmedabad East,Ahmedabad East,Ahmedabad East,Ahmedabad East,23.11401,72.58037,23.1128,72.62681,126.13,0.0,0,126.13,Card,Prime Sedan,4.0,Completed,Synthetic proxy (no real dataset exists for this city)
TRIP001632,Local Fleet,Ahmedabad,2026-02-24,16:01:00,17:17:24,Tuesday,February,Off-Peak,17.04,76.4,3,Ahmedabad South,Ahmedabad South,Ahmedabad South,Ahmedabad South,22.92027,72.5822,22.97843,72.50464,359.08,0.0,0,359.08,Card,Prime Sedan,4.9,Completed,Synthetic proxy (no real dataset exists for this city)
TRIP001633,Rapido,Ahmedabad,2026-01-03,00:25:00,00:28:12,Saturday,January,Off-Peak,0.57,3.2,1,Ahmedabad South,Ahmedabad North,Ahmedabad South,Ahmedabad North,23.04771,72.54417,22.98241,72.59741,51.64,0.0,0,51.64,Card,Bike,4.1,Completed,Synthetic proxy (no real dataset exists for this city)
TRIP001634,Uber,Ahmedabad,2025-12-14,10:10:00,10:23:30,Sunday,December,Off-Peak,3.72,13.5,4,Ahmedabad South,Ahmedabad Central,Ahmedabad South,Ahmedabad Central,23.11889,72.54521,22.92029,72.48281,104.89,0.0,0,104.89,Card,Auto,4.1,Completed,Synthetic proxy (no real dataset exists for this city)
TRIP001635,Uber,Ahmedabad,2026-02-09,08:39:00,08:45:54,Monday,February,Peak,1.19,6.9,2,Ahmedabad West,Ahmedabad West,Ahmedabad West,Ahmedabad West,23.11477,72.51732,22.95367,72.5028,64.63,0.0,0,64.63,UPI,Prime Sedan,4.6,Completed,Synthetic proxy (no real dataset exists for this city)
TRIP001636,Uber,Ahmedabad,2026-01-04,18:03:00,18:16:12,Sunday,January,Peak,3.85,13.2,1,Ahmedabad South,Ahmedabad Central,Ahmedabad South,Ahmedabad Central,23.04259,72.49746,23.02361,72.64045,106.0,0.0,0,106.0,UPI,Bike,4.3,Completed,Synthetic proxy (no real dataset exists for this city)
TRIP001637,Ola,Ahmedabad,2026-01-02,11:04:00,11:29:24,Friday,January,Off-Peak,7.36,25.4,1,Ahmedabad West,Ahmedabad East,Ahmedabad West,Ahmedabad East,23.05264,72.61583,23.05115,72.61281,166.42,8.32,0,174.74,UPI,Bike,4.2,Completed,Synthetic proxy (no real dataset exists for this city)
TRIP001638,Ola,Ahmedabad,2026-01-11,16:37:00,18:05:24,Sunday,January,Off-Peak,16.85,88.4,2,Ahmedabad Central,Ahmedabad East,Ahmedabad Central,Ahmedabad East,22.93989,72.62892,22.93134,72.47187,374.8,0.0,0,374.8,Card,Bike,3.7,Completed,Synthetic proxy (no real dataset exists for this city)
TRIP001639,Uber,Ahmedabad,2026-02-11,17:41:00,17:59:06,Wednesday,February,Off-Peak,3.1,18.1,1,Ahmedabad North,Ahmedabad East,Ahmedabad North,Ahmedabad East,23.06394,72.644,22.92391,72.554,104.35,0.0,0,104.35,Wallet,Bike,4.8,Completed,Synthetic proxy (no real dataset exists for this city)
TRIP001640,Uber,Ahmedabad,2025-12-06,22:39:00,23:20:18,Saturday,December,Off-Peak,8.22,41.3,4,Ahmedabad South,Ahmedabad North,Ahmedabad South,Ahmedabad North,23.00442,72.61979,23.0533,72.56524,200.59,0.0,0,200.59,Cash,Bike,4.1,Cancelled by Driver,Synthetic proxy (no real dataset exists for this city)
TRIP001641,Uber,Ahmedabad,2026-02-10,23:32:00,00:38:54,Tuesday,February,Off-Peak,17.03,66.9,4,Ahmedabad Central,Ahmedabad East,Ahmedabad Central,Ahmedabad East,23.06475,72.60931,22.96585,72.53654,344.71,34.47,0,379.18,Card,Prime Sedan,4.7,Cancelled by Driver,Synthetic proxy (no real dataset exists for this city)
TRIP001642,Uber,Ahmedabad,2025-12-25,06:20:00,06:29:54,Thursday,December,Off-Peak,2.56,9.9,2,Ahmedabad Central,Ahmedabad Central,Ahmedabad Central,Ahmedabad Central,22.96703,72.55598,22.96672,72.64502,85.57,0.0,0,85.57,Cash,Mini,4.1,Completed,Synthetic proxy (no real dataset exists for this city)
TRIP001643,Uber,Ahmedabad,2026-01-25,03:41:00,03:50:42,Sunday,January,Off-Peak,2.87,9.7,1,Ahmedabad South,Ahmedabad East,Ahmedabad South,Ahmedabad East,22.93779,72.61379,23.08048,72.58562,88.99,0.0,0,88.99,Wallet,eBike,4.3,Completed,Synthetic proxy (no real dataset exists for this city)
TRIP001644,Rapido,Ahmedabad,2026-01-09,19:21:00,20:42:24,Friday,January,Peak,15.08,81.4,1,Ahmedabad West,Ahmedabad South,Ahmedabad West,Ahmedabad South,23.11537,72.51344,22.93333,72.53623,343.06,0.0,40,383.06,UPI,Auto,4.5,Completed,Synthetic proxy (no real dataset exists for this city)
TRIP001645,Ola,Ahmedabad,2025-12-15,23:23:00,00:12:12,Monday,December,Off-Peak,8.32,49.2,1,Ahmedabad Central,Ahmedabad North,Ahmedabad Central,Ahmedabad North,22.96198,72.50209,22.93969,72.58595,213.64,0.0,0,213.64,Wallet,Prime SUV,4.4,Cancelled by Customer,Synthetic proxy (no real dataset exists for this city)
TRIP001646,Uber,Ahmedabad,2025-12-27,03:34:00,03:36:06,Saturday,December,Off-Peak,0.5,2.1,1,Ahmedabad Central,Ahmedabad Central,Ahmedabad Central,Ahmedabad Central,22.92304,72.63772,22.95548,72.48534,49.15,4.92,0,54.07,Cash,eBike,4.0,Completed,Synthetic proxy (no real dataset exists for this city)
TRIP001647,Rapido,Ahmedabad,2026-01-11,02:43:00,02:47:00,Sunday,January,Off-Peak,0.75,4.0,1,Ahmedabad East,Ahmedabad East,Ahmedabad East,Ahmedabad East,23.06287,72.60599,23.02056,72.557,55.0,0.0,0,55.0,Card,eBike,4.6,Completed,Synthetic proxy (no real dataset exists for this city)
TRIP001648,Ola,Ahmedabad,2026-02-08,16:54:00,17:29:18,Sunday,February,Off-Peak,8.85,35.3,3,Ahmedabad West,Ahmedabad West,Ahmedabad West,Ahmedabad West,22.93747,72.63403,23.03467,72.4945,199.15,9.96,0,209.11,UPI,Prime SUV,4.6,Cancelled by Customer,Synthetic proxy (no real dataset exists for this city)
TRIP001649,Uber,Ahmedabad,2026-01-31,04:13:00,04:18:48,Saturday,January,Off-Peak,1.07,5.8,3,Ahmedabad North,Ahmedabad East,Ahmedabad North,Ahmedabad East,22.95759,72.49268,23.00764,72.50631,61.54,6.15,0,67.69,UPI,Prime Sedan,4.1,Cancelled by Driver,Synthetic proxy (no real dataset exists for this city)
TRIP001650,Ola,Ahmedabad,2025-12-16,02:24:00,03:13:36,Tuesday,December,Off-Peak,9.49,49.6,3,Ahmedabad East,Ahmedabad West,Ahmedabad East,Ahmedabad West,23.03426,72.51287,23.0849,72.63579,228.28,0.0,0,228.28,Cash,Auto,4.2,Completed,Synthetic proxy (no real dataset exists for this city)
TRIP001651,Rapido,Ahmedabad,2026-02-12,02:17:00,02:26:06,Thursday,February,Off-Peak,2.65,9.1,1,Ahmedabad West,Ahmedabad East,Ahmedabad West,Ahmedabad East,23.07166,72.66342,23.05863,72.52381,85.45,0.0,0,85.45,UPI,Bike,3.7,Completed,Synthetic proxy (no real dataset exists for this city)
TRIP001652,Local Fleet,Ahmedabad,2025-12-20,04:40:00,04:54:54,Saturday,December,Off-Peak,3.09,14.9,2,Ahmedabad West,Ahmedabad North,Ahmedabad West,Ahmedabad North,23.08428,72.603,22.96315,72.63114,99.43,9.94,0,109.37,Cash,Prime SUV,4.6,Completed,Synthetic proxy (no real dataset exists for this city)
TRIP001653,Local Fleet,Ahmedabad,2026-01-24,22:53:00,23:22:00,Saturday,January,Off-Peak,4.86,29.0,1,Ahmedabad West,Ahmedabad East,Ahmedabad West,Ahmedabad East,22.96344,72.62245,23.08699,72.63643,141.82,0.0,40,181.82,Card,Mini,3.9,Completed,Synthetic proxy (no real dataset exists for this city)
TRIP001654,Uber,Ahmedabad,2026-01-20,10:19:00,10:23:00,Tuesday,January,Off-Peak,0.82,4.0,1,Ahmedabad North,Ahmedabad East,Ahmedabad North,Ahmedabad East,23.04787,72.58184,23.04625,72.6661,55.84,0.0,0,55.84,Card,Auto,4.3,Completed,Synthetic proxy (no real dataset exists for this city)
TRIP001655,Rapido,Ahmedabad,2026-01-15,06:11:00,06:33:00,Thursday,January,Off-Peak,6.24,22.0,1,Ahmedabad Central,Ahmedabad East,Ahmedabad Central,Ahmedabad East,23.03797,72.48791,22.95489,72.65304,147.88,0.0,0,147.88,UPI,Prime Sedan,4.6,Completed,Synthetic proxy (no real dataset exists for this city)
TRIP001656,Ola,Ahmedabad,2026-02-12,20:53:00,20:55:00,Thursday,February,Off-Peak,0.63,2.0,1,Ahmedabad North,Ahmedabad Central,Ahmedabad North,Ahmedabad Central,23.03241,72.49257,22.96023,72.5824,50.56,0.0,0,50.56,Cash,Bike,4.3,Completed,Synthetic proxy (no real dataset exists for this city)
TRIP001657,Local Fleet,Ahmedabad,2026-01-21,02:30:00,04:31:30,Wednesday,January,Off-Peak,21.5,121.5,3,Ahmedabad West,Ahmedabad Central,Ahmedabad West,Ahmedabad Central,23.05792,72.48454,23.10295,72.49554,480.25,0.0,0,480.25,UPI,Mini,4.1,Completed,Synthetic proxy (no real dataset exists for this city)
TRIP001658,Local Fleet,Ahmedabad,2026-01-22,18:08:00,18:45:18,Thursday,January,Peak,6.43,37.3,1,Ahmedabad North,Ahmedabad East,Ahmedabad North,Ahmedabad East,23.11708,72.53637,22.93473,72.61361,173.11,0.0,0,173.11,UPI,Prime SUV,4.4,Completed,Synthetic proxy (no real dataset exists for this city)
TRIP001659,Local Fleet,Ahmedabad,2026-01-09,09:33:00,09:37:18,Friday,January,Peak,1.41,4.3,1,Ahmedabad West,Ahmedabad Central,Ahmedabad West,Ahmedabad Central,23.02223,72.60554,22.98327,72.49609,63.37,0.0,0,63.37,Card,Auto,4.3,Cancelled by Driver,Synthetic proxy (no real dataset exists for this city)
TRIP001660,Ola,Ahmedabad,2026-02-06,01:09:00,01:14:30,Friday,February,Off-Peak,1.03,5.5,1,Ahmedabad Central,Ahmedabad East,Ahmedabad Central,Ahmedabad East,22.99338,72.50811,23.07123,72.49249,60.61,0.0,0,60.61,UPI,Mini,4.4,Completed,Synthetic proxy (no real dataset exists for this city)
TRIP001661,Local Fleet,Ahmedabad,2026-02-22,15:47:00,17:29:00,Sunday,February,Off-Peak,19.64,102.0,1,Ahmedabad West,Ahmedabad Central,Ahmedabad West,Ahmedabad Central,23.03355,72.65134,23.05687,72.63013,428.68,0.0,0,428.68,UPI,Bike,4.6,Completed,Synthetic proxy (no real dataset exists for this city)
TRIP001662,Local Fleet,Ahmedabad,2026-02-13,00:40:00,00:45:18,Friday,February,Off-Peak,1.62,5.3,1,Ahmedabad West,Ahmedabad West,Ahmedabad West,Ahmedabad West,22.93667,72.47214,23.0612,72.56088,67.39,3.37,0,70.76,UPI,Mini,3.6,Completed,Synthetic proxy (no real dataset exists for this city)
TRIP001663,Local Fleet,Ahmedabad,2026-02-17,01:32:00,01:35:54,Tuesday,February,Off-Peak,0.67,3.9,1,Ahmedabad Central,Ahmedabad North,Ahmedabad Central,Ahmedabad North,23.05316,72.55771,23.02814,72.52655,53.89,5.39,0,59.28,UPI,Mini,4.9,Cancelled by Driver,Synthetic proxy (no real dataset exists for this city)
TRIP001664,Local Fleet,Ahmedabad,2026-01-10,12:48:00,12:51:00,Saturday,January,Off-Peak,0.68,3.0,1,Ahmedabad North,Ahmedabad West,Ahmedabad North,Ahmedabad West,22.99066,72.48715,23.03645,72.61139,52.66,0.0,0,52.66,Cash,Mini,4.5,Completed,Synthetic proxy (no real dataset exists for this city)
TRIP001665,Rapido,Ahmedabad,2025-12-28,20:43:00,20:46:36,Sunday,December,Off-Peak,0.7,3.6,4,Ahmedabad Central,Ahmedabad North,Ahmedabad Central,Ahmedabad North,22.9674,72.65812,22.98901,72.58827,53.8,5.38,0,59.18,Cash,eBike,3.6,Completed,Synthetic proxy (no real dataset exists for this city)
TRIP001666,Rapido,Ahmedabad,2026-01-20,02:33:00,03:16:06,Tuesday,January,Off-Peak,10.19,43.1,2,Ahmedabad Central,Ahmedabad Central,Ahmedabad Central,Ahmedabad Central,23.02824,72.5754,23.00027,72.55361,226.93,0.0,0,226.93,UPI,Prime SUV,4.7,Completed,Synthetic proxy (no real dataset exists for this city)
TRIP001667,Rapido,Ahmedabad,2026-01-21,06:52:00,07:12:12,Wednesday,January,Off-Peak,3.79,20.2,2,Ahmedabad East,Ahmedabad South,Ahmedabad East,Ahmedabad South,23.08374,72.64933,22.94847,72.65809,115.78,0.0,0,115.78,UPI,Mini,4.6,Completed,Synthetic proxy (no real dataset exists for this city)
TRIP001668,Rapido,Ahmedabad,2026-01-22,02:09:00,02:14:18,Thursday,January,Off-Peak,1.51,5.3,2,Ahmedabad Central,Ahmedabad Central,Ahmedabad Central,Ahmedabad Central,23.07493,72.5902,23.08532,72.52305,66.07,0.0,0,66.07,UPI,eBike,4.3,Completed,Synthetic proxy (no real dataset exists for this city)
TRIP001669,Uber,Ahmedabad,2026-01-18,15:31:00,15:39:48,Sunday,January,Off-Peak,2.45,8.8,1,Ahmedabad West,Ahmedabad West,Ahmedabad West,Ahmedabad West,22.95711,72.64658,22.94317,72.51485,82.6,0.0,0,82.6,Wallet,Auto,4.3,Completed,Synthetic proxy (no real dataset exists for this city)
TRIP001670,Rapido,Ahmedabad,2025-12-15,10:53:00,10:57:18,Monday,December,Off-Peak,1.0,4.3,4,Ahmedabad East,Ahmedabad South,Ahmedabad East,Ahmedabad South,22.94227,72.5788,22.92262,72.65565,58.45,0.0,0,58.45,UPI,eBike,5.0,Completed,Synthetic proxy (no real dataset exists for this city)
TRIP001671,Rapido,Ahmedabad,2025-12-31,06:26:00,06:28:36,Wednesday,December,Off-Peak,0.57,2.6,2,Ahmedabad West,Ahmedabad East,Ahmedabad West,Ahmedabad East,23.09693,72.52169,23.01451,72.60933,50.74,0.0,0,50.74,Wallet,Prime Sedan,4.9,Completed,Synthetic proxy (no real dataset exists for this city)
TRIP001672,Local Fleet,Ahmedabad,2026-02-13,02:08:00,02:09:30,Friday,February,Off-Peak,0.5,1.5,3,Ahmedabad South,Ahmedabad East,Ahmedabad South,Ahmedabad East,23.0854,72.65014,23.08783,72.57874,48.25,0.0,0,48.25,Cash,Prime SUV,3.6,Completed,Synthetic proxy (no real dataset exists for this city)
TRIP001673,Ola,Ahmedabad,2026-02-01,23:29:00,23:44:36,Sunday,February,Off-Peak,4.74,15.6,1,Ahmedabad West,Ahmedabad West,Ahmedabad West,Ahmedabad West,22.97676,72.51472,22.9724,72.52667,120.28,6.01,0,126.29,UPI,eBike,3.6,Completed,Synthetic proxy (no real dataset exists for this city)
TRIP001674,Ola,Ahmedabad,2026-01-29,10:04:00,11:19:36,Thursday,January,Off-Peak,14.14,75.6,1,Ahmedabad Central,Ahmedabad Central,Ahmedabad Central,Ahmedabad Central,23.0704,72.59929,23.09494,72.6166,323.08,0.0,60,383.08,UPI,Bike,4.1,Completed,Synthetic proxy (no real dataset exists for this city)
TRIP001675,Ola,Ahmedabad,2025-12-10,16:54:00,17:21:18,Wednesday,December,Off-Peak,7.72,27.3,1,Ahmedabad Central,Ahmedabad South,Ahmedabad Central,Ahmedabad South,22.99174,72.6341,23.09654,72.51121,173.59,0.0,0,173.59,UPI,Bike,4.8,Completed,Synthetic proxy (no real dataset exists for this city)
TRIP001676,Ola,Ahmedabad,2026-02-17,01:31:00,01:48:12,Tuesday,February,Off-Peak,4.08,17.2,1,Ahmedabad Central,Ahmedabad East,Ahmedabad Central,Ahmedabad East,22.98123,72.66627,22.94222,72.50214,114.76,0.0,0,114.76,Wallet,Prime SUV,4.9,Completed,Synthetic proxy (no real dataset exists for this city)
TRIP001677,Uber,Ahmedabad,2026-02-23,09:46:00,09:49:54,Monday,February,Peak,0.79,3.9,1,Ahmedabad Central,Ahmedabad East,Ahmedabad Central,Ahmedabad East,22.99655,72.55119,22.94405,72.47883,55.33,0.0,0,55.33,Card,Mini,4.9,Completed,Synthetic proxy (no real dataset exists for this city)
TRIP001678,Rapido,Ahmedabad,2025-12-25,06:29:00,06:43:06,Thursday,December,Off-Peak,2.6,14.1,1,Ahmedabad North,Ahmedabad South,Ahmedabad North,Ahmedabad South,23.03082,72.56568,23.01472,72.53659,92.35,0.0,0,92.35,UPI,Prime SUV,4.0,Completed,Synthetic proxy (no real dataset exists for this city)
TRIP001679,Rapido,Ahmedabad,2026-02-20,15:35:00,15:59:18,Friday,February,Off-Peak,6.5,24.3,1,Ahmedabad Central,Ahmedabad North,Ahmedabad Central,Ahmedabad North,22.93536,72.64657,23.08139,72.54592,154.45,7.72,0,162.17,UPI,Prime Sedan,4.2,Completed,Synthetic proxy (no real dataset exists for this city)
TRIP001680,Local Fleet,Ahmedabad,2026-01-24,23:18:00,23:27:48,Saturday,January,Off-Peak,3.18,9.8,4,Ahmedabad West,Ahmedabad Central,Ahmedabad West,Ahmedabad Central,22.92355,72.60597,22.9345,72.60122,92.86,9.29,0,102.15,UPI,Auto,3.7,Completed,Synthetic proxy (no real dataset exists for this city)
TRIP001681,Ola,Ahmedabad,2025-12-07,08:03:00,08:06:30,Sunday,December,Peak,0.79,3.5,4,Ahmedabad Central,Ahmedabad East,Ahmedabad Central,Ahmedabad East,23.00718,72.53656,23.05874,72.55239,54.73,0.0,0,54.73,Cash,Mini,3.6,Completed,Synthetic proxy (no real dataset exists for this city)
TRIP001682,Rapido,Ahmedabad,2025-12-25,01:35:00,02:02:36,Thursday,December,Off-Peak,7.77,27.6,1,Ahmedabad North,Ahmedabad South,Ahmedabad North,Ahmedabad South,22.98166,72.61419,22.98686,72.52029,174.64,17.46,0,192.1,Wallet,eBike,4.7,Completed,Synthetic proxy (no real dataset exists for this city)
TRIP001683,Uber,Ahmedabad,2026-02-10,18:06:00,18:48:06,Tuesday,February,Peak,9.35,42.1,4,Ahmedabad East,Ahmedabad South,Ahmedabad East,Ahmedabad South,23.03407,72.64646,22.98858,72.62871,215.35,0.0,0,215.35,UPI,Auto,3.7,Incomplete,Synthetic proxy (no real dataset exists for this city)
TRIP001684,Uber,Ahmedabad,2025-12-25,23:10:00,23:33:06,Thursday,December,Off-Peak,6.9,23.1,1,Ahmedabad West,Ahmedabad North,Ahmedabad West,Ahmedabad North,22.94129,72.63555,22.98278,72.64992,157.45,0.0,0,157.45,Wallet,Mini,3.8,Completed,Synthetic proxy (no real dataset exists for this city)
TRIP001685,Local Fleet,Ahmedabad,2026-02-23,07:46:00,08:05:54,Monday,February,Off-Peak,3.52,19.9,3,Ahmedabad South,Ahmedabad West,Ahmedabad South,Ahmedabad West,23.07909,72.60539,23.09119,72.47279,112.09,11.21,0,123.3,UPI,Prime SUV,3.6,Completed,Synthetic proxy (no real dataset exists for this city)
TRIP001686,Ola,Ahmedabad,2025-12-11,05:50:00,06:21:00,Thursday,December,Off-Peak,7.05,31.0,1,Ahmedabad South,Ahmedabad Central,Ahmedabad South,Ahmedabad Central,22.98126,72.50866,22.96522,72.60335,171.1,17.11,0,188.21,UPI,Bike,4.2,Cancelled by Driver,Synthetic proxy (no real dataset exists for this city)
TRIP001687,Rapido,Ahmedabad,2025-12-03,16:42:00,17:07:42,Wednesday,December,Off-Peak,5.99,25.7,4,Ahmedabad East,Ahmedabad South,Ahmedabad East,Ahmedabad South,23.0628,72.58477,22.9801,72.54417,150.43,0.0,0,150.43,UPI,eBike,4.6,Completed,Synthetic proxy (no real dataset exists for this city)
TRIP001688,Local Fleet,Ahmedabad,2026-01-26,20:11:00,20:21:48,Monday,January,Off-Peak,2.65,10.8,1,Ahmedabad East,Ahmedabad East,Ahmedabad East,Ahmedabad East,22.93333,72.64988,23.04623,72.66158,88.0,0.0,0,88.0,UPI,eBike,3.9,Completed,Synthetic proxy (no real dataset exists for this city)
TRIP001689,Uber,Ahmedabad,2025-12-15,16:11:00,16:13:18,Monday,December,Off-Peak,0.5,2.3,1,Ahmedabad East,Ahmedabad South,Ahmedabad East,Ahmedabad South,22.9458,72.57574,23.08184,72.52047,49.45,2.47,0,51.92,Card,Prime SUV,4.7,Completed,Synthetic proxy (no real dataset exists for this city)
TRIP001690,Ola,Ahmedabad,2025-12-21,18:44:00,19:01:12,Sunday,December,Peak,3.82,17.2,1,Ahmedabad Central,Ahmedabad West,Ahmedabad Central,Ahmedabad West,22.97557,72.48174,22.94206,72.52405,111.64,0.0,0,111.64,Cash,Prime Sedan,4.9,Completed,Synthetic proxy (no real dataset exists for this city)
TRIP001691,Ola,Ahmedabad,2026-02-18,15:20:00,15:41:36,Wednesday,February,Off-Peak,3.76,21.6,4,Ahmedabad West,Ahmedabad North,Ahmedabad West,Ahmedabad North,23.01502,72.55388,23.05431,72.52715,117.52,0.0,0,117.52,Wallet,Prime Sedan,4.2,Completed,Synthetic proxy (no real dataset exists for this city)
TRIP001692,Uber,Ahmedabad,2026-01-31,12:19:00,12:32:54,Saturday,January,Off-Peak,2.96,13.9,1,Ahmedabad West,Ahmedabad North,Ahmedabad West,Ahmedabad North,22.9886,72.61282,22.92252,72.60217,96.37,0.0,0,96.37,UPI,Auto,5.0,Completed,Synthetic proxy (no real dataset exists for this city)
TRIP001693,Ola,Ahmedabad,2026-02-01,18:01:00,18:29:24,Sunday,February,Peak,6.5,28.4,3,Ahmedabad South,Ahmedabad North,Ahmedabad South,Ahmedabad North,23.0459,72.61321,23.07395,72.48949,160.6,0.0,0,160.6,UPI,Mini,4.2,Completed,Synthetic proxy (no real dataset exists for this city)
TRIP001694,Rapido,Ahmedabad,2026-02-20,13:17:00,13:23:24,Friday,February,Off-Peak,1.31,6.4,4,Ahmedabad Central,Ahmedabad Central,Ahmedabad Central,Ahmedabad Central,23.0357,72.54386,22.92288,72.49431,65.32,0.0,0,65.32,UPI,Mini,3.9,Cancelled by Driver,Synthetic proxy (no real dataset exists for this city)
TRIP001695,Ola,Ahmedabad,2026-01-14,05:34:00,06:13:54,Wednesday,January,Off-Peak,7.88,39.9,1,Ahmedabad North,Ahmedabad East,Ahmedabad North,Ahmedabad East,23.05064,72.51454,23.01762,72.51328,194.41,0.0,60,254.41,UPI,Auto,3.9,Cancelled by Driver,Synthetic proxy (no real dataset exists for this city)
TRIP001696,Rapido,Ahmedabad,2025-12-28,10:49:00,10:51:42,Sunday,December,Off-Peak,0.5,2.7,2,Ahmedabad West,Ahmedabad West,Ahmedabad West,Ahmedabad West,23.10524,72.6482,22.95393,72.5921,50.05,0.0,0,50.05,UPI,Mini,3.7,Completed,Synthetic proxy (no real dataset exists for this city)
TRIP001697,Local Fleet,Ahmedabad,2026-02-28,12:59:00,13:30:12,Saturday,February,Off-Peak,7.06,31.2,1,Ahmedabad West,Ahmedabad Central,Ahmedabad West,Ahmedabad Central,22.99288,72.66749,22.94949,72.53062,171.52,0.0,0,171.52,Card,Prime Sedan,4.0,Completed,Synthetic proxy (no real dataset exists for this city)
TRIP001698,Ola,Ahmedabad,2026-01-29,22:25:00,23:26:42,Thursday,January,Off-Peak,16.43,61.7,3,Ahmedabad West,Ahmedabad North,Ahmedabad West,Ahmedabad North,23.08422,72.59684,22.92043,72.51991,329.71,16.49,0,346.2,UPI,eBike,4.4,Completed,Synthetic proxy (no real dataset exists for this city)
TRIP001699,Uber,Ahmedabad,2025-12-20,14:23:00,14:35:36,Saturday,December,Off-Peak,2.42,12.6,1,Ahmedabad West,Ahmedabad North,Ahmedabad West,Ahmedabad North,23.06901,72.52575,23.09549,72.59347,87.94,0.0,0,87.94,UPI,Prime SUV,4.8,Completed,Synthetic proxy (no real dataset exists for this city)
TRIP001700,Uber,Ahmedabad,2026-01-03,23:11:00,23:13:00,Saturday,January,Off-Peak,0.5,2.0,2,Ahmedabad South,Ahmedabad Central,Ahmedabad South,Ahmedabad Central,23.08412,72.53948,23.02449,72.47836,49.0,0.0,0,49.0,UPI,eBike,4.8,Completed,Synthetic proxy (no real dataset exists for this city)
TRIP001701,Local Fleet,Ahmedabad,2026-02-27,23:24:00,23:43:18,Friday,February,Off-Peak,5.37,19.3,1,Ahmedabad North,Ahmedabad West,Ahmedabad North,Ahmedabad West,22.99112,72.56801,22.96732,72.60367,133.39,0.0,40,173.39,UPI,Bike,4.7,Completed,Synthetic proxy (no real dataset exists for this city)
TRIP001702,Local Fleet,Ahmedabad,2026-02-07,08:26:00,08:28:18,Saturday,February,Peak,0.5,2.3,1,Ahmedabad West,Ahmedabad Central,Ahmedabad West,Ahmedabad Central,23.11192,72.60409,23.11744,72.56927,49.45,0.0,0,49.45,Card,Auto,4.3,Cancelled by Driver,Synthetic proxy (no real dataset exists for this city)
TRIP001703,Ola,Ahmedabad,2025-12-24,23:53:00,00:01:54,Wednesday,December,Off-Peak,2.02,8.9,4,Ahmedabad Central,Ahmedabad South,Ahmedabad Central,Ahmedabad South,23.04637,72.47694,23.10815,72.52592,77.59,3.88,0,81.47,UPI,Bike,4.7,Completed,Synthetic proxy (no real dataset exists for this city)
TRIP001704,Ola,Ahmedabad,2026-02-18,23:43:00,23:57:54,Wednesday,February,Off-Peak,2.53,14.9,4,Ahmedabad Central,Ahmedabad East,Ahmedabad Central,Ahmedabad East,23.11329,72.48003,23.02271,72.6521,92.71,0.0,0,92.71,UPI,Mini,4.4,Completed,Synthetic proxy (no real dataset exists for this city)
TRIP001705,Local Fleet,Ahmedabad,2026-02-21,12:09:00,12:11:12,Saturday,February,Off-Peak,0.7,2.2,2,Ahmedabad West,Ahmedabad South,Ahmedabad West,Ahmedabad South,23.11417,72.66938,23.0474,72.49171,51.7,0.0,0,51.7,Card,Auto,4.7,Completed,Synthetic proxy (no real dataset exists for this city)
TRIP001706,Rapido,Ahmedabad,2026-02-24,23:06:00,00:06:36,Tuesday,February,Off-Peak,11.87,60.6,3,Ahmedabad West,Ahmedabad Central,Ahmedabad West,Ahmedabad Central,23.11051,72.59952,23.05014,72.62728,273.34,0.0,0,273.34,UPI,Prime Sedan,4.8,Completed,Synthetic proxy (no real dataset exists for this city)
TRIP001707,Local Fleet,Ahmedabad,2026-01-31,22:26:00,22:34:06,Saturday,January,Off-Peak,2.31,8.1,1,Ahmedabad North,Ahmedabad East,Ahmedabad North,Ahmedabad East,23.07791,72.62259,22.95743,72.55305,79.87,0.0,0,79.87,Card,Mini,4.5,Completed,Synthetic proxy (no real dataset exists for this city)
TRIP001708,Local Fleet,Ahmedabad,2026-02-15,03:40:00,03:50:06,Sunday,February,Off-Peak,2.28,10.1,1,Ahmedabad West,Ahmedabad North,Ahmedabad West,Ahmedabad North,23.07393,72.62662,22.99028,72.48696,82.51,0.0,0,82.51,Wallet,Auto,4.1,Completed,Synthetic proxy (no real dataset exists for this city)
TRIP001709,Uber,Ahmedabad,2026-01-29,01:43:00,03:09:36,Thursday,January,Off-Peak,16.71,86.6,4,Ahmedabad East,Ahmedabad East,Ahmedabad East,Ahmedabad East,23.0538,72.58364,22.94224,72.576,370.42,18.52,0,388.94,UPI,Prime SUV,4.1,Completed,Synthetic proxy (no real dataset exists for this city)
TRIP001710,Ola,Ahmedabad,2025-12-04,12:40:00,12:52:42,Thursday,December,Off-Peak,3.51,12.7,2,Ahmedabad South,Ahmedabad East,Ahmedabad South,Ahmedabad East,23.06516,72.49381,23.11751,72.65852,101.17,5.06,0,106.23,UPI,Prime Sedan,4.0,Completed,Synthetic proxy (no real dataset exists for this city)
TRIP001711,Local Fleet,Ahmedabad,2026-01-26,05:54:00,06:12:18,Monday,January,Off-Peak,3.7,18.3,1,Ahmedabad Central,Ahmedabad East,Ahmedabad Central,Ahmedabad East,23.10395,72.49974,22.95657,72.61203,111.85,0.0,0,111.85,Card,Prime SUV,4.2,Cancelled by Driver,Synthetic proxy (no real dataset exists for this city)
TRIP001712,Rapido,Ahmedabad,2025-12-22,22:06:00,22:07:54,Monday,December,Off-Peak,0.5,1.9,1,Ahmedabad North,Ahmedabad North,Ahmedabad North,Ahmedabad North,23.04094,72.52813,22.98211,72.66348,48.85,0.0,0,48.85,Card,Prime Sedan,4.2,Completed,Synthetic proxy (no real dataset exists for this city)
TRIP001713,Ola,Ahmedabad,2026-01-12,06:27:00,06:35:48,Monday,January,Off-Peak,2.92,8.8,4,Ahmedabad South,Ahmedabad West,Ahmedabad South,Ahmedabad West,23.07294,72.5853,22.92389,72.51116,88.24,0.0,0,88.24,UPI,Prime SUV,4.8,Completed,Synthetic proxy (no real dataset exists for this city)
TRIP001714,Uber,Ahmedabad,2026-02-24,12:22:00,12:36:48,Tuesday,February,Off-Peak,4.28,14.8,1,Ahmedabad East,Ahmedabad North,Ahmedabad East,Ahmedabad North,23.10324,72.47055,22.98603,72.48327,113.56,0.0,0,113.56,Cash,Prime SUV,3.8,Completed,Synthetic proxy (no real dataset exists for this city)
TRIP001715,Rapido,Ahmedabad,2026-02-18,12:49:00,12:54:06,Wednesday,February,Off-Peak,1.25,5.1,1,Ahmedabad Central,Ahmedabad East,Ahmedabad Central,Ahmedabad East,22.97246,72.57016,23.1063,72.61846,62.65,0.0,0,62.65,Cash,Auto,4.4,Completed,Synthetic proxy (no real dataset exists for this city)
TRIP001716,Local Fleet,Ahmedabad,2025-12-30,04:27:00,04:35:06,Tuesday,December,Off-Peak,1.52,8.1,4,Ahmedabad North,Ahmedabad Central,Ahmedabad North,Ahmedabad Central,22.95667,72.58449,23.1173,72.62076,70.39,0.0,0,70.39,Cash,Mini,3.6,Completed,Synthetic proxy (no real dataset exists for this city)
TRIP001717,Rapido,Ahmedabad,2026-01-09,07:11:00,08:20:18,Friday,January,Off-Peak,18.54,69.3,4,Ahmedabad Central,Ahmedabad South,Ahmedabad Central,Ahmedabad South,23.06656,72.54719,22.96193,72.48033,366.43,0.0,60,426.43,Card,Mini,3.8,Completed,Synthetic proxy (no real dataset exists for this city)
TRIP001718,Rapido,Ahmedabad,2026-01-01,16:33:00,18:02:12,Thursday,January,Off-Peak,16.35,89.2,3,Ahmedabad South,Ahmedabad East,Ahmedabad South,Ahmedabad East,23.10551,72.66716,22.98726,72.52405,370.0,0.0,0,370.0,UPI,Auto,3.8,Completed,Synthetic proxy (no real dataset exists for this city)
TRIP001719,Ola,Ahmedabad,2025-12-01,00:16:00,00:24:00,Monday,December,Off-Peak,1.48,8.0,4,Ahmedabad North,Ahmedabad Central,Ahmedabad North,Ahmedabad Central,22.96635,72.60374,22.97062,72.66792,69.76,0.0,40,109.76,Wallet,Auto,3.8,Cancelled by Driver,Synthetic proxy (no real dataset exists for this city)
TRIP001720,Uber,Ahmedabad,2025-12-08,08:53:00,08:58:24,Monday,December,Peak,0.97,5.4,4,Ahmedabad Central,Ahmedabad East,Ahmedabad Central,Ahmedabad East,23.01281,72.49203,23.05061,72.50385,59.74,0.0,40,99.74,Card,Auto,4.9,Completed,Synthetic proxy (no real dataset exists for this city)
TRIP001721,Ola,Ahmedabad,2026-01-06,09:16:00,09:42:42,Tuesday,January,Peak,8.51,26.7,1,Ahmedabad Central,Ahmedabad East,Ahmedabad Central,Ahmedabad East,23.09718,72.5237,23.02432,72.59471,182.17,18.22,0,200.39,Card,Prime Sedan,3.6,Completed,Synthetic proxy (no real dataset exists for this city)
TRIP001722,Ola,Ahmedabad,2025-12-02,20:09:00,20:41:48,Tuesday,December,Off-Peak,10.07,32.8,3,Ahmedabad South,Ahmedabad North,Ahmedabad South,Ahmedabad North,23.01625,72.5197,23.0151,72.57424,210.04,0.0,0,210.04,Cash,Auto,3.6,Cancelled by Driver,Synthetic proxy (no real dataset exists for this city)
TRIP001723,Local Fleet,Ahmedabad,2026-01-17,06:53:00,07:16:30,Saturday,January,Off-Peak,4.03,23.5,4,Ahmedabad Central,Ahmedabad South,Ahmedabad Central,Ahmedabad South,23.06256,72.52787,23.01828,72.53005,123.61,0.0,0,123.61,UPI,eBike,4.3,Completed,Synthetic proxy (no real dataset exists for this city)
TRIP001724,Local Fleet,Ahmedabad,2026-01-02,12:00:00,12:12:12,Friday,January,Off-Peak,2.25,12.2,4,Ahmedabad Central,Ahmedabad South,Ahmedabad Central,Ahmedabad South,22.93208,72.52391,22.94228,72.52186,85.3,0.0,0,85.3,Card,Auto,3.8,Completed,Synthetic proxy (no real dataset exists for this city)
TRIP001725,Rapido,Ahmedabad,2025-12-06,14:36:00,14:42:06,Saturday,December,Off-Peak,1.15,6.1,1,Ahmedabad Central,Ahmedabad South,Ahmedabad Central,Ahmedabad South,23.02595,72.61944,23.09692,72.49654,62.95,0.0,0,62.95,UPI,eBike,4.8,Completed,Synthetic proxy (no real dataset exists for this city)
TRIP001726,Uber,Ahmedabad,2026-02-22,15:32:00,15:34:06,Sunday,February,Off-Peak,0.5,2.1,2,Ahmedabad South,Ahmedabad East,Ahmedabad South,Ahmedabad East,22.93617,72.61086,22.94142,72.53462,49.15,0.0,0,49.15,Cash,Bike,5.0,Completed,Synthetic proxy (no real dataset exists for this city)
TRIP001727,Uber,Ahmedabad,2026-01-25,14:14:00,14:54:48,Sunday,January,Off-Peak,11.98,40.8,2,Ahmedabad East,Ahmedabad South,Ahmedabad East,Ahmedabad South,22.93763,72.62363,23.02995,72.49488,244.96,0.0,0,244.96,UPI,Prime Sedan,4.3,Completed,Synthetic proxy (no real dataset exists for this city)
TRIP001728,Rapido,Ahmedabad,2026-01-19,22:16:00,22:23:18,Monday,January,Off-Peak,1.8,7.3,4,Ahmedabad South,Ahmedabad South,Ahmedabad South,Ahmedabad South,23.0417,72.52618,23.0158,72.63329,72.55,0.0,0,72.55,UPI,Mini,4.2,Completed,Synthetic proxy (no real dataset exists for this city)
TRIP001729,Rapido,Ahmedabad,2026-01-18,15:16:00,15:25:18,Sunday,January,Off-Peak,1.67,9.3,1,Ahmedabad South,Ahmedabad Central,Ahmedabad South,Ahmedabad Central,23.02942,72.50743,22.93817,72.62408,73.99,0.0,0,73.99,Cash,Bike,4.2,Completed,Synthetic proxy (no real dataset exists for this city)
TRIP001730,Rapido,Ahmedabad,2026-02-27,01:43:00,01:48:12,Friday,February,Off-Peak,1.33,5.2,1,Ahmedabad West,Ahmedabad South,Ahmedabad West,Ahmedabad South,23.11468,72.62929,23.11994,72.56184,63.76,0.0,0,63.76,Cash,eBike,4.4,Completed,Synthetic proxy (no real dataset exists for this city)
TRIP001731,Uber,Ahmedabad,2026-01-22,08:55:00,09:06:30,Thursday,January,Peak,2.05,11.5,3,Ahmedabad South,Ahmedabad North,Ahmedabad South,Ahmedabad North,23.11854,72.57083,23.00055,72.63116,81.85,0.0,0,81.85,Cash,Auto,3.8,Completed,Synthetic proxy (no real dataset exists for this city)
TRIP001732,Rapido,Ahmedabad,2025-12-06,05:07:00,05:11:42,Saturday,December,Off-Peak,0.93,4.7,2,Ahmedabad East,Ahmedabad East,Ahmedabad East,Ahmedabad East,22.92079,72.50096,22.95812,72.57677,58.21,5.82,0,64.03,Wallet,eBike,3.5,Completed,Synthetic proxy (no real dataset exists for this city)
TRIP001733,Local Fleet,Ahmedabad,2026-02-16,18:22:00,18:24:30,Monday,February,Peak,0.5,2.5,1,Ahmedabad Central,Ahmedabad South,Ahmedabad Central,Ahmedabad South,23.00577,72.65154,22.92506,72.50831,49.75,0.0,0,49.75,Card,Bike,4.7,Incomplete,Synthetic proxy (no real dataset exists for this city)
TRIP001734,Ola,Ahmedabad,2026-02-12,13:04:00,13:39:06,Thursday,February,Off-Peak,6.25,35.1,1,Ahmedabad West,Ahmedabad North,Ahmedabad West,Ahmedabad North,23.10486,72.47049,23.08076,72.64097,167.65,0.0,0,167.65,Card,Mini,3.5,Completed,Synthetic proxy (no real dataset exists for this city)
TRIP001735,Rapido,Ahmedabad,2026-01-17,13:25:00,14:22:00,Saturday,January,Off-Peak,14.83,57.0,1,Ahmedabad East,Ahmedabad East,Ahmedabad East,Ahmedabad East,23.03103,72.57661,22.92598,72.53677,303.46,15.17,0,318.63,Cash,Mini,4.7,Completed,Synthetic proxy (no real dataset exists for this city)
TRIP001736,Uber,Ahmedabad,2026-01-05,17:15:00,17:17:30,Monday,January,Off-Peak,0.68,2.5,3,Ahmedabad South,Ahmedabad South,Ahmedabad South,Ahmedabad South,22.93676,72.50613,23.0194,72.47301,51.91,2.6,0,54.51,UPI,Mini,4.9,Completed,Synthetic proxy (no real dataset exists for this city)
TRIP001737,Uber,Ahmedabad,2026-02-19,23:04:00,23:20:36,Thursday,February,Off-Peak,4.33,16.6,2,Ahmedabad Central,Ahmedabad Central,Ahmedabad Central,Ahmedabad Central,22.97436,72.59424,23.07179,72.48895,116.86,0.0,0,116.86,Cash,eBike,4.8,Completed,Synthetic proxy (no real dataset exists for this city)
TRIP001738,Uber,Ahmedabad,2025-12-30,07:57:00,08:34:48,Tuesday,December,Off-Peak,10.16,37.8,2,Ahmedabad Central,Ahmedabad West,Ahmedabad Central,Ahmedabad West,23.08197,72.48556,22.92152,72.64296,218.62,0.0,0,218.62,Card,Mini,4.0,Completed,Synthetic proxy (no real dataset exists for this city)
TRIP001739,Rapido,Ahmedabad,2026-01-16,10:10:00,10:35:36,Friday,January,Off-Peak,7.18,25.6,1,Ahmedabad North,Ahmedabad South,Ahmedabad North,Ahmedabad South,23.05914,72.56598,23.03871,72.59974,164.56,0.0,0,164.56,Cash,Prime SUV,4.9,Completed,Synthetic proxy (no real dataset exists for this city)
TRIP001740,Rapido,Ahmedabad,2026-01-20,20:09:00,20:25:18,Tuesday,January,Off-Peak,2.86,16.3,1,Ahmedabad South,Ahmedabad East,Ahmedabad South,Ahmedabad East,23.06919,72.65249,23.03748,72.5934,98.77,0.0,0,98.77,UPI,Prime Sedan,3.9,Completed,Synthetic proxy (no real dataset exists for this city)
TRIP001741,Ola,Ahmedabad,2026-01-27,02:57:00,03:03:42,Tuesday,January,Off-Peak,1.3,6.7,2,Ahmedabad West,Ahmedabad East,Ahmedabad West,Ahmedabad East,23.11042,72.60141,23.01245,72.55892,65.65,0.0,60,125.65,Cash,Prime Sedan,4.6,Completed,Synthetic proxy (no real dataset exists for this city)
TRIP001742,Ola,Ahmedabad,2025-12-04,09:26:00,09:29:36,Thursday,December,Peak,0.93,3.6,2,Ahmedabad North,Ahmedabad East,Ahmedabad North,Ahmedabad East,22.95726,72.57223,23.07311,72.58281,56.56,2.83,0,59.39,Cash,Bike,3.6,Completed,Synthetic proxy (no real dataset exists for this city)
TRIP001743,Rapido,Ahmedabad,2026-01-26,21:07:00,21:13:48,Monday,January,Off-Peak,1.72,6.8,1,Ahmedabad East,Ahmedabad West,Ahmedabad East,Ahmedabad West,22.99674,72.48567,22.9727,72.64058,70.84,0.0,60,130.84,UPI,Auto,4.3,Completed,Synthetic proxy (no real dataset exists for this city)
TRIP001744,Rapido,Ahmedabad,2026-01-05,16:13:00,16:40:00,Monday,January,Off-Peak,6.25,27.0,1,Ahmedabad North,Ahmedabad West,Ahmedabad North,Ahmedabad West,23.05756,72.47248,23.00971,72.57049,155.5,0.0,40,195.5,UPI,Prime Sedan,4.7,Completed,Synthetic proxy (no real dataset exists for this city)
TRIP001745,Uber,Ahmedabad,2026-02-25,11:12:00,11:14:36,Wednesday,February,Off-Peak,0.5,2.6,3,Ahmedabad Central,Ahmedabad Central,Ahmedabad Central,Ahmedabad Central,23.03752,72.59922,23.02949,72.62583,49.9,0.0,40,89.9,UPI,eBike,4.2,Completed,Synthetic proxy (no real dataset exists for this city)
TRIP001746,Local Fleet,Ahmedabad,2025-12-08,17:23:00,17:44:18,Monday,December,Off-Peak,4.15,21.3,1,Ahmedabad South,Ahmedabad Central,Ahmedabad South,Ahmedabad Central,23.05894,72.61312,23.04443,72.52177,121.75,0.0,0,121.75,Wallet,Prime Sedan,3.8,Completed,Synthetic proxy (no real dataset exists for this city)
TRIP001747,Ola,Ahmedabad,2025-12-29,16:52:00,17:34:18,Monday,December,Off-Peak,7.12,42.3,2,Ahmedabad South,Ahmedabad Central,Ahmedabad South,Ahmedabad Central,22.9837,72.48541,23.02199,72.60384,188.89,0.0,0,188.89,Cash,Auto,4.5,Completed,Synthetic proxy (no real dataset exists for this city)
TRIP001748,Ola,Ahmedabad,2026-01-07,01:57:00,02:06:06,Wednesday,January,Off-Peak,2.08,9.1,1,Ahmedabad West,Ahmedabad West,Ahmedabad West,Ahmedabad West,23.04398,72.6312,22.98778,72.60445,78.61,0.0,0,78.61,Card,Mini,4.4,Completed,Synthetic proxy (no real dataset exists for this city)
TRIP001749,Uber,Ahmedabad,2026-02-18,15:07:00,15:21:00,Wednesday,February,Off-Peak,2.75,14.0,1,Ahmedabad South,Ahmedabad East,Ahmedabad South,Ahmedabad East,22.95517,72.4929,23.11803,72.5822,94.0,9.4,0,103.4,UPI,Bike,4.0,Completed,Synthetic proxy (no real dataset exists for this city)
TRIP001750,Ola,Ahmedabad,2026-01-29,09:49:00,09:53:18,Thursday,January,Peak,0.84,4.3,3,Ahmedabad North,Ahmedabad East,Ahmedabad North,Ahmedabad East,23.09798,72.58744,23.06931,72.61426,56.53,0.0,0,56.53,Card,Prime SUV,3.5,Completed,Synthetic proxy (no real dataset exists for this city)
TRIP001751,Ola,Ahmedabad,2025-12-31,18:42:00,18:45:54,Wednesday,December,Peak,1.09,3.9,1,Ahmedabad South,Ahmedabad Central,Ahmedabad South,Ahmedabad Central,22.98449,72.50518,22.99808,72.58193,58.93,0.0,0,58.93,UPI,Prime Sedan,4.5,Completed,Synthetic proxy (no real dataset exists for this city)
TRIP001752,Ola,Ahmedabad,2026-01-16,10:34:00,10:47:36,Friday,January,Off-Peak,2.6,13.6,1,Ahmedabad West,Ahmedabad South,Ahmedabad West,Ahmedabad South,23.02798,72.55179,23.06385,72.65548,91.6,0.0,0,91.6,Card,Auto,3.5,Completed,Synthetic proxy (no real dataset exists for this city)
TRIP001753,Local Fleet,Ahmedabad,2026-02-06,13:16:00,13:31:06,Friday,February,Off-Peak,4.51,15.1,2,Ahmedabad North,Ahmedabad West,Ahmedabad North,Ahmedabad West,23.09607,72.62291,23.04021,72.60971,116.77,0.0,0,116.77,UPI,eBike,3.7,Cancelled by Customer,Synthetic proxy (no real dataset exists for this city)
TRIP001754,Rapido,Ahmedabad,2025-12-15,14:24:00,15:07:54,Monday,December,Off-Peak,9.11,43.9,1,Ahmedabad East,Ahmedabad East,Ahmedabad East,Ahmedabad East,23.0252,72.58181,22.93318,72.52016,215.17,0.0,0,215.17,Cash,Auto,3.9,Completed,Synthetic proxy (no real dataset exists for this city)
TRIP001755,Rapido,Ahmedabad,2026-01-15,22:29:00,23:35:54,Thursday,January,Off-Peak,14.35,66.9,2,Ahmedabad North,Ahmedabad West,Ahmedabad North,Ahmedabad West,23.00923,72.57706,23.11296,72.63734,312.55,0.0,0,312.55,Card,Auto,3.5,Completed,Synthetic proxy (no real dataset exists for this city)
TRIP001756,Rapido,Ahmedabad,2026-02-07,11:35:00,12:01:06,Saturday,February,Off-Peak,4.37,26.1,1,Ahmedabad East,Ahmedabad West,Ahmedabad East,Ahmedabad West,23.10727,72.55757,22.97683,72.57181,131.59,0.0,0,131.59,Cash,eBike,4.3,Completed,Synthetic proxy (no real dataset exists for this city)
TRIP001757,Local Fleet,Ahmedabad,2025-12-06,21:55:00,22:03:42,Saturday,December,Off-Peak,2.51,8.7,4,Ahmedabad Central,Ahmedabad East,Ahmedabad Central,Ahmedabad East,22.92353,72.62757,23.03543,72.61975,83.17,0.0,0,83.17,Card,Prime Sedan,4.5,Cancelled by Driver,Synthetic proxy (no real dataset exists for this city)
TRIP001758,Uber,Ahmedabad,2026-01-26,00:48:00,00:50:12,Monday,January,Off-Peak,0.5,2.2,1,Ahmedabad North,Ahmedabad North,Ahmedabad North,Ahmedabad North,22.95411,72.58422,23.0813,72.58226,49.3,0.0,0,49.3,UPI,Prime SUV,4.0,Cancelled by Driver,Synthetic proxy (no real dataset exists for this city)
TRIP001759,Local Fleet,Ahmedabad,2026-01-10,02:09:00,02:16:12,Saturday,January,Off-Peak,1.33,7.2,4,Ahmedabad Central,Ahmedabad East,Ahmedabad Central,Ahmedabad East,23.04469,72.53666,22.98356,72.60674,66.76,0.0,0,66.76,UPI,Auto,4.0,Completed,Synthetic proxy (no real dataset exists for this city)
TRIP001760,Uber,Ahmedabad,2026-01-18,02:31:00,02:35:06,Sunday,January,Off-Peak,0.68,4.1,1,Ahmedabad South,Ahmedabad East,Ahmedabad South,Ahmedabad East,22.97721,72.6288,23.11125,72.66798,54.31,5.43,0,59.74,Cash,Mini,4.7,Cancelled by Driver,Synthetic proxy (no real dataset exists for this city)
TRIP001761,Ola,Ahmedabad,2025-12-01,20:14:00,20:32:00,Monday,December,Off-Peak,4.35,18.0,3,Ahmedabad East,Ahmedabad East,Ahmedabad East,Ahmedabad East,23.03498,72.64447,22.97784,72.5913,119.2,0.0,0,119.2,Cash,Prime SUV,3.6,Cancelled by Customer,Synthetic proxy (no real dataset exists for this city)
TRIP001762,Rapido,Ahmedabad,2025-12-10,19:52:00,20:24:36,Wednesday,December,Peak,6.56,32.6,1,Ahmedabad West,Ahmedabad West,Ahmedabad West,Ahmedabad West,23.03503,72.63908,23.08639,72.47241,167.62,0.0,0,167.62,UPI,Bike,4.9,Completed,Synthetic proxy (no real dataset exists for this city)
TRIP001763,Uber,Ahmedabad,2026-01-21,12:39:00,12:54:12,Wednesday,January,Off-Peak,2.68,15.2,2,Ahmedabad West,Ahmedabad Central,Ahmedabad West,Ahmedabad Central,22.98966,72.55722,23.07833,72.48401,94.96,9.5,0,104.46,UPI,Auto,3.8,Completed,Synthetic proxy (no real dataset exists for this city)
TRIP001764,Rapido,Ahmedabad,2026-02-10,02:24:00,02:38:00,Tuesday,February,Off-Peak,4.54,14.0,3,Ahmedabad East,Ahmedabad East,Ahmedabad East,Ahmedabad East,23.02774,72.62276,22.96878,72.49013,115.48,0.0,0,115.48,Card,Prime SUV,3.6,Cancelled by Customer,Synthetic proxy (no real dataset exists for this city)
TRIP001765,Rapido,Ahmedabad,2026-02-27,05:38:00,05:40:54,Friday,February,Off-Peak,0.5,2.9,1,Ahmedabad North,Ahmedabad South,Ahmedabad North,Ahmedabad South,23.07775,72.48309,22.99848,72.66391,50.35,0.0,0,50.35,UPI,eBike,4.5,Completed,Synthetic proxy (no real dataset exists for this city)
TRIP001766,Ola,Ahmedabad,2025-12-02,11:21:00,11:31:24,Tuesday,December,Off-Peak,2.98,10.4,2,Ahmedabad East,Ahmedabad Central,Ahmedabad East,Ahmedabad Central,23.0853,72.53221,23.07323,72.48115,91.36,0.0,0,91.36,UPI,eBike,3.9,Completed,Synthetic proxy (no real dataset exists for this city)
TRIP001767,Local Fleet,Ahmedabad,2026-02-14,09:54:00,10:12:00,Saturday,February,Peak,4.02,18.0,2,Ahmedabad East,Ahmedabad East,Ahmedabad East,Ahmedabad East,23.00954,72.54901,22.92548,72.59435,115.24,0.0,0,115.24,Card,Mini,4.3,Completed,Synthetic proxy (no real dataset exists for this city)
TRIP001768,Uber,Ahmedabad,2026-02-11,07:13:00,07:35:30,Wednesday,February,Off-Peak,4.06,22.5,3,Ahmedabad South,Ahmedabad West,Ahmedabad South,Ahmedabad West,23.04423,72.65388,22.95174,72.50405,122.47,0.0,40,162.47,UPI,eBike,3.6,Completed,Synthetic proxy (no real dataset exists for this city)
TRIP001769,Ola,Ahmedabad,2026-02-11,02:01:00,02:25:24,Wednesday,February,Off-Peak,4.29,24.4,1,Ahmedabad North,Ahmedabad North,Ahmedabad North,Ahmedabad North,23.08668,72.50182,23.07368,72.58333,128.08,0.0,0,128.08,Card,Bike,4.2,Completed,Synthetic proxy (no real dataset exists for this city)
TRIP001770,Ola,Ahmedabad,2026-01-28,10:54:00,12:17:42,Wednesday,January,Off-Peak,17.3,83.7,4,Ahmedabad South,Ahmedabad East,Ahmedabad South,Ahmedabad East,22.96594,72.65156,22.96142,72.58303,373.15,0.0,0,373.15,UPI,eBike,4.8,Completed,Synthetic proxy (no real dataset exists for this city)
TRIP001771,Ola,Ahmedabad,2026-01-24,14:01:00,14:38:00,Saturday,January,Off-Peak,7.02,37.0,1,Ahmedabad North,Ahmedabad Central,Ahmedabad North,Ahmedabad Central,22.92407,72.53152,23.0655,72.4819,179.74,8.99,0,188.73,Card,eBike,4.7,Completed,Synthetic proxy (no real dataset exists for this city)
TRIP001772,Ola,Ahmedabad,2025-12-19,21:36:00,21:45:18,Friday,December,Off-Peak,2.39,9.3,1,Ahmedabad South,Ahmedabad North,Ahmedabad South,Ahmedabad North,22.93792,72.49279,23.11761,72.55113,82.63,0.0,0,82.63,Cash,eBike,4.7,Completed,Synthetic proxy (no real dataset exists for this city)
TRIP001773,Uber,Ahmedabad,2025-12-14,19:27:00,19:58:54,Sunday,December,Peak,5.78,31.9,3,Ahmedabad East,Ahmedabad South,Ahmedabad East,Ahmedabad South,23.10291,72.64264,22.98468,72.53559,157.21,0.0,0,157.21,Card,Bike,4.4,Completed,Synthetic proxy (no real dataset exists for this city)
TRIP001774,Ola,Ahmedabad,2026-01-21,00:55:00,01:23:06,Wednesday,January,Off-Peak,6.06,28.1,1,Ahmedabad East,Ahmedabad North,Ahmedabad East,Ahmedabad North,23.03293,72.51943,23.0018,72.62604,154.87,0.0,0,154.87,UPI,Prime Sedan,4.0,Completed,Synthetic proxy (no real dataset exists for this city)
TRIP001775,Rapido,Ahmedabad,2026-02-18,16:28:00,17:45:18,Wednesday,February,Off-Peak,14.06,77.3,1,Ahmedabad West,Ahmedabad Central,Ahmedabad West,Ahmedabad Central,22.94004,72.54176,23.01671,72.62482,324.67,0.0,0,324.67,Card,eBike,4.0,Completed,Synthetic proxy (no real dataset exists for this city)
TRIP001776,Ola,Ahmedabad,2026-01-17,03:47:00,04:07:06,Saturday,January,Off-Peak,4.06,20.1,1,Ahmedabad Central,Ahmedabad Central,Ahmedabad Central,Ahmedabad Central,23.08656,72.6294,23.00162,72.53966,118.87,0.0,0,118.87,UPI,Auto,4.5,Completed,Synthetic proxy (no real dataset exists for this city)
TRIP001777,Ola,Ahmedabad,2026-01-06,12:46:00,14:30:42,Tuesday,January,Off-Peak,23.52,104.7,2,Ahmedabad Central,Ahmedabad South,Ahmedabad Central,Ahmedabad South,23.0065,72.64629,23.0129,72.53767,479.29,47.93,0,527.22,Wallet,Prime Sedan,3.8,Completed,Synthetic proxy (no real dataset exists for this city)
TRIP001778,Rapido,Ahmedabad,2026-01-14,13:03:00,13:59:00,Wednesday,January,Off-Peak,10.74,56.0,2,Ahmedabad East,Ahmedabad Central,Ahmedabad East,Ahmedabad Central,23.07215,72.50564,23.01903,72.47551,252.88,25.29,0,278.17,UPI,Prime Sedan,4.9,Incomplete,Synthetic proxy (no real dataset exists for this city)
TRIP001779,Uber,Ahmedabad,2026-02-15,05:19:00,05:21:42,Sunday,February,Off-Peak,0.5,2.7,1,Ahmedabad West,Ahmedabad East,Ahmedabad West,Ahmedabad East,23.0688,72.65657,23.00809,72.48308,50.05,0.0,0,50.05,Cash,Auto,4.0,Cancelled by Driver,Synthetic proxy (no real dataset exists for this city)
TRIP001780,Rapido,Ahmedabad,2025-12-29,01:49:00,01:53:48,Monday,December,Off-Peak,1.55,4.8,1,Ahmedabad South,Ahmedabad North,Ahmedabad South,Ahmedabad North,22.9361,72.57799,23.05961,72.65219,65.8,0.0,0,65.8,Cash,Prime Sedan,3.9,Cancelled by Customer,Synthetic proxy (no real dataset exists for this city)
TRIP001781,Rapido,Ahmedabad,2026-01-04,01:56:00,01:58:06,Sunday,January,Off-Peak,0.5,2.1,1,Ahmedabad North,Ahmedabad North,Ahmedabad North,Ahmedabad North,23.04697,72.60277,22.9381,72.55543,49.15,0.0,40,89.15,UPI,Bike,3.7,Completed,Synthetic proxy (no real dataset exists for this city)
TRIP001782,Rapido,Ahmedabad,2025-12-11,02:23:00,02:48:18,Thursday,December,Off-Peak,6.63,25.3,3,Ahmedabad Central,Ahmedabad South,Ahmedabad Central,Ahmedabad South,23.06506,72.60001,23.09067,72.50686,157.51,0.0,0,157.51,Cash,eBike,4.2,Cancelled by Driver,Synthetic proxy (no real dataset exists for this city)
TRIP001783,Ola,Ahmedabad,2026-02-17,13:46:00,14:29:12,Tuesday,February,Off-Peak,8.77,43.2,1,Ahmedabad East,Ahmedabad West,Ahmedabad East,Ahmedabad West,23.00431,72.4818,23.10339,72.65802,210.04,10.5,0,220.54,UPI,Prime SUV,3.7,Cancelled by Customer,Synthetic proxy (no real dataset exists for this city)
TRIP001784,Rapido,Ahmedabad,2026-02-08,04:03:00,04:05:36,Sunday,February,Off-Peak,0.5,2.6,1,Ahmedabad East,Ahmedabad South,Ahmedabad East,Ahmedabad South,22.95633,72.61391,23.08964,72.61352,49.9,0.0,0,49.9,UPI,Prime SUV,4.3,Completed,Synthetic proxy (no real dataset exists for this city)
TRIP001785,Local Fleet,Ahmedabad,2025-12-09,03:18:00,03:20:54,Tuesday,December,Off-Peak,0.5,2.9,4,Ahmedabad Central,Ahmedabad East,Ahmedabad Central,Ahmedabad East,23.05124,72.65243,23.07573,72.58603,50.35,0.0,0,50.35,UPI,Mini,4.4,Completed,Synthetic proxy (no real dataset exists for this city)
TRIP001786,Rapido,Ahmedabad,2025-12-02,21:02:00,21:24:00,Tuesday,December,Off-Peak,6.02,22.0,1,Ahmedabad West,Ahmedabad North,Ahmedabad West,Ahmedabad North,22.94337,72.60136,22.9492,72.48352,145.24,0.0,60,205.24,UPI,eBike,4.8,Completed,Synthetic proxy (no real dataset exists for this city)
TRIP001787,Ola,Ahmedabad,2025-12-26,19:36:00,19:48:30,Friday,December,Peak,2.83,12.5,2,Ahmedabad East,Ahmedabad South,Ahmedabad East,Ahmedabad South,23.07462,72.63621,22.98905,72.51134,92.71,0.0,0,92.71,Wallet,eBike,4.7,Incomplete,Synthetic proxy (no real dataset exists for this city)
TRIP001788,Local Fleet,Ahmedabad,2026-01-16,00:57:00,00:58:42,Friday,January,Off-Peak,0.5,1.7,2,Ahmedabad North,Ahmedabad North,Ahmedabad North,Ahmedabad North,23.05958,72.65089,22.96921,72.49894,48.55,0.0,0,48.55,UPI,Prime SUV,5.0,Completed,Synthetic proxy (no real dataset exists for this city)
TRIP001789,Ola,Ahmedabad,2026-02-03,04:41:00,04:47:24,Tuesday,February,Off-Peak,1.56,6.4,1,Ahmedabad East,Ahmedabad East,Ahmedabad East,Ahmedabad East,22.97496,72.58606,23.06634,72.60971,68.32,0.0,0,68.32,Cash,eBike,4.6,Completed,Synthetic proxy (no real dataset exists for this city)
TRIP001790,Local Fleet,Ahmedabad,2026-01-09,05:22:00,05:55:24,Friday,January,Off-Peak,6.48,33.4,1,Ahmedabad South,Ahmedabad West,Ahmedabad South,Ahmedabad West,23.07119,72.49288,23.05675,72.61471,167.86,0.0,0,167.86,Cash,Prime SUV,4.7,Completed,Synthetic proxy (no real dataset exists for this city)
TRIP001791,Uber,Ahmedabad,2026-01-28,23:26:00,23:42:18,Wednesday,January,Off-Peak,2.85,16.3,1,Ahmedabad South,Ahmedabad South,Ahmedabad South,Ahmedabad South,22.94595,72.60724,23.00491,72.63742,98.65,0.0,0,98.65,Card,eBike,4.0,Completed,Synthetic proxy (no real dataset exists for this city)
TRIP001792,Uber,Ahmedabad,2026-01-12,02:23:00,02:51:12,Monday,January,Off-Peak,5.94,28.2,1,Ahmedabad South,Ahmedabad South,Ahmedabad South,Ahmedabad South,23.01595,72.54455,23.09345,72.61096,153.58,0.0,0,153.58,UPI,Prime Sedan,4.4,Cancelled by Customer,Synthetic proxy (no real dataset exists for this city)
TRIP001793,Rapido,Ahmedabad,2026-01-14,20:35:00,21:08:36,Wednesday,January,Off-Peak,6.83,33.6,1,Ahmedabad South,Ahmedabad North,Ahmedabad South,Ahmedabad North,22.93523,72.64322,23.08536,72.57465,172.36,8.62,0,180.98,Cash,Prime Sedan,4.2,Completed,Synthetic proxy (no real dataset exists for this city)
TRIP001794,Local Fleet,Ahmedabad,2025-12-25,23:47:00,00:02:48,Thursday,December,Off-Peak,3.93,15.8,4,Ahmedabad East,Ahmedabad West,Ahmedabad East,Ahmedabad West,22.99974,72.60602,22.97763,72.61321,110.86,0.0,0,110.86,Card,Bike,4.4,Completed,Synthetic proxy (no real dataset exists for this city)
TRIP001795,Local Fleet,Ahmedabad,2026-02-06,08:03:00,08:12:00,Friday,February,Peak,1.99,9.0,4,Ahmedabad South,Ahmedabad East,Ahmedabad South,Ahmedabad East,22.99968,72.59937,22.95858,72.57042,77.38,0.0,0,77.38,Card,Auto,4.8,Completed,Synthetic proxy (no real dataset exists for this city)
TRIP001796,Rapido,Ahmedabad,2026-01-01,21:58:00,22:39:06,Thursday,January,Off-Peak,7.0,41.1,4,Ahmedabad North,Ahmedabad North,Ahmedabad North,Ahmedabad North,23.08155,72.66022,22.99362,72.56958,185.65,9.28,0,194.93,UPI,Prime Sedan,4.0,Completed,Synthetic proxy (no real dataset exists for this city)
TRIP001797,Uber,Ahmedabad,2025-12-06,13:44:00,13:53:00,Saturday,December,Off-Peak,2.83,9.0,4,Ahmedabad Central,Ahmedabad North,Ahmedabad Central,Ahmedabad North,23.02004,72.58073,23.01255,72.5589,87.46,0.0,0,87.46,UPI,Bike,5.0,Completed,Synthetic proxy (no real dataset exists for this city)
TRIP001798,Ola,Ahmedabad,2026-01-14,10:54:00,11:20:24,Wednesday,January,Off-Peak,6.21,26.4,1,Ahmedabad North,Ahmedabad Central,Ahmedabad North,Ahmedabad Central,23.02867,72.65367,23.06799,72.48443,154.12,0.0,40,194.12,Card,Prime Sedan,4.7,Completed,Synthetic proxy (no real dataset exists for this city)
TRIP001799,Rapido,Ahmedabad,2026-02-10,21:41:00,22:41:30,Tuesday,February,Off-Peak,11.14,60.5,1,Ahmedabad Central,Ahmedabad South,Ahmedabad Central,Ahmedabad South,23.08188,72.56828,23.10846,72.64945,264.43,26.44,0,290.87,Card,Bike,4.2,Completed,Synthetic proxy (no real dataset exists for this city)
TRIP001800,Uber,Ahmedabad,2026-02-01,13:19:00,13:29:00,Sunday,February,Off-Peak,2.75,10.0,1,Ahmedabad East,Ahmedabad West,Ahmedabad East,Ahmedabad West,23.10001,72.47689,22.99176,72.63697,88.0,0.0,0,88.0,UPI,Bike,3.5,Completed,Synthetic proxy (no real dataset exists for this city)
